rank,total_score,source,listing_id,url,state,county,acres,price_usd,price_per_acre,lat,lon,elevation_m,water_score,water_distance_m,power_score,power_distance_m,tower_score,tower_distance_m,road_access_score,state_score,acreage_score,price_score,water_crit_score,road_crit_score,title,listed_on
1,0.8095,landwatch,426522635,https://www.landwatch.com/floyd-county-georgia-homes-for-sale/pid/426522635,GA,Floyd,600.0,29999.0,50.0,34.2806496,-85.2199581,200.9,0.5816587462820273,1371.4,0.1329024813086346,286.1,0.7655545380901215,2390.4,,1.0,0.9556,0.9917,0.5,,"Rome, GA, 30165, Floyd County",
2,0.7951,landwatch,426654288,https://www.landwatch.com/escambia-county-florida-homes-for-sale/pid/426654288,FL,Escambia,568.0,282400.0,497.18,30.4843657,-87.1969481,30.1,0.0,,0.6025087684184357,943.5,0.08666323069917846,625.3,,1.0,0.9876,0.9171,0.5,,"Pensacola, FL, 32504, Escambia County",
3,0.7815,landwatch,425418494,https://www.landwatch.com/walker-county-alabama-undeveloped-land-for-sale/pid/425418494,AL,Walker,1070.0,16050.0,15.0,33.8166513,-87.4772828,150.1,0.7883145673234909,792.7,1.0,54449.6,0.661843129043974,2120.8,,1.0,0.8171,0.9975,0.5,,"Townley, AL, 35587, Walker County",
4,0.7782,landwatch,426560234,https://www.landwatch.com/rockdale-county-georgia-homes-for-sale/pid/426560234,GA,Rockdale,550.0,389000.0,707.27,33.6278027,-83.9874389,241.6,1.0,124.7,1.0,2079.4,0.4753149659381011,1635.8,,1.0,0.9556,0.8821,0.5,,"Conyers, GA, 30013, Rockdale County",
5,0.7759,landwatch,422789159,https://www.landwatch.com/klamath-county-oregon-undeveloped-land-for-sale/pid/422789159,OR,Klamath,641.0,275000.0,429.02,42.3973681,-121.0417619,1327.5,0.0,,0.21893649575076535,406.5,1.0,,,1.0,0.8827,0.9285,0.5,,"Bly, OR, 97622, Klamath County",
6,0.7712,landwatch,425995734,https://www.landwatch.com/levy-county-florida-farms-and-ranches-for-sale/pid/425995734,FL,Levy,1248.0,189900.0,152.16,29.3855187,-82.4819181,24.9,0.0,,1.0,1603.0,0.92114440626566,2795.0,,1.0,0.7996,0.9746,0.5,,"Williston, FL, 32696, Levy County",
7,0.7707,landwatch,424856240,https://www.landwatch.com/malheur-county-oregon-recreational-property-for-sale/pid/424856240,OR,Malheur,479.0,142500.0,297.49,44.2902874,-121.5482044,970.9,0.0,,1.0,1858.8,1.0,,,1.0,0.8293,0.9504,0.5,,"Jordan Valley, OR, 97910, Malheur County",
8,0.7671,landwatch,425765916,https://www.landwatch.com/lake-county-indiana-homes-for-sale/pid/425765916,IN,Lake,5004.0,75000.0,14.99,41.6367932,-87.4603373,179.5,0.16503207343124915,2537.9,0.16561062254052478,331.9,0.08719155936047959,626.7,,1.0,0.75,0.9975,0.5,,"East Chicago, IN, 46312, Lake County",
9,0.7671,landwatch,426663518,https://www.landwatch.com/ward-county-north-dakota-homes-for-sale/pid/426663518,ND,Ward,17010.0,262500.0,15.43,48.2119583,-101.2955285,532.0,0.0,,1.0,1704.9,0.22319983568216895,980.3,,1.0,0.75,0.9974,0.5,,"Minot, ND, 58701, Ward County",
10,0.7666,landwatch,426545162,https://www.landwatch.com/ward-county-north-dakota-homes-for-sale/pid/426545162,ND,Ward,6250.0,169900.0,27.18,48.2119583,-101.2955285,532.0,0.0,,1.0,1704.9,0.22319983568216895,980.3,,1.0,0.75,0.9955,0.5,,"Minot, ND, 58701, Ward County",
11,0.7664,landwatch,426545313,https://www.landwatch.com/allegan-county-michigan-lakefront-property-for-sale/pid/426545313,MI,Allegan,15682.0,495000.0,31.56,42.6621636,-86.1915913,187.9,0.9479945762337901,345.6,1.0,6938.0,0.11421453477242302,697.0,,1.0,0.75,0.9947,0.5,,"Saugatuck, MI, 49453, Allegan County",
12,0.7661,landwatch,426645026,https://www.landwatch.com/ward-county-north-dakota-homes-for-sale/pid/426645026,ND,Ward,14375.0,539000.0,37.5,48.25208,-101.124964,489.9,0.0,,0.8843687174199492,1338.1,1.0,,,1.0,0.75,0.9938,0.5,,"Surrey, ND, 58785, Ward County",
13,0.766,landwatch,426212529,https://www.landwatch.com/coahoma-county-mississippi-recreational-property-for-sale/pid/426212529,MS,Coahoma,8000.0,315000.0,39.38,34.1157544,-90.7278134,48.2,0.4923467100837017,1621.4,1.0,,0.938446310337327,2840.0,,1.0,0.75,0.9934,0.5,,"Rena Lara, MS, 38720, Coahoma County",
14,0.7658,landwatch,426508289,https://www.landwatch.com/holmes-county-mississippi-recreational-property-for-sale/pid/426508289,MS,Holmes,3936.0,167000.0,42.43,33.2005292,-89.8190361,100.7,0.7715562716205618,839.6,1.0,11808.4,0.0,337.8,,1.0,0.75,0.9929,0.5,,"West, MS, 39192, Holmes County",
15,0.7654,landwatch,426120912,https://www.landwatch.com/broward-county-florida-homes-for-sale/pid/426120912,FL,Broward,23895.0,1249000.0,52.27,26.1128569,-80.3827473,1.7,0.0,,0.1896488865477757,365.5,0.2913314560472885,1157.5,,1.0,0.75,0.9913,0.5,,"Weston, FL, 33326, Broward County",
16,0.7653,landwatch,423201901,https://www.landwatch.com/bolivar-county-mississippi-recreational-property-for-sale/pid/423201901,MS,Bolivar,7700.0,415000.0,53.9,33.5727836,-91.0720118,41.5,0.4223192858151438,1817.5,1.0,,1.0,,,1.0,0.75,0.991,0.5,,"Scott, MS, 38772, Bolivar County",
17,0.7652,landwatch,426695256,https://www.landwatch.com/linn-county-iowa-homes-for-sale/pid/426695256,IA,Linn,3268.0,185000.0,56.61,42.0175448,-91.6524539,245.8,0.6960413274864454,1051.1,0.702415823221636,1083.4,0.28051386878638934,1129.3,,1.0,0.75,0.9906,0.5,,"Cedar Rapids, IA, 52402, Linn County",
18,0.765,landandfarm,38304539,https://www.landandfarm.com/property/merigold-hunting-club-equity-share-38304539/,MS,Bolivar,13000.0,775000.0,59.62,33.7714786,-90.9408223,43.2,0.0,,1.0,,1.0,,,1.0,0.75,0.9901,0.5,,"Beulah, MS, 38726",
19,0.7643,landwatch,426545824,https://www.landwatch.com/suffolk-county-new-york-homes-for-sale/pid/426545824,NY,Suffolk,7405.0,549999.0,74.27,40.7920838,-72.8718355,14.3,0.7124283404531385,1005.2,1.0,,0.18189128523688392,872.9,,1.0,0.75,0.9876,0.5,,"Shirley, NY, 11967, Suffolk County",
20,0.7642,landwatch,423684305,https://www.landwatch.com/chicot-county-arkansas-recreational-property-for-sale/pid/423684305,AR,Chicot,8200.0,629000.0,76.71,33.1147648,-91.2669088,37.5,0.36153514304737056,1987.7,1.0,,0.18407486529415104,878.6,,1.0,0.75,0.9872,0.5,,"Eudora, AR, 71640, Chicot County",
21,0.764,landwatch,426663519,https://www.landwatch.com/ward-county-north-dakota-homes-for-sale/pid/426663519,ND,Ward,7692.0,625000.0,81.25,48.2119583,-101.2955285,532.0,0.0,,1.0,1704.9,0.22319983568216895,980.3,,1.0,0.75,0.9865,0.5,,"Minot, ND, 58701, Ward County",
22,0.7638,landwatch,425690405,https://www.landwatch.com/bolivar-county-mississippi-recreational-property-for-sale/pid/425690405,MS,Bolivar,4263.0,365000.0,85.62,33.9446167,-90.9375679,45.5,0.0,,1.0,,0.05,421.7,,1.0,0.75,0.9857,0.5,,"Gunnison, MS, 38746, Bolivar County",
23,0.7632,landwatch,426408504,https://www.landwatch.com/broward-county-florida-lakefront-property-for-sale/pid/426408504,FL,Broward,8372.0,825000.0,98.54,26.1128569,-80.3827473,1.7,0.0,,0.1896488865477757,365.5,0.2913314560472885,1157.5,,1.0,0.75,0.9836,0.5,,"Weston, FL, 33326, Broward County",
24,0.7629,landwatch,424525852,https://www.landwatch.com/jefferson-county-mississippi-recreational-property-for-sale/pid/424525852,MS,Jefferson,3100.0,325000.0,104.84,31.8705012,-91.0561757,90.5,0.5820934523763821,1370.1,1.0,1757.8,1.0,,,1.0,0.75,0.9825,0.5,,"Lorman, MS, 39096, Jefferson County",
25,0.7627,landwatch,425782263,https://www.landwatch.com/desha-county-arkansas-recreational-property-for-sale/pid/425782263,AR,Desha,3132.0,339000.0,108.24,33.8800122,-91.2556697,44.5,0.8474243987407146,627.2,1.0,,1.0,,,1.0,0.75,0.982,0.5,,"Watson, AR, 71674, Desha County",
26,0.7624,landwatch,424954214,https://www.landwatch.com/coahoma-county-mississippi-recreational-property-for-sale/pid/424954214,MS,Coahoma,7000.0,795000.0,113.57,34.202283,-90.5795198,52.4,0.7031663779382991,1031.1,0.5698646706032355,897.8,0.16062652772268493,817.6,,1.0,0.75,0.9811,0.5,,"Clarksdale, MS, 38614, Coahoma County",
27,0.7624,landwatch,413829403,https://www.landwatch.com/okanogan-county-washington-farms-and-ranches-for-sale/pid/413829403,WA,Okanogan,570.0,683440.0,1199.02,48.523776,-119.410796,879.4,0.0,,1.0,,1.0,,,1.0,0.9911,0.8002,0.5,,"Riverside, WA, 98849, Okanogan County",
28,0.7622,landsearch,5119209,https://www.landsearch.com/properties/county-road-86-hemingford-ne-69348/5119209,NE,Box Butte,593.0,652600.0,1100.51,42.32183,-103.1048383,1312.0,0.0,,1.0,,0.3508374573441046,1312.2,,1.0,0.968,0.8166,0.5,,"Hemingford, NE 69348",
29,0.7621,landwatch,426484409,https://www.landwatch.com/cook-county-illinois-homes-for-sale/pid/426484409,IL,Cook,7500.0,900000.0,120.0,41.8716342,-87.7847092,183.1,0.0,,1.0,,0.2329355966771572,1005.6,,1.0,0.75,0.98,0.5,,"Oak Park, IL, 60304, Cook County",
30,0.762,landwatch,425116141,https://www.landwatch.com/east-carroll-parish-louisiana-recreational-property-for-sale/pid/425116141,LA,,6400.0,785000.0,122.66,32.6776605,-91.1821083,30.6,0.9084021520139719,456.5,1.0,18917.1,0.9586346600773791,2892.5,,1.0,0.75,0.9796,0.5,,"Transylvania, LA, 71286",
31,0.7618,landwatch,425453299,https://www.landwatch.com/carteret-county-north-carolina-recreational-property-for-sale/pid/425453299,NC,Carteret,7472.0,950000.0,127.14,34.8409271,-76.418437,0.5,1.0,166.2,1.0,,0.4711070946408323,1624.9,,1.0,0.75,0.9788,0.5,,"Stacy, NC, 28581, Carteret County",
32,0.7616,landwatch,418460076,https://www.landwatch.com/klamath-county-oregon-farms-and-ranches-for-sale/pid/418460076,OR,Klamath,571.0,699000.0,1224.17,42.452312,-121.474104,1313.5,0.0,,0.08774493708792962,222.8,1.0,,,1.0,0.9929,0.796,0.5,,"Sprague River, OR, 97639, Klamath County",
33,0.7615,landwatch,425266342,https://www.landwatch.com/suffolk-county-new-york-homes-for-sale/pid/425266342,NY,Suffolk,6147.0,815000.0,132.59,40.6882229,-73.3737754,7.1,0.502636620797312,1592.6,0.05,132.1,0.33960483460255625,1283.0,,1.0,0.75,0.9779,0.5,,"Lindenhurst, NY, 11757, Suffolk County",
34,0.7615,landwatch,426545853,https://www.landwatch.com/nassau-county-new-york-homes-for-sale/pid/426545853,NY,Nassau,11265.0,1499000.0,133.07,40.8461152,-73.6434657,52.8,0.42683186224663283,1804.9,0.7729112303322649,1182.1,1.0,,,1.0,0.75,0.9778,0.5,,"Sea Cliff, NY, 11579, Nassau County",
35,0.7612,landandfarm,38966376,https://www.landandfarm.com/property/farms-oneida-ky-38966376/,KY,Clay,1185.0,775000.0,654.01,37.2452249,-83.6322398,240.5,0.4047958244060563,1866.6,0.45321040582999605,734.5,1.0,,,1.0,0.8645,0.891,0.5,,"Oneida, KY, 40972",
36,0.7612,landwatch,426582638,https://www.landwatch.com/hall-county-georgia-homes-for-sale/pid/426582638,GA,Hall,1100.0,639900.0,581.73,34.1736091,-83.9003396,335.1,0.5748528615171167,1390.4,1.0,4851.9,0.38603927929077336,1403.7,,1.0,0.848,0.903,0.5,,"Flowery Branch, GA, 30542, Hall County",
37,0.761,landwatch,425597599,https://www.landwatch.com/harney-county-oregon-recreational-property-for-sale/pid/425597599,OR,Harney,640.0,480000.0,750.0,43.5742147,-119.5667566,1301.2,0.0,,0.5334799950838169,846.9,1.0,,,1.0,0.8844,0.875,0.5,,"Riley, OR, 97758, Harney County",
38,0.7601,landwatch,426270152,https://www.landwatch.com/desha-county-arkansas-recreational-property-for-sale/pid/426270152,AR,Desha,3132.0,510000.0,162.84,33.8800122,-91.2556697,44.5,0.8474243987407146,627.2,1.0,,1.0,,,1.0,0.75,0.9729,0.5,,"Watson, AR, 71674, Desha County",
39,0.7599,landwatch,422061877,https://www.landwatch.com/shelby-county-tennessee-recreational-property-for-sale/pid/422061877,TN,Shelby,650.0,450000.0,692.31,35.3314422,-89.9029498,78.5,0.8137831706702497,721.4,0.10043556763312929,240.6,0.0,319.9,,1.0,0.8667,0.8846,0.5,,"Millington, TN, 38053, Shelby County",
40,0.7598,landwatch,423296139,https://www.landwatch.com/baker-county-oregon-recreational-property-for-sale/pid/423296139,OR,Baker,640.0,495000.0,773.44,44.4545181,-118.1907634,1204.7,0.0,,0.17203506823273224,340.8,1.0,,,1.0,0.8844,0.8711,0.5,,"Unity, OR, 97884, Baker County",
41,0.7596,landwatch,423684309,https://www.landwatch.com/phillips-county-arkansas-recreational-property-for-sale/pid/423684309,AR,Phillips,5000.0,865000.0,173.0,34.2023439,-90.9662029,47.6,0.9180624441469467,429.4,0.1628051429539283,327.9,1.0,,,1.0,0.75,0.9712,0.5,,"Mellwood, AR, 72367, Phillips County",
42,0.7596,landwatch,426437302,https://www.landwatch.com/greenup-county-kentucky-farms-and-ranches-for-sale/pid/426437302,KY,Greenup,3625.0,629000.0,173.52,38.4402249,-82.6916805,231.7,0.8278027180633806,682.2,0.5478050671423961,866.9,0.0,340.0,,1.0,0.75,0.9711,0.5,,"Ashland, KY, 41102, Greenup County",
43,0.7595,landwatch,423673320,https://www.landwatch.com/kimball-county-nebraska-farms-and-ranches-for-sale/pid/423673320,NE,Kimball,632.0,533800.0,844.62,41.2139925,-103.894094,1538.0,0.6136054731064038,1281.9,1.0,34167.1,0.0,0.0,,1.0,0.8987,0.8592,0.5,,"Bushnell, NE, 69128, Kimball County",
44,0.759,landwatch,425995732,https://www.landwatch.com/rogers-county-oklahoma-farms-and-ranches-for-sale/pid/425995732,OK,Rogers,3406.0,630000.0,184.97,36.2813901,-95.6244198,180.6,0.5267876223763623,1525.0,1.0,1961.6,0.05,484.1,,1.0,0.75,0.9692,0.5,,"Claremore, OK, 74019, Rogers County",
45,0.7572,landandfarm,38314188,https://www.landandfarm.com/property/magna-vista-3-38314188/,MS,Issaquena,5560.0,1250000.0,224.82,32.9095685,-90.8795278,32.3,0.9336105090398299,385.9,1.0,19542.8,0.05863531381761526,552.5,,1.0,0.75,0.9625,0.5,,"Fitler, MS, 39159",
46,0.7572,landwatch,425588963,https://www.landwatch.com/nassau-county-new-york-homes-for-sale/pid/425588963,NY,Nassau,6000.0,1349000.0,224.83,40.6997396,-73.7048544,18.9,0.2815012466293022,2211.8,0.7726668413476266,1181.7,0.24764837767544656,1043.9,,1.0,0.75,0.9625,0.5,,"Elmont, NY, 11003, Nassau County",
47,0.7562,landwatch,425973827,https://www.landwatch.com/cimarron-county-oklahoma-farms-and-ranches-for-sale/pid/425973827,OK,Cimarron,1155.0,1039320.0,899.84,36.7333583,-102.5068133,1266.8,0.7536217058671107,889.9,0.42848367242616,699.9,0.057802878237933224,550.3,,1.0,0.8954,0.85,0.5,,"Boise City, OK, 73933, Cimarron County",
48,0.7558,landwatch,415952461,https://www.landwatch.com/jackson-county-oregon-timberland-property-for-sale/pid/415952461,OR,Jackson,640.0,549000.0,857.81,42.4352564,-123.1669141,311.1,0.0,,0.3880649225508703,643.3,1.0,,,1.0,0.8844,0.857,0.5,,"Rogue River, OR, 97537, Jackson County",
49,0.7556,landwatch,426508938,https://www.landwatch.com/nassau-county-new-york-homes-for-sale/pid/426508938,NY,Nassau,10000.0,2575000.0,257.5,40.7591955,-73.6447554,34.7,0.0,,1.0,1954.9,0.7282605339355028,2293.5,,1.0,0.75,0.9571,0.5,,"East Williston, NY, 11596, Nassau County",
50,0.7552,landwatch,426534096,https://www.landwatch.com/queens-county-new-york-homes-for-sale/pid/426534096,NY,Queens,5000.0,1328000.0,265.6,40.7468802,-73.7593039,28.9,0.38275588607866473,1928.3,1.0,12183.7,1.0,,,1.0,0.75,0.9557,0.5,,"Bayside, NY, 11364, Queens County",
51,0.7551,landwatch,426683391,https://www.landwatch.com/nassau-county-new-york-homes-for-sale/pid/426683391,NY,Nassau,6720.0,1800000.0,267.86,40.7543156,-73.5741671,34.7,0.0,,1.0,1903.6,0.6329022525020577,2045.5,,1.0,0.75,0.9554,0.5,,"Westbury, NY, 11590, Nassau County",
52,0.7549,landwatch,426382169,https://www.landwatch.com/broward-county-florida-homes-for-sale/pid/426382169,FL,Broward,7904.0,2150000.0,272.01,26.1543797,-80.1259181,1.5,0.0,,0.40409442698449094,665.7,1.0,,,1.0,0.75,0.9547,0.5,,"Wilton Manors, FL, 33305, Broward County",
53,0.7544,landwatch,421501064,https://www.landwatch.com/miami-dade-county-florida-undeveloped-land-for-sale/pid/421501064,FL,Miami Dade,9229.0,2600000.0,281.72,25.9405448,-80.1344082,5.2,0.0,,0.7501767690749296,1150.2,1.0,,,1.0,0.75,0.953,0.5,,"North Miami Beach, FL, 33160, Miami-Dade County",
54,0.7544,landandfarm,36130944,https://www.landandfarm.com/property/residential-north-miami-beach-fl-36130944/,FL,Miami-Dade,9229.0,2600000.0,281.72,25.9405448,-80.1344082,5.2,0.0,,0.7501767690749296,1150.2,1.0,,,1.0,0.75,0.953,0.5,,"North Miami Beach, FL, 33160",
55,0.7544,landwatch,426426374,https://www.landwatch.com/nassau-county-new-york-homes-for-sale/pid/426426374,NY,Nassau,5500.0,1553000.0,282.36,40.7443286,-73.6818017,34.6,0.0,,1.0,5734.9,0.5224055037902121,1758.3,,1.0,0.75,0.9529,0.5,,"New Hyde Park, NY, 11040, Nassau County",
56,0.7542,landwatch,425752484,https://www.landwatch.com/nassau-county-new-york-homes-for-sale/pid/425752484,NY,Nassau,4000.0,1149999.0,287.5,40.7242705,-73.706031,27.6,0.0,,1.0,2318.3,0.3239753200186684,1242.3,,1.0,0.75,0.9521,0.5,,"Floral Park, NY, 11001, Nassau County",
57,0.7539,landwatch,426013325,https://www.landwatch.com/nassau-county-new-york-homes-for-sale/pid/426013325,NY,Nassau,6000.0,1758000.0,293.0,40.7868402,-73.7270097,31.3,0.9263802805712769,406.1,0.34456928136197257,582.4,0.44171065747950294,1548.4,,1.0,0.75,0.9512,0.5,,"Great Neck, NY, 11021, Nassau County",
58,0.7536,landwatch,426171832,https://www.landwatch.com/nassau-county-new-york-homes-for-sale/pid/426171832,NY,Nassau,5500.0,1649000.0,299.82,40.6522391,-73.7111613,1.8,0.9469946556966568,348.4,0.48778522720833206,782.9,0.10453035063241618,671.8,,1.0,0.75,0.95,0.5,,"Valley Stream, NY, 11581, Nassau County",
59,0.7535,landwatch,425553461,https://www.landwatch.com/morris-county-new-jersey-homes-for-sale/pid/425553461,NJ,Morris,999.0,275000.0,275.28,40.8547472,-74.4776999,156.9,1.0,200.0,0.3988335826231613,658.4,0.31011391907003977,1206.3,,1.0,0.7439,0.9541,0.5,,"Morris Plains, NJ, 07950, Morris County",
60,0.7532,landwatch,424966038,https://www.landwatch.com/warren-county-mississippi-recreational-property-for-sale/pid/424966038,MS,Warren,6500.0,2000000.0,307.69,32.3866925,-90.8241857,92.2,0.0,3239.6,0.16433063261416997,330.1,0.4007586286070877,1442.0,,1.0,0.75,0.9487,0.5,,"Vicksburg, MS, 39183, Warren County",
61,0.7532,landwatch,425112129,https://www.landwatch.com/palm-beach-county-florida-undeveloped-land-for-sale/pid/425112129,FL,Palm Beach,9150.0,2820000.0,308.2,26.3489355,-80.0839672,4.6,0.0,,0.3063877148355214,528.9,0.20087074085893067,922.3,,1.0,0.75,0.9486,0.5,,"Boca Raton, FL, 33432, Palm Beach County",
62,0.753,landwatch,424271006,https://www.landwatch.com/sarasota-county-florida-homes-for-sale/pid/424271006,FL,Sarasota,3189.0,996000.0,312.32,26.9232767,-82.3026713,3.3,0.0,,1.0,,0.1469229685966779,782.0,,1.0,0.75,0.9479,0.5,,"Englewood, FL, 34224, Sarasota County",
63,0.7524,landwatch,426504145,https://www.landwatch.com/douglas-county-washington-undeveloped-land-for-sale/pid/426504145,WA,Douglas,640.0,595000.0,929.69,47.8129824,-119.6426553,689.6,0.0,,1.0,11689.1,1.0,,,1.0,0.8844,0.8451,0.5,,"Mansfield, WA, 98830, Douglas County",
64,0.7521,landwatch,422418871,https://www.landwatch.com/clinton-county-new-york-undeveloped-land-for-sale/pid/422418871,NY,Clinton,1196.0,950000.0,794.31,44.945685,-73.9568818,347.6,0.8310380585017352,673.1,1.0,26599.5,0.49549793368776907,1688.3,,1.0,0.8531,0.8676,0.5,,"Churubusco, NY, 12923, Clinton County",
65,0.752,landwatch,425553523,https://www.landwatch.com/monroe-county-florida-homes-for-sale/pid/425553523,FL,Monroe,6000.0,1995000.0,332.5,25.1418121,-80.4045734,-0.5,0.0,,0.23792329182049554,433.1,1.0,4101.5,,1.0,0.75,0.9446,0.5,,"Key Largo, FL, 33037, Monroe County",
66,0.7507,landwatch,423540014,https://www.landwatch.com/sarasota-county-florida-homes-for-sale/pid/423540014,FL,Sarasota,3189.0,1150000.0,360.61,26.9232767,-82.3026713,3.3,0.0,,1.0,,0.1469229685966779,782.0,,1.0,0.75,0.9399,0.5,,"Englewood, FL, 34224, Sarasota County",
67,0.7506,landwatch,420013572,https://www.landwatch.com/miami-dade-county-florida-homes-for-sale/pid/420013572,FL,Miami Dade,5520.0,2000000.0,362.32,25.8604858,-80.2708474,2.2,0.0,,0.5567136715181853,879.4,0.9755137025619568,2936.3,,1.0,0.75,0.9396,0.5,,"Hialeah, FL, 33013, Miami-Dade County",
68,0.7506,landandfarm,34643452,https://www.landandfarm.com/property/875-e-29th-st-hialeah-fl-34643452/,FL,Miami-Dade,5520.0,2000000.0,362.32,25.8604858,-80.2708474,2.2,0.0,,0.5567136715181853,879.4,0.9755137025619568,2936.3,,1.0,0.75,0.9396,0.5,,"Hialeah, FL, 33013",
69,0.7506,landwatch,422817812,https://www.landwatch.com/queens-county-new-york-land-for-sale/pid/422817812,NY,Queens,7950.0,2889000.0,363.4,40.6977635,-73.8346879,16.7,0.0,3289.6,0.08685455271088668,221.6,0.46051453241729906,1597.3,,1.0,0.75,0.9394,0.5,,"Richmond Hill, NY, 11418, Queens County",
70,0.7506,landwatch,426379865,https://www.landwatch.com/kearny-county-kansas-farms-and-ranches-for-sale/pid/426379865,KS,Kearny,546.0,686000.0,1256.41,37.9412983,-101.2719788,924.0,0.0,,1.0,3584.6,1.0,,,1.0,0.9484,0.7906,0.5,,"Lakin, KS, 67860, Kearny County",
71,0.7502,landwatch,425163100,https://www.landwatch.com/beauregard-parish-louisiana-recreational-property-for-sale/pid/425163100,LA,,600.0,777000.0,1295.0,30.7335471,-93.5477387,25.6,0.8719300815701315,558.6,0.595437176118764,933.6,0.5309738170641578,1780.5,,1.0,0.9556,0.7842,0.5,,"Merryville, LA, 70653",
72,0.7496,landwatch,426210342,https://www.landwatch.com/madison-county-alabama-homes-for-sale/pid/426210342,AL,Madison,3658.0,1400000.0,382.72,34.7279724,-86.5730248,198.9,0.8662704299276869,574.4,1.0,1768.0,0.3851275800620617,1401.3,,1.0,0.75,0.9362,0.5,,"Huntsville, AL, 35801, Madison County",
73,0.7493,landwatch,426505933,https://www.landwatch.com/banks-county-georgia-homes-for-sale/pid/426505933,GA,Banks,1310.0,425000.0,324.43,34.2174732,-83.4701001,256.1,0.9676964450481558,290.4,0.39710093792523626,655.9,0.18431220485584215,879.2,,1.0,0.7357,0.9459,0.5,,"Commerce, GA, 30529, Banks County",
74,0.7487,landwatch,422998316,https://www.landwatch.com/kimball-county-nebraska-farms-and-ranches-for-sale/pid/422998316,NE,Kimball,662.0,550000.0,830.82,41.2303784,-103.6610413,1442.1,0.37413330264884326,1952.4,1.0,18104.1,0.7557263481200913,2364.9,,1.0,0.8453,0.8615,0.5,,"Kimball, NE, 69145, Kimball County",
75,0.7485,landwatch,425749612,https://www.landwatch.com/monroe-county-florida-homes-for-sale/pid/425749612,FL,Monroe,5280.0,2150000.0,407.2,24.5649209,-81.7682083,0.3,0.0,,0.0,94.3,0.0,91.0,,1.0,0.75,0.9321,0.5,,"Key West, FL, 33040, Monroe County",
76,0.7482,landwatch,426437304,https://www.landwatch.com/pike-county-arkansas-undeveloped-land-for-sale/pid/426437304,AR,Pike,1280.0,625000.0,488.28,34.1052644,-93.673661,127.7,1.0,171.8,0.9661504474164836,1452.6,1.0,,,1.0,0.7666,0.9186,0.5,,"Murfreesboro, AR, 71958, Pike County",
77,0.7481,landwatch,422302629,https://www.landwatch.com/jefferson-county-arkansas-recreational-property-for-sale/pid/422302629,AR,Jefferson,580.0,870000.0,1500.0,34.2653295,-92.1001295,92.8,0.2834553766409196,2206.3,1.0,1777.2,0.34974189657641885,1309.3,,1.0,0.9911,0.75,0.5,,"White Hall, AR, 71602, Jefferson County",
78,0.7474,landwatch,426356670,https://www.landwatch.com/osceola-county-florida-homes-for-sale/pid/426356670,FL,Osceola,722.0,274000.0,379.5,28.3042194,-81.4711897,23.2,0.0,,0.46819147908651143,755.5,0.2019790824155266,925.1,,1.0,0.7387,0.9367,0.5,,"Kissimmee, FL, 34746, Osceola County",
79,0.747,landandfarm,40893485,https://www.landandfarm.com/property/morgan-615-40893485/,TN,Morgan,615.0,765000.0,1243.9,35.9889112,-84.5885838,356.4,0.7285659208993882,960.0,1.0,2539.0,1.0,,,1.0,0.9289,0.7927,0.5,,"Oakdale, TN, 37829",
80,0.7455,landwatch,425922152,https://www.landwatch.com/nassau-county-new-york-homes-for-sale/pid/425922152,NY,Nassau,5000.0,2350000.0,470.0,40.8353158,-73.6956786,20.7,0.15974349041506752,2552.7,0.7034800148321763,1084.9,0.38777038370078404,1408.2,,1.0,0.75,0.9217,0.5,,"Port Washington, NY, 11050, Nassau County",
81,0.7455,landwatch,423417803,https://www.landwatch.com/ramsey-county-minnesota-homes-for-sale/pid/423417803,MN,Ramsey,6060.0,2850000.0,470.3,44.9118274,-93.1748321,283.0,0.332028311301482,2070.3,1.0,1530.4,0.4965610793576518,1691.1,,1.0,0.75,0.9216,0.5,,"Saint Paul, MN, 55116, Ramsey County",
82,0.7446,landwatch,426645797,https://www.landwatch.com/malheur-county-oregon-recreational-property-for-sale/pid/426645797,OR,Malheur,640.0,700000.0,1093.75,43.8655623,-117.6080329,768.9,0.0,,0.6963504459477309,1074.9,1.0,,,1.0,0.8844,0.8177,0.5,,"Harper, OR, 97906, Malheur County",
83,0.7443,landwatch,426108912,https://www.landwatch.com/nassau-county-new-york-homes-for-sale/pid/426108912,NY,Nassau,4000.0,1975000.0,493.75,40.5883147,-73.6665998,2.0,0.741090936749887,924.9,1.0,3674.2,0.46338927669163216,1604.8,,1.0,0.75,0.9177,0.5,,"Long Beach, NY, 11561, Nassau County",
84,0.7436,landandfarm,39167237,https://www.landandfarm.com/property/1329-e-2nd-st-39167237/,NY,Kings,4520.0,2300000.0,508.85,40.6215312,-73.9656226,10.7,0.0,,1.0,13198.9,1.0,,,1.0,0.75,0.9152,0.5,,"Brooklyn, NY, 11230",
85,0.7434,landwatch,426288028,https://www.landwatch.com/lincoln-county-washington-undeveloped-land-for-sale/pid/426288028,WA,Lincoln,564.0,874500.0,1550.53,47.6685902,-118.1316931,733.8,0.0,,0.09672465729068337,235.4,0.7459718855596367,2339.5,,1.0,0.9804,0.7416,0.5,,"Davenport, WA, 99122, Lincoln County",
86,0.7431,landwatch,426511881,https://www.landwatch.com/queens-county-new-york-homes-for-sale/pid/426511881,NY,Queens,1056.0,799000.0,756.63,40.6882167,-73.8234336,13.5,0.0,3616.0,0.8200016991116725,1248.0,0.5659842006262908,1871.6,,1.0,0.8027,0.8739,0.5,,"Jamaica, NY, 11419, Queens County",
87,0.7418,landandfarm,38470168,https://www.landandfarm.com/property/644-acres-of-premium-hunting-and-recreational-paradise-in-morgan-county-ky-38470168/,KY,Morgan,644.0,722000.0,1121.12,37.9451799,-83.254066,308.9,0.47560108503050214,1668.3,1.0,1671.0,0.22374691777741476,981.7,,1.0,0.8773,0.8131,0.5,,"West Liberty, KY, 41472",
88,0.7411,landwatch,423091990,https://www.landwatch.com/lincoln-county-nebraska-farms-and-ranches-for-sale/pid/423091990,NE,Lincoln,592.0,917631.0,1550.05,41.0202896,-100.3683664,807.6,0.1934046276291037,2458.5,0.9946738719792253,1492.5,0.20656523605616506,937.1,,1.0,0.9698,0.7417,0.5,,"Brady, NE, 69123, Lincoln County",
89,0.741,landwatch,425293728,https://www.landwatch.com/harlan-county-kentucky-undeveloped-land-for-sale/pid/425293728,KY,Harlan,725.0,354000.0,488.28,36.8277594,-83.3218125,410.6,0.38984616066650146,1908.4,0.3004092679505342,520.6,0.1307425714013738,739.9,,1.0,0.7333,0.9186,0.5,,"Harlan, KY, 40831, Harlan County",
90,0.7408,landwatch,425886140,https://www.landwatch.com/queens-county-new-york-land-for-sale/pid/425886140,NY,Queens,2200.0,1050000.0,477.27,40.6770389,-73.8440413,9.8,0.47473386227260717,1670.7,1.0,16118.4,0.8040745392686538,2490.6,,1.0,0.7298,0.9205,0.5,,"Ozone Park, NY, 11417, Queens County",
91,0.7405,landwatch,424334528,https://www.landwatch.com/calcasieu-parish-louisiana-hunting-property-for-sale/pid/424334528,LA,,1247.0,1000000.0,801.92,30.1741237,-93.1894962,4.5,0.0,,0.3483516540292273,587.7,0.1469590292348436,782.1,,1.0,0.8006,0.8663,0.5,,"Lake Charles, LA, 70607",
92,0.74,landwatch,426628225,https://www.landwatch.com/kimball-county-nebraska-farms-and-ranches-for-sale/pid/426628225,NE,Kimball,480.0,456000.0,950.0,41.2139925,-103.894094,1538.0,0.6136054731064038,1281.9,1.0,34167.1,0.0,0.0,,1.0,0.8311,0.8417,0.5,,"Bushnell, NE, 69128, Kimball County",
93,0.7397,landwatch,422540573,https://www.landwatch.com/crockett-county-texas-farms-and-ranches-for-sale/pid/422540573,TX,Crockett,4652.0,2750000.0,591.14,30.709627,-101.2012347,714.7,0.0,,0.6875737770218046,1062.6,1.0,,,1.0,0.75,0.9015,0.5,,"Ozona, TX, 76943, Crockett County",
94,0.7395,landwatch,420841462,https://www.landwatch.com/marquette-county-michigan-undeveloped-land-for-sale/pid/420841462,MI,Marquette,497.0,544900.0,1096.38,46.4740384,-87.685506,442.6,0.7890793152424,790.6,0.4478241399699914,727.0,1.0,3442.0,,1.0,0.8613,0.8173,0.5,,"Ishpeming, MI, 49849, Marquette County",
95,0.7391,landwatch,426544209,https://www.landwatch.com/cobb-county-georgia-homes-for-sale/pid/426544209,GA,Cobb,504.0,585000.0,1160.71,33.8786775,-84.5052284,309.5,1.0,196.8,0.8826545609135444,1335.7,0.0,311.5,,1.0,0.8738,0.8065,0.5,,"Smyrna, GA, 30080, Cobb County",
96,0.739,landandfarm,35693379,https://www.landandfarm.com/property/609-acres-of-prime-hunting-and-timber-investment-land-35693379/,AR,Clark,609.0,889000.0,1459.77,34.1249281,-93.0851418,73.7,0.01961414307274756,2945.1,0.0,69.9,0.06943871265285727,580.5,,1.0,0.9396,0.7567,0.5,,"Arkadelphia, AR, 71923",
97,0.7386,landwatch,426539596,https://www.landwatch.com/clinton-county-iowa-undeveloped-land-for-sale/pid/426539596,IA,Clinton,360.0,7000.0,19.44,41.8248922,-90.5482975,205.9,0.8459005636453039,631.5,1.0,1512.8,0.2528202924709723,1057.3,,1.0,0.6178,0.9968,0.5,,"DeWitt, IA, 52742, Clinton County",
98,0.7383,landandfarm,40728090,https://www.landandfarm.com/property/rebel-farm-ground-640-crp-tillable-40728090/,KS,Grant,640.0,784000.0,1225.0,37.5782695,-101.339801,918.2,0.0,,0.2739854418630549,483.6,0.1783157855178555,863.6,,1.0,0.8844,0.7958,0.5,,"Ulysses, KS, 67880",
99,0.7382,landwatch,425448534,https://www.landwatch.com/queens-county-new-york-homes-for-sale/pid/425448534,NY,Queens,1250.0,1045000.0,836.0,40.7623238,-73.8905047,7.7,0.0,,0.2916029664089551,508.2,0.5997613318994969,1959.4,,1.0,0.7975,0.8607,0.5,,"East Elmhurst, NY, 11370, Queens County",
100,0.7376,landwatch,420016677,https://www.landwatch.com/marquette-county-michigan-undeveloped-land-for-sale/pid/420016677,MI,Marquette,480.0,480000.0,1000.0,46.5336696,-88.1063017,472.4,0.6905790154472202,1066.4,0.7760116494326754,1186.4,0.53723086313824,1796.8,,1.0,0.8311,0.8333,0.5,,"Michigamme, MI, 49861, Marquette County",
101,0.7376,landwatch,426461009,https://www.landwatch.com/morton-county-kansas-undeveloped-land-for-sale/pid/426461009,KS,Morton,480.0,480000.0,1000.0,37.245556,-101.832865,1059.3,0.0,,1.0,,1.0,,,1.0,0.8311,0.8333,0.5,,"Richfield, KS, 67953, Morton County",
102,0.7371,landwatch,424162588,https://www.landwatch.com/giles-county-virginia-farms-and-ranches-for-sale/pid/424162588,VA,Giles,620.0,875000.0,1411.29,37.3287907,-80.825789,546.8,0.7665666748784268,853.6,0.0912399806032955,227.7,1.0,,,1.0,0.92,0.7648,0.5,,"Narrows, VA, 24124, Giles County",
103,0.7364,landwatch,423986023,https://www.landwatch.com/jackson-county-mississippi-recreational-property-for-sale/pid/423986023,MS,Jackson,1316.0,749000.0,569.15,30.8911682,-88.6086471,68.5,0.7161268935715208,994.8,0.30862905955425984,532.1,0.19963398789424053,919.0,,1.0,0.7295,0.9051,0.5,,"Lucedale, MS, 39452, Jackson County",
104,0.7364,landwatch,420826556,https://www.landwatch.com/george-county-mississippi-undeveloped-land-for-sale/pid/420826556,MS,George,1316.0,749000.0,569.15,30.8911682,-88.6086471,68.5,0.7161268935715208,994.8,0.30862905955425984,532.1,0.19963398789424053,919.0,,1.0,0.7295,0.9051,0.5,,"Lucedale, MS, 39452, George County",
105,0.7363,landwatch,426028552,https://www.landwatch.com/fannin-county-georgia-homes-for-sale/pid/426028552,GA,Fannin,2080.0,740000.0,355.77,34.8719444,-84.0016778,538.3,0.8796995693717883,536.8,0.5555150803379325,877.7,1.0,,,1.0,0.6818,0.9407,0.5,,"Blue Ridge, GA, 30512, Fannin County",
106,0.736,landwatch,425283016,https://www.landwatch.com/wallace-county-kansas-farms-and-ranches-for-sale/pid/425283016,KS,Wallace,558.0,925000.0,1657.71,38.9060872,-101.5230313,975.2,0.8560125254314392,603.2,1.0,,1.0,,,1.0,0.9698,0.7237,0.5,,"Wallace, KS, 67761, Wallace County",
107,0.7356,landwatch,424086611,https://www.landwatch.com/brown-county-nebraska-farms-and-ranches-for-sale/pid/424086611,NE,Brown,644.0,805000.0,1250.0,42.5467163,-99.8579214,767.9,0.7883375878017467,792.7,0.28616511069315914,500.6,0.32168480359080964,1236.4,,1.0,0.8773,0.7917,0.5,,"Ainsworth, NE 69210",
108,0.7356,landwatch,425431514,https://www.landwatch.com/grant-county-oregon-recreational-property-for-sale/pid/425431514,OR,Grant,644.0,805000.0,1250.0,44.4173684,-119.1047552,871.1,0.0,,1.0,9056.5,1.0,,,1.0,0.8773,0.7917,0.5,,"Mount Vernon, OR, 97865, Grant County",
109,0.7349,landwatch,426601378,https://www.landwatch.com/monmouth-county-new-jersey-homes-for-sale/pid/426601378,NJ,Monmouth,715.0,499000.0,697.9,40.4068307,-74.2243127,19.8,0.9906664553051506,226.1,0.3157048853817901,542.0,0.37542600727470105,1376.1,,1.0,0.7511,0.8837,0.5,,"Matawan, NJ, 07747, Monmouth County",
110,0.7348,landandfarm,40123241,https://www.landandfarm.com/property/northwest-canyon-ranch-40123241/,OK,Ellis,560.0,952000.0,1700.0,36.2697634,-99.8767921,697.1,0.0,3300.7,0.6290452978591214,980.7,0.18003366754735484,868.1,,1.0,0.9733,0.7167,0.5,,"Shattuck, OK, 73858",
111,0.7345,landwatch,425077276,https://www.landwatch.com/roger-mills-county-oklahoma-undeveloped-land-for-sale/pid/425077276,OK,Roger Mills,600.0,975000.0,1625.0,36.4121594,-99.3808661,593.5,1.0,190.6,0.0,58.0,0.507028628012629,1718.3,,1.0,0.9556,0.7292,0.5,,"Durham, OK, 73642, Roger Mills County",
112,0.7342,landwatch,426644029,https://www.landwatch.com/cheyenne-county-nebraska-farms-and-ranches-for-sale/pid/426644029,NE,Cheyenne,483.0,529000.0,1095.24,41.1285751,-102.9645581,1255.0,0.85411128465702,608.5,1.0,3566.9,0.1281228803572065,733.1,,1.0,0.8364,0.8175,0.5,,"Sidney, NE, 69162, Cheyenne County",
113,0.7341,landwatch,425972810,https://www.landwatch.com/queens-county-new-york-homes-for-sale/pid/425972810,NY,Queens,2500.0,650000.0,260.0,40.6978714,-73.7580568,16.1,0.0,3082.2,1.0,17331.5,0.27154097885335887,1106.0,,1.0,0.6501,0.9567,0.5,,"Jamaica, NY, 11412, Queens County",
114,0.7328,landwatch,426414955,https://www.landwatch.com/klamath-county-oregon-recreational-property-for-sale/pid/426414955,OR,Klamath,512.0,695000.0,1357.42,42.467816,-121.256445,1314.8,0.0,,1.0,2400.4,1.0,,,1.0,0.888,0.7738,0.5,,"Beatty, OR, 97621, Klamath County",
115,0.7327,landwatch,425956842,https://www.landwatch.com/klamath-county-oregon-undeveloped-land-for-sale/pid/425956842,OR,Klamath,563.0,995000.0,1767.32,42.2456064,-121.7720706,1403.1,0.0,,0.1515087567023975,312.1,0.513314567549485,1734.6,,1.0,0.9787,0.7054,0.5,,"Klamath Falls, OR, 97601, Klamath County",
116,0.7327,landwatch,425972241,https://www.landwatch.com/box-butte-county-nebraska-recreational-property-for-sale/pid/425972241,NE,Box Butte,639.0,864000.0,1352.11,42.32183,-103.1048383,1312.0,0.0,,1.0,,0.3508374573441046,1312.2,,1.0,0.8862,0.7746,0.5,,"Hemingford, NE, 69348",
117,0.7326,landwatch,423070928,https://www.landwatch.com/ontonagon-county-michigan-recreational-property-for-sale/pid/423070928,MI,Ontonagon,463.0,449000.0,969.76,46.5220365,-89.1785705,347.8,1.0,195.4,0.07205022883185308,200.9,0.57936958469627,1906.4,,1.0,0.8009,0.8384,0.5,,"Bruce Crossing, MI, 49912, Ontonagon County",
118,0.7323,landwatch,426108366,https://www.landwatch.com/saint-bernard-parish-louisiana-undeveloped-land-for-sale/pid/426108366,LA,,785.0,150000.0,191.08,29.8549852,-89.79213,-0.5,0.7430393790002179,919.5,1.0,,1.0,,,1.0,0.6267,0.9682,0.5,,"Saint Bernard, LA, 70085",
119,0.732,landwatch,424842274,https://www.landwatch.com/box-butte-county-nebraska-undeveloped-land-for-sale/pid/424842274,NE,Box Butte,1225.0,1325000.0,1081.63,42.32183,-103.1048383,1312.0,0.0,,1.0,,0.3508374573441046,1312.2,,1.0,0.8233,0.8197,0.5,,"Hemingford, NE, 69348, Box Butte County",
120,0.7311,landwatch,425352747,https://www.landwatch.com/queens-county-new-york-homes-for-sale/pid/425352747,NY,Queens,2000.0,640000.0,320.0,40.6978714,-73.7580568,16.1,0.0,3082.2,1.0,17331.5,0.27154097885335887,1106.0,,1.0,0.6497,0.9467,0.5,,"Saint Albans, NY, 11412, Queens County",
121,0.7311,landwatch,426212537,https://www.landwatch.com/adams-county-mississippi-recreational-property-for-sale/pid/426212537,MS,Adams,1417.0,300000.0,211.71,31.5427555,-91.355804,31.7,1.0,73.3,0.08555817560889653,219.8,0.6947348723660166,2206.3,,1.0,0.6255,0.9647,0.5,,"Natchez, MS, 39120, Adams County",
122,0.7309,landwatch,426289687,https://www.landwatch.com/atlantic-county-new-jersey-undeveloped-land-for-sale/pid/426289687,NJ,Atlantic,929.0,395000.0,425.19,39.3653539,-74.441245,1.8,0.848087851369278,625.4,0.05,105.9,0.4308288949390848,1520.2,,1.0,0.6718,0.9291,0.5,,"Atlantic City, NJ, 08401, Atlantic County",
123,0.7304,landwatch,425281053,https://www.landwatch.com/kings-county-new-york-homes-for-sale/pid/425281053,NY,Kings,2150.0,1299999.0,604.65,40.619033,-73.9235777,4.6,0.2764381425703566,2226.0,1.0,11901.0,1.0,,,1.0,0.7098,0.8992,0.5,,"Brooklyn, NY, 11234, Kings County",
124,0.73,landwatch,420723091,https://www.landwatch.com/bibb-county-georgia-recreational-property-for-sale/pid/420723091,GA,Bibb,460.0,460000.0,1000.0,32.7294732,-83.691642,120.7,0.5514673407508918,1455.9,1.0,3367.2,0.10552943674658387,674.4,,1.0,0.7956,0.8333,0.5,,"Macon, GA, 31216, Bibb County",
125,0.7296,landwatch,423665528,https://www.landwatch.com/wallowa-county-oregon-farms-and-ranches-for-sale/pid/423665528,OR,Wallowa,698.0,658560.0,943.5,45.4544432,-117.2851702,1166.9,0.0,,0.9623762030146369,1447.3,1.0,,,1.0,0.7813,0.8428,0.5,,"Enterprise, OR, 97828, Wallowa County",
126,0.7295,landwatch,420738159,https://www.landwatch.com/marquette-county-michigan-undeveloped-land-for-sale/pid/420738159,MI,Marquette,660.0,825000.0,1250.0,46.0509962,-87.4921941,315.2,0.6580044199490773,1157.6,0.0,70.0,0.7254234151808424,2286.1,,1.0,0.8489,0.7917,0.5,,"Arnold, MI, 49819, Marquette County",
127,0.7294,landwatch,426397057,https://www.landwatch.com/cheyenne-county-nebraska-farms-and-ranches-for-sale/pid/426397057,NE,Cheyenne,440.0,375000.0,852.27,41.1285751,-102.9645581,1255.0,0.85411128465702,608.5,1.0,3566.9,0.1281228803572065,733.1,,1.0,0.76,0.858,0.5,,"Sidney, NE, 69162, Cheyenne County",
128,0.7293,landwatch,426668203,https://www.landwatch.com/queens-county-new-york-homes-for-sale/pid/426668203,NY,Queens,2500.0,899000.0,359.6,40.6882167,-73.8234336,13.5,0.0,3616.0,0.8200016991116725,1248.0,0.5659842006262908,1871.6,,1.0,0.6501,0.9401,0.5,,"Richmond Hill, NY, 11419, Queens County",
129,0.7289,landwatch,423920518,https://www.landwatch.com/marion-county-alabama-recreational-property-for-sale/pid/423920518,AL,Marion,480.0,568000.0,1183.33,34.0170545,-87.5985815,247.3,0.9541239096658417,328.5,1.0,31551.3,1.0,,,1.0,0.8311,0.8028,0.5,,"Lynn, AL, 35575, Marion County",
130,0.7278,landwatch,426343451,https://www.landwatch.com/estill-county-kentucky-recreational-property-for-sale/pid/426343451,KY,Estill,486.0,610000.0,1255.14,37.6988145,-83.9907974,196.5,0.9693080651384782,285.9,0.06953955506100658,197.4,1.0,,,1.0,0.8418,0.7908,0.5,,"Irvine, KY, 40336, Estill County",
131,0.7273,landwatch,426031109,https://www.landwatch.com/queens-county-new-york-homes-for-sale/pid/426031109,NY,Queens,2000.0,799000.0,399.5,40.6842878,-73.8502974,7.9,0.21502174881158176,2397.9,1.0,1766.8,0.4519238797405536,1575.0,,1.0,0.6497,0.9334,0.5,,"Ozone Park, NY, 11416, Queens County",
132,0.7266,landwatch,418746875,https://www.landwatch.com/price-county-wisconsin-recreational-property-for-sale/pid/418746875,WI,Price,510.0,749900.0,1470.39,45.9310624,-90.425352,470.5,0.8748268069690077,550.5,1.0,,1.0,,,1.0,0.8844,0.7549,0.5,,"Park Falls, WI, 54552, Price County",
133,0.7265,landwatch,419564645,https://www.landwatch.com/carter-county-kentucky-recreational-property-for-sale/pid/419564645,KY,Carter,544.0,949000.0,1744.49,38.2974699,-83.1863317,269.0,0.9805987890995093,254.3,0.3386902485858969,574.2,0.7541376943720292,2360.8,,1.0,0.9449,0.7093,0.5,,"Grayson, KY, 41164, Carter County",
134,0.7264,landwatch,425618106,https://www.landwatch.com/clay-county-kentucky-farms-and-ranches-for-sale/pid/425618106,KY,Clay,461.0,500000.0,1084.6,37.1672823,-83.7733833,334.4,0.7522523547076598,893.7,0.3108322688541671,535.2,0.4176030729886463,1485.8,,1.0,0.7973,0.8192,0.5,,"Manchester, KY, 40962, Clay County",
135,0.7257,landwatch,423281374,https://www.landwatch.com/schoolcraft-county-michigan-undeveloped-land-for-sale/pid/423281374,MI,Schoolcraft,480.0,600000.0,1250.0,45.9821213,-86.01392,186.9,0.7671783174679317,851.9,1.0,5014.2,1.0,,,1.0,0.8311,0.7917,0.5,,"Gulliver, MI, 49840, Schoolcraft County",
136,0.7246,landwatch,416025167,https://www.landwatch.com/lincoln-county-washington-farms-and-ranches-for-sale/pid/416025167,WA,Lincoln,527.0,869550.0,1650.0,47.6685902,-118.1316931,733.8,0.0,,0.09672465729068337,235.4,0.7459718855596367,2339.5,,1.0,0.9147,0.725,0.5,,"Davenport, WA, 99122, Lincoln County",
137,0.7244,landwatch,423480565,https://www.landwatch.com/nevada-county-arkansas-farms-and-ranches-for-sale/pid/423480565,AR,Nevada,1230.0,1500000.0,1219.51,33.8059741,-93.3833477,101.9,0.7668698204461327,852.8,1.0,1665.2,0.31083893269297347,1208.2,,1.0,0.8181,0.7967,0.5,,"Prescott, AR, 71857, Nevada County",
138,0.7243,landwatch,425002941,https://www.landwatch.com/queens-county-new-york-homes-for-sale/pid/425002941,NY,Queens,2000.0,929000.0,464.5,40.7623238,-73.8905047,7.7,0.0,,0.2916029664089551,508.2,0.5997613318994969,1959.4,,1.0,0.6497,0.9226,0.5,,"East Elmhurst, NY, 11370, Queens County",
139,0.724,landwatch,425405318,https://www.landwatch.com/presque-isle-county-michigan-undeveloped-land-for-sale/pid/425405318,MI,Presque Isle,687.0,789999.0,1149.93,45.4154371,-83.8378572,199.1,0.5045348299655288,1587.3,1.0,2208.4,0.0,290.7,,1.0,0.8009,0.8083,0.5,,"Rogers City, MI, 49779, Presque Isle County",
140,0.7239,landwatch,421632754,https://www.landwatch.com/grant-county-washington-farms-and-ranches-for-sale/pid/421632754,WA,Grant,685.0,799999.0,1167.88,47.5917869,-119.427243,726.0,0.0,,0.3072872517814286,530.2,0.3175377644033831,1225.6,,1.0,0.8044,0.8054,0.5,,"Coulee City, WA, 99115, Grant County",
141,0.7234,landsearch,5106672,https://www.landsearch.com/properties/new-iberia-la-70560/5106672,LA,,505.0,757125.0,1499.26,29.9927008,-91.8399367,4.5,0.0,,0.32534288988862936,555.5,0.7929450923206841,2461.7,,1.0,0.8756,0.7501,0.5,,"New Iberia, LA 70560",
142,0.7231,landwatch,426429586,https://www.landwatch.com/fulton-county-georgia-commercial-property-for-sale/pid/426429586,GA,Fulton,710.0,700000.0,985.92,33.6179274,-84.5341214,291.9,0.9552495692586688,325.3,0.5172216513683645,824.1,0.2394317982875109,1022.5,,1.0,0.76,0.8357,0.5,,"Atlanta, GA, 30349, Fulton County",
143,0.7226,landwatch,423748922,https://www.landwatch.com/klickitat-county-washington-undeveloped-land-for-sale/pid/423748922,WA,Klickitat,520.0,850000.0,1634.62,45.9985599,-120.297056,916.3,0.0,,1.0,3331.7,0.18124644787596297,871.2,,1.0,0.9022,0.7276,0.5,,"Bickleton, WA, 99322, Klickitat County",
144,0.7223,landwatch,419186813,https://www.landwatch.com/van-buren-county-tennessee-recreational-property-for-sale/pid/419186813,TN,Van Buren,1233.0,1541250.0,1250.0,35.9545234,-85.4555916,285.4,0.1436961837237719,2597.7,1.0,12562.2,0.25911039966369964,1073.7,,1.0,0.815,0.7917,0.5,,"Sparta, TN, 38583, Van Buren County",
145,0.7222,landandfarm,40944446,https://www.landandfarm.com/property/county-line-560-kingfisher-blaine-counties-40944446/,OK,Kingfisher,560.0,1100000.0,1964.29,35.9688,-98.3485044,393.1,0.0,4307.5,1.0,2269.3,1.0,,,1.0,0.9733,0.6726,0.5,,"Hitchcock, OK, 73744",
146,0.7218,landwatch,426651248,https://www.landwatch.com/queens-county-new-york-homes-for-sale/pid/426651248,NY,Queens,1967.0,899000.0,457.04,40.7503679,-73.8199745,14.0,0.44326835110841467,1758.8,1.0,3406.2,0.5715139620948478,1885.9,,1.0,0.6365,0.9238,0.5,,"Flushing, NY, 11355, Queens County",
147,0.7218,landwatch,426612827,https://www.landwatch.com/collier-county-florida-homes-for-sale/pid/426612827,FL,Collier,2016.0,1100000.0,545.63,26.3572984,-81.8229247,1.8,0.0,,1.0,6691.2,0.5251647777476587,1765.4,,1.0,0.6561,0.9091,0.5,,"Bonita Springs, FL, 34134, Collier County",
148,0.7215,landwatch,424104833,https://www.landwatch.com/clinton-county-kentucky-undeveloped-land-for-sale/pid/424104833,KY,Clinton,487.0,679000.0,1394.25,36.6953709,-85.1369916,295.5,0.9242868486491898,412.0,0.12836536578787072,279.7,0.37092546675191607,1364.4,,1.0,0.8436,0.7676,0.5,,"Albany, KY, 42602, Clinton County",
149,0.7211,landwatch,426182701,https://www.landwatch.com/queens-county-new-york-homes-for-sale/pid/426182701,NY,Queens,1917.0,729999.0,380.8,40.6910567,-73.8577813,13.5,0.0,3217.1,0.6696862506898104,1037.6,0.1810508839539581,870.7,,1.0,0.6165,0.9365,0.5,,"Woodhaven, NY, 11421, Queens County",
150,0.721,landwatch,423976511,https://www.landwatch.com/baker-county-oregon-farms-and-ranches-for-sale/pid/423976511,OR,Baker,450.0,499500.0,1110.0,44.779034,-117.8314265,1048.6,0.0,,0.5731255641375809,902.4,0.15789141606594548,810.5,,1.0,0.7778,0.815,0.5,,"Baker City, OR, 97814, Baker County",
151,0.7207,landwatch,425753335,https://www.landwatch.com/queens-county-new-york-homes-for-sale/pid/425753335,NY,Queens,2500.0,1350000.0,540.0,40.7481045,-73.8604827,11.8,0.4304998878487494,1794.6,0.37729062937572916,628.2,0.22975180700068965,997.4,,1.0,0.6501,0.91,0.5,,"Corona, NY, 11368, Queens County",
152,0.7201,landwatch,426287542,https://www.landwatch.com/hardeman-county-tennessee-recreational-property-for-sale/pid/426287542,TN,Hardeman,1840.0,485000.0,263.59,35.0500035,-89.1829891,178.6,0.9952302924383368,213.4,1.0,,0.3776452739919543,1381.9,,1.0,0.5857,0.9561,0.5,,"Grand Junction, TN, 38039, Hardeman County",
153,0.7199,landwatch,426177434,https://www.landwatch.com/hardeman-county-tennessee-farms-and-ranches-for-sale/pid/426177434,TN,Hardeman,1842.0,500000.0,271.44,35.0500035,-89.1829891,178.6,0.9952302924383368,213.4,1.0,,0.3776452739919543,1381.9,,1.0,0.5865,0.9548,0.5,,"Grand Junction, TN, 38039, Hardeman County",
154,0.7198,landandfarm,39770061,https://www.landandfarm.com/property/1-920-acres-in-queens-county-39770061/,NY,Queens,1920.0,795000.0,414.06,40.6977635,-73.8346879,16.7,0.0,3289.6,0.08685455271088668,221.6,0.46051453241729906,1597.3,,1.0,0.6177,0.931,0.5,,"Richmond Hill, NY, 11418",
155,0.7193,landwatch,425759962,https://www.landwatch.com/lee-county-florida-homes-for-sale/pid/425759962,FL,Lee,452.0,524500.0,1160.4,26.6055939,-81.7347735,7.3,0.0,,0.8448859888448877,1282.8,0.6545970323669349,2102.0,,1.0,0.7813,0.8066,0.5,,"Lehigh Acres, FL, 33973, Lee County",
156,0.7193,landwatch,421709347,https://www.landwatch.com/pawnee-county-kansas-farms-and-ranches-for-sale/pid/421709347,KS,Pawnee,640.0,1040000.0,1625.0,38.406148,-99.443391,664.7,0.0,,0.7142008859720523,1099.9,1.0,,,1.0,0.8844,0.7292,0.5,,"Nekoma, KS, 67559, Pawnee County",
157,0.7189,landwatch,424409233,https://www.landwatch.com/schoolcraft-county-michigan-recreational-property-for-sale/pid/424409233,MI,Schoolcraft,412.0,350000.0,849.51,45.9821213,-86.01392,186.9,0.7671783174679317,851.9,1.0,5014.2,1.0,,,1.0,0.7102,0.8584,0.5,,"Gulliver, MI, 49840, Schoolcraft County",
158,0.7188,landwatch,425326445,https://www.landwatch.com/chickasaw-county-mississippi-recreational-property-for-sale/pid/425326445,MS,Chickasaw,550.0,1075000.0,1954.55,33.7962756,-89.0412664,103.0,0.3632428265820308,1982.9,1.0,,0.05,519.3,,1.0,0.9556,0.6742,0.5,,"Woodland, MS, 39776, Chickasaw County",
159,0.7185,landwatch,422463116,https://www.landwatch.com/henderson-county-illinois-recreational-property-for-sale/pid/422463116,IL,Henderson,485.0,699000.0,1441.24,40.6781631,-91.073869,167.1,0.11774442935628848,2670.3,0.33711549649459355,572.0,1.0,,,1.0,0.84,0.7598,0.5,,"Lomax, IL, 61454, Henderson County",
160,0.7183,landwatch,426151692,https://www.landwatch.com/saint-francis-county-arkansas-recreational-property-for-sale/pid/426151692,AR,Saint Francis,434.0,450000.0,1036.87,35.025488,-90.68411,61.5,0.7476169346700803,906.7,0.8082878458009431,1231.6,0.8825740013446968,2694.7,,1.0,0.7493,0.8272,0.5,,"Forrest City, AR, 72336, Saint Francis County",
161,0.7183,landwatch,423936277,https://www.landwatch.com/pawnee-county-kansas-farms-and-ranches-for-sale/pid/423936277,KS,Pawnee,626.0,1100000.0,1757.19,38.1962793,-99.402116,631.8,0.7783469270524739,820.6,1.0,4326.2,1.0,,,1.0,0.9093,0.7071,0.5,,"Rozel, KS, 67574, Pawnee County",
162,0.7182,landwatch,426416706,https://www.landwatch.com/middlesex-county-new-jersey-homes-for-sale/pid/426416706,NJ,Middlesex,1851.0,599000.0,323.61,40.5755552,-74.4100508,18.7,1.0,192.0,1.0,5042.0,0.4966286904381832,1691.2,,1.0,0.5901,0.9461,0.5,,"South Plainfield, NJ, 07080, Middlesex County",
163,0.718,landwatch,426012465,https://www.landwatch.com/alexander-county-illinois-recreational-property-for-sale/pid/426012465,IL,Alexander,518.0,889000.0,1716.22,37.0064445,-89.1749789,95.6,0.1926470614499156,2460.6,0.10538363949649025,247.5,0.0,120.1,,1.0,0.8987,0.714,0.5,,"Cairo, IL, 62914, Alexander County",
164,0.7179,landwatch,421529122,https://www.landwatch.com/banner-county-nebraska-farms-and-ranches-for-sale/pid/421529122,NE,Banner,410.0,350000.0,853.66,41.558466,-103.7433155,1366.2,0.0,,1.0,5828.0,0.10934026118979567,684.3,,1.0,0.7067,0.8577,0.5,,"Harrisburg, NE, 69345, Banner County",
165,0.7177,landwatch,424667684,https://www.landwatch.com/walla-walla-county-washington-farms-and-ranches-for-sale/pid/424667684,WA,Walla Walla,968.0,853540.0,881.76,46.2986452,-118.3162453,322.3,0.0,,1.0,10031.6,1.0,,,1.0,0.712,0.853,0.5,,"Prescott, WA, 99348, Walla Walla County",
166,0.7176,landsearch,5214820,https://www.landsearch.com/properties/2789-dry-fork-rd-bandy-va-24602/5214820,VA,Tazewell,1200.0,1800000.0,1500.0,37.166159,-81.6319829,579.9,1.0,185.1,1.0,1862.8,1.0,,,1.0,0.849,0.75,0.5,,"Bandy, VA 24602",
167,0.7175,landwatch,425855961,https://www.landwatch.com/queens-county-new-york-homes-for-sale/pid/425855961,NY,Queens,2640.0,938000.0,355.3,40.6992317,-73.8082032,19.4,0.0,3295.7,0.27207953396424434,480.9,0.6051444165152141,1973.4,,1.0,0.5941,0.9408,0.5,,"Jamaica, NY, 11435, Queens County",
168,0.7174,landwatch,425850348,https://www.landwatch.com/issaquena-county-mississippi-recreational-property-for-sale/pid/425850348,MS,Issaquena,1750.0,276000.0,157.71,32.9022115,-91.0519942,32.5,0.26456326033560795,2259.2,1.0,31203.2,0.957113099542196,2888.5,,1.0,0.5497,0.9737,0.5,,"Glen Allan, MS, 39113, Issaquena County",
169,0.7173,landsearch,5108676,https://www.landsearch.com/properties/2214a-state-highway-2033-louisa-ky-41230/5108676,KY,Lawrence,2214.0,2204000.0,995.48,38.1067881,-82.6056288,177.3,1.0,192.2,1.0,2415.9,0.05280607967732806,537.3,,1.0,0.7354,0.8341,0.5,,"Louisa, KY 41230",
170,0.7171,landwatch,426018092,https://www.landwatch.com/morgan-county-missouri-undeveloped-land-for-sale/pid/426018092,MO,Morgan,354.0,149900.0,423.45,38.4246664,-92.8417657,307.2,0.6284205911120126,1240.4,1.0,,0.25838482205364716,1071.8,,1.0,0.6071,0.9294,0.5,,"Versailles, MO, 65084, Morgan County",
171,0.7171,landwatch,423845985,https://www.landwatch.com/val-verde-county-texas-recreational-property-for-sale/pid/423845985,TX,Val Verde,1290.0,1412550.0,1095.0,29.3803257,-100.8997466,322.3,0.5069547009333015,1580.5,0.0,23.9,0.12447025696032567,723.6,,1.0,0.7563,0.8175,0.5,,"Del Rio, TX, 78840, Val Verde County",
172,0.717,landwatch,426420396,https://www.landwatch.com/baker-county-oregon-recreational-property-for-sale/pid/426420396,OR,Baker,2200.0,2150000.0,977.27,44.5014589,-118.062222,1109.4,0.0,,1.0,18060.2,1.0,,,1.0,0.7298,0.8371,0.5,,"Hereford, OR, 97837, Baker County",
173,0.7167,landwatch,424104841,https://www.landwatch.com/cumberland-county-kentucky-homes-for-sale/pid/424104841,KY,Cumberland,600.0,1200000.0,2000.0,36.7580916,-85.3665346,190.8,0.8442734568633652,636.0,0.5211827807178084,829.7,1.0,3477.6,,1.0,0.9556,0.6667,0.5,,"Burkesville, KY, 42717, Cumberland County",
174,0.7163,landwatch,426600917,https://www.landwatch.com/cook-county-illinois-homes-for-sale/pid/426600917,IL,Cook,1440.0,599900.0,416.6,42.0664837,-87.9342781,203.0,0.576102444399117,1386.9,1.0,2714.5,0.6123929876973004,1992.2,,1.0,0.6018,0.9306,0.5,,"Mount Prospect, IL, 60056, Cook County",
175,0.7163,landwatch,423946576,https://www.landwatch.com/overton-county-tennessee-recreational-property-for-sale/pid/423946576,TN,Overton,1157.0,2000000.0,1728.61,36.4097936,-85.454493,334.6,1.0,174.6,1.0,3860.2,1.0,,,1.0,0.8933,0.7119,0.5,,"Hilham, TN, 38568, Overton County",
176,0.7162,landandfarm,7004584,https://www.landandfarm.com/property/tombigbee-river-upper-state-game-sanctuary-tract-7004584/,AL,Clarke,620.0,1147000.0,1850.0,31.5295564,-87.8895361,68.6,0.46813097306073803,1689.2,1.0,3833.4,0.6206399538547547,2013.7,,1.0,0.92,0.6917,0.5,,"Jackson, AL, 36545",
177,0.7162,landandfarm,33961796,https://www.landandfarm.com/property/tibbie-490-acres-33961796/,AL,Washington,490.0,749995.0,1530.6,30.8691606,-88.0565216,6.3,0.8062162512889599,742.6,0.5596921660342051,883.6,0.11280121275846577,693.3,,1.0,0.8489,0.7449,0.5,,"Deer Park, AL, 36539",
178,0.7161,landwatch,423067639,https://www.landwatch.com/van-buren-county-tennessee-undeveloped-land-for-sale/pid/423067639,TN,Van Buren,529.0,975000.0,1843.1,35.7406666,-85.4408415,526.7,0.5833874293628083,1366.5,1.0,4307.8,0.36561493991757427,1350.6,,1.0,0.9182,0.6928,0.5,,"Spencer, TN, 38585, Van Buren County",
179,0.7157,landwatch,426260646,https://www.landwatch.com/cook-county-illinois-homes-for-sale/pid/426260646,IL,Cook,1440.0,615999.0,427.78,42.0664837,-87.9342781,203.0,0.576102444399117,1386.9,1.0,2714.5,0.6123929876973004,1992.2,,1.0,0.6018,0.9287,0.5,,"Mount Prospect, IL, 60056, Cook County",
180,0.7149,landsearch,4492537,https://www.landsearch.com/properties/s-hendrie-river-rd-hulbert-mi-49748/4492537,MI,Chippewa,364.0,199999.0,549.45,46.2256915,-85.0682205,259.6,0.19053091752607754,2466.5,1.0,,1.0,,,1.0,0.6249,0.9084,0.5,,"Hulbert, MI 49748",
181,0.7148,landwatch,424285601,https://www.landwatch.com/ferry-county-washington-farms-and-ranches-for-sale/pid/424285601,WA,Ferry,576.0,1285000.0,2230.9,48.9975205,-118.504951,536.2,0.0,,1.0,,1.0,,,1.0,0.9982,0.6282,0.5,,"Danville, WA, 99121, Ferry County",
182,0.7147,landwatch,425915538,https://www.landwatch.com/kings-county-new-york-homes-for-sale/pid/425915538,NY,Kings,2650.0,1050000.0,396.23,40.6620211,-73.9147663,9.0,0.0,,1.0,16257.2,0.6960139413555213,2209.6,,1.0,0.5901,0.934,0.5,,"Brooklyn, NY, 11212, Kings County",
183,0.7146,landwatch,423062461,https://www.landwatch.com/harmon-county-oklahoma-farms-and-ranches-for-sale/pid/423062461,OK,Harmon,517.0,920000.0,1779.5,34.918357,-99.924291,576.3,0.0,,1.0,,1.0,,,1.0,0.8969,0.7034,0.5,,"Vinson, OK, 73571, Harmon County",
184,0.7141,landwatch,426541936,https://www.landwatch.com/henry-county-georgia-lakefront-property-for-sale/pid/426541936,GA,Henry,749.0,645000.0,861.15,33.5418282,-84.3316905,283.1,0.7144442248874592,999.6,0.8086141221263666,1232.1,0.5381513314545016,1799.2,,1.0,0.6907,0.8565,0.5,,"Jonesboro, GA, 30236, Henry County",
185,0.7138,landsearch,5129831,https://www.landsearch.com/properties/burdett-ks-67523/5129831,KS,Pawnee,610.0,1208000.0,1980.33,38.1945025,-99.5266228,646.5,0.9267536429078101,405.1,1.0,5768.6,0.16013291851539424,816.3,,1.0,0.9378,0.6699,0.5,,"Burdett, KS 67523",
186,0.7135,landwatch,425256922,https://www.landwatch.com/saint-lawrence-county-new-york-farms-and-ranches-for-sale/pid/425256922,NY,Saint Lawrence,485.0,750000.0,1546.39,44.421583,-75.3740838,136.7,0.9709848920499184,281.2,0.31363407835091045,539.1,1.0,,,1.0,0.84,0.7423,0.5,,"Richville, NY, 13681, Saint Lawrence County",
187,0.7133,landwatch,416880172,https://www.landwatch.com/okanogan-county-washington-hunting-property-for-sale/pid/416880172,WA,Okanogan,536.0,1050000.0,1958.96,48.523776,-119.410796,879.4,0.0,,1.0,,1.0,,,1.0,0.9307,0.6735,0.5,,"Riverside, WA, 98849, Okanogan County",
188,0.7132,landwatch,423973969,https://www.landwatch.com/saint-charles-parish-louisiana-undeveloped-land-for-sale/pid/423973969,LA,,1840.0,750000.0,407.61,29.9136495,-90.360364,1.6,0.0,,0.05,113.9,0.5533494621530545,1838.7,,1.0,0.5857,0.9321,0.5,,"Killona, LA, 70070",
189,0.713,landandfarm,38606732,https://www.landandfarm.com/property/478-acres-in-ellis-county-38606732/,OK,Ellis,478.0,717000.0,1500.0,36.3120915,-99.768073,660.2,0.7702902321438918,843.2,1.0,1968.2,1.0,,,1.0,0.8276,0.75,0.5,,"Gage, OK, 73843",
190,0.713,landwatch,423661813,https://www.landwatch.com/bennett-county-south-dakota-farms-and-ranches-for-sale/pid/423661813,SD,Bennett,478.0,717150.0,1500.31,43.8891446,-103.4239604,1336.3,1.0,72.7,1.0,16406.0,0.0,274.9,,1.0,0.8276,0.7499,0.5,,"Batesland, SD, 57751, Bennett County",
191,0.7127,landwatch,425053612,https://www.landwatch.com/cheyenne-county-kansas-farms-and-ranches-for-sale/pid/425053612,KS,Cheyenne,640.0,1129000.0,1764.06,39.7726611,-101.8000014,1010.0,0.8123092981901888,725.5,0.5459671893493258,864.4,0.11399982105366252,696.4,,1.0,0.8844,0.706,0.5,,"Saint Francis, KS, 67756, Cheyenne County",
192,0.7126,landwatch,426672350,https://www.landwatch.com/platte-county-missouri-undeveloped-land-for-sale/pid/426672350,MO,Platte,844.0,349500.0,414.1,39.3578665,-94.7667869,292.6,0.4170955871663341,1832.1,1.0,2122.8,0.35056558389515624,1311.5,,1.0,0.5843,0.931,0.5,,"Platte City, MO, 64079, Platte County",
193,0.7125,landwatch,426710714,https://www.landwatch.com/jefferson-davis-parish-louisiana-recreational-property-for-sale/pid/426710714,LA,,786.0,471000.0,599.24,30.0806414,-92.7120142,4.3,0.0,,0.6376808195145631,992.8,1.0,3978.7,,1.0,0.6249,0.9001,0.5,,"Lake Arthur, LA, 70549",
194,0.7123,landwatch,419628768,https://www.landwatch.com/texas-county-oklahoma-farms-and-ranches-for-sale/pid/419628768,OK,Texas,969.0,969000.0,1000.0,36.8618817,-101.212052,910.1,0.0,,1.0,1768.5,0.0,45.7,,1.0,0.713,0.8333,0.5,,"Hooker, OK, 73945, Texas County",
195,0.7121,landwatch,421130455,https://www.landwatch.com/jones-county-mississippi-recreational-property-for-sale/pid/421130455,MS,Jones,543.0,1107900.0,2040.33,31.69623,-89.0119542,86.5,0.630631248102512,1234.2,0.05,150.7,0.49778307352427426,1694.2,,1.0,0.9431,0.6599,0.5,,"Laurel, MS, 39443, Jones County",
196,0.7118,landwatch,421037132,https://www.landwatch.com/perkins-county-south-dakota-farms-and-ranches-for-sale/pid/421037132,SD,Perkins,480.0,740000.0,1541.67,45.5242846,-102.4657557,848.0,0.0,3323.8,1.0,,1.0,,,1.0,0.8311,0.7431,0.5,,"Bison, SD, 57620, Perkins County",
197,0.7113,landwatch,423278486,https://www.landwatch.com/harper-county-kansas-farms-and-ranches-for-sale/pid/423278486,KS,Harper,630.0,1180000.0,1873.02,37.013605,-98.184832,383.5,0.12544321183946072,2648.8,1.0,,1.0,,,1.0,0.9022,0.6878,0.5,,"Waldron, KS, 67150, Harper County",
198,0.711,landwatch,425501792,https://www.landwatch.com/dawes-county-nebraska-farms-and-ranches-for-sale/pid/425501792,NE,Dawes,1284.0,1605000.0,1250.0,42.7063287,-103.444453,1168.9,0.19605230153810838,2451.1,1.0,6555.3,1.0,,,1.0,0.7625,0.7917,0.5,,"Crawford, NE, 69339, Dawes County",
199,0.711,landwatch,425795609,https://www.landwatch.com/butte-county-south-dakota-farms-and-ranches-for-sale/pid/425795609,SD,Butte,640.0,1152000.0,1800.0,44.7139711,-103.4203114,864.7,0.6652859579004485,1137.2,1.0,,0.36317382721626673,1344.3,,1.0,0.8844,0.7,0.5,,"Newell, SD, 57760, Butte County",
200,0.7109,landwatch,424619515,https://www.landwatch.com/sawyer-county-wisconsin-recreational-property-for-sale/pid/424619515,WI,Sawyer,960.0,949000.0,988.54,45.6809311,-91.2333351,366.6,0.874270049243983,552.0,1.0,1781.2,1.0,,,1.0,0.7038,0.8352,0.5,,"Exeland, WI, 54835, Sawyer County",
201,0.7107,landwatch,426588492,https://www.landwatch.com/nassau-county-new-york-homes-for-sale/pid/426588492,NY,Nassau,1800.0,699000.0,388.33,40.5883147,-73.6665998,2.0,0.741090936749887,924.9,1.0,3674.2,0.46338927669163216,1604.8,,1.0,0.5697,0.9353,0.5,,"Long Beach, NY, 11561, Nassau County",
202,0.71,landwatch,419347197,https://www.landwatch.com/choctaw-county-alabama-recreational-property-for-sale/pid/419347197,AL,Choctaw,500.0,870000.0,1740.0,31.9401051,-88.2765452,79.4,0.512001707107804,1566.4,1.0,,0.7173724586863176,2265.2,,1.0,0.8667,0.71,0.5,,"Ararat, AL, 36921, Choctaw County",
203,0.7099,landwatch,426261051,https://www.landwatch.com/nassau-county-new-york-homes-for-sale/pid/426261051,NY,Nassau,2582.0,1600000.0,619.67,40.676535,-73.5339696,7.8,0.5530603800153586,1451.4,0.5990069494165617,938.6,0.3586933678285213,1332.6,,1.0,0.6173,0.8967,0.5,,"Bellmore, NY, 11710, Nassau County",
204,0.7099,landwatch,426617640,https://www.landwatch.com/allen-parish-louisiana-undeveloped-land-for-sale/pid/426617640,LA,,700.0,940000.0,1342.86,30.4964379,-93.05692,13.1,0.0,,1.0,,1.0,3750.2,,1.0,0.7778,0.7762,0.5,,"Reeves, LA, 70658",
205,0.7097,landwatch,426186001,https://www.landwatch.com/sequatchie-county-tennessee-undeveloped-land-for-sale/pid/426186001,TN,Sequatchie,1065.0,1597000.0,1499.53,35.3714141,-85.3913219,219.1,1.0,191.8,1.0,4233.7,0.0,199.8,,1.0,0.8119,0.7501,0.5,,"Dunlap, TN, 37327, Sequatchie County",
206,0.7094,landwatch,425080423,https://www.landwatch.com/gogebic-county-michigan-undeveloped-land-for-sale/pid/425080423,MI,Gogebic,431.0,517200.0,1200.0,46.2487598,-89.216972,530.7,0.9514202791367762,336.0,1.0,2967.8,1.0,,,1.0,0.744,0.8,0.5,,"Watersmeet, MI, 49969, Gogebic County",
207,0.7093,landwatch,423772120,https://www.landwatch.com/saint-lawrence-county-new-york-timberland-property-for-sale/pid/423772120,NY,Saint Lawrence,432.0,523000.0,1210.65,44.5370455,-74.9319529,269.3,0.8736953384331072,553.7,0.05,154.6,0.44939151222030693,1568.4,,1.0,0.7458,0.7982,0.5,,"Colton, NY, 13625, Saint Lawrence County",
208,0.7092,landwatch,422111416,https://www.landwatch.com/lake-county-oregon-farms-and-ranches-for-sale/pid/422111416,OR,Lake,1346.0,1346900.0,1000.67,42.1953106,-120.3488516,1454.4,0.0,,0.6553886012326667,1017.5,0.2768492915970572,1119.8,,1.0,0.6986,0.8332,0.5,,"Lakeview, OR, 97630, Lake County",
209,0.709,landwatch,417786865,https://www.landwatch.com/klamath-county-oregon-recreational-property-for-sale/pid/417786865,OR,Klamath,775.0,590000.0,761.29,42.5142526,-121.8723866,1372.7,0.0,,0.2555178039138046,457.7,0.9586629904190678,2892.5,,1.0,0.6444,0.8731,0.5,,"Sprague River, OR, 97624, Klamath County",
210,0.709,landwatch,422909859,https://www.landwatch.com/columbia-county-washington-farms-and-ranches-for-sale/pid/422909859,WA,Columbia,473.0,731000.0,1545.45,46.3170707,-117.9801817,489.4,0.0,,0.6039068028780799,945.5,0.0,249.4,,1.0,0.8187,0.7424,0.5,,"Dayton, WA, 99328, Columbia County",
211,0.7086,landwatch,425834382,https://www.landwatch.com/steuben-county-new-york-recreational-property-for-sale/pid/425834382,NY,Steuben,551.0,1200000.0,2177.86,42.258742,-77.5866026,345.8,0.7953423419572244,773.0,0.08426039354115314,218.0,0.2331849751651507,1006.3,,1.0,0.9573,0.637,0.5,,"Canisteo, NY, 14823, Steuben County",
212,0.7084,landwatch,413113841,https://www.landwatch.com/okanogan-county-washington-farms-and-ranches-for-sale/pid/413113841,WA,Okanogan,960.0,998990.0,1040.61,48.523776,-119.410796,879.4,0.0,,1.0,,1.0,,,1.0,0.7038,0.8266,0.5,,"Riverside, WA, 98849, Okanogan County",
213,0.7081,landwatch,426466129,https://www.landwatch.com/decatur-county-georgia-homes-for-sale/pid/426466129,GA,Decatur,1601.0,135000.0,84.32,30.8588982,-84.5825158,30.7,0.9871966341177317,235.8,0.31035214209878,534.5,0.8879985050987443,2708.8,,1.0,0.49,0.9859,0.5,,"Bainbridge, GA, 39819, Decatur County",
214,0.7076,landwatch,422465587,https://www.landwatch.com/greene-county-pennsylvania-recreational-property-for-sale/pid/422465587,PA,Greene,492.0,849000.0,1725.61,39.9964495,-80.4483825,400.8,0.6720946158318103,1118.1,1.0,3683.2,1.0,,,1.0,0.8524,0.7124,0.5,,"West Finley, PA, 15377, Greene County",
215,0.7073,landwatch,426121414,https://www.landwatch.com/shelby-county-tennessee-recreational-property-for-sale/pid/426121414,TN,Shelby,356.0,229500.0,644.66,35.2198535,-90.0057874,74.8,0.6586357402688787,1155.8,1.0,2544.7,0.2329883125576344,1005.8,,1.0,0.6107,0.8926,0.5,,"Memphis, TN, 38127, Shelby County",
216,0.7072,landwatch,419816910,https://www.landwatch.com/houghton-county-michigan-undeveloped-land-for-sale/pid/419816910,MI,Houghton,400.0,399900.0,999.75,47.2036618,-88.3875485,200.4,0.9519855744468082,334.4,1.0,,1.0,,,1.0,0.6889,0.8334,0.5,,"Lake Linden, MI, 49945, Houghton County",
217,0.707,landwatch,426059489,https://www.landwatch.com/kings-county-new-york-homes-for-sale/pid/426059489,NY,Kings,1800.0,838000.0,465.56,40.619033,-73.9235777,4.6,0.2764381425703566,2226.0,1.0,11901.0,1.0,,,1.0,0.5697,0.9224,0.5,,"Brooklyn, NY, 11234, Kings County",
218,0.7067,landwatch,426106591,https://www.landwatch.com/phillips-county-kansas-farms-and-ranches-for-sale/pid/426106591,KS,Phillips,480.0,792000.0,1650.0,39.5478599,-99.5594289,652.3,0.42745938418092355,1803.1,1.0,,1.0,,,1.0,0.8311,0.725,0.5,,"Logan, KS, 67646, Phillips County",
219,0.7066,landwatch,419330357,https://www.landwatch.com/kings-county-new-york-homes-for-sale/pid/419330357,NY,Kings,2441.0,2300000.0,942.24,40.5989687,-73.973072,6.1,0.0,,1.0,10981.7,0.5398820488407318,1803.7,,1.0,0.6737,0.843,0.5,,"Brooklyn, NY, 11223, Kings County",
220,0.7065,landwatch,424915064,https://www.landwatch.com/robeson-county-north-carolina-recreational-property-for-sale/pid/424915064,NC,Robeson,517.0,1008150.0,1950.0,34.4602554,-79.0285546,34.8,0.9365043665885427,377.8,1.0,4829.6,1.0,,,1.0,0.8969,0.675,0.5,,"Orrum, NC, 28369, Robeson County",
221,0.7062,landwatch,425903692,https://www.landwatch.com/pushmataha-county-oklahoma-recreational-property-for-sale/pid/425903692,OK,Pushmataha,640.0,1216000.0,1900.0,34.538801,-94.933429,265.3,1.0,194.5,1.0,,1.0,,,1.0,0.8844,0.6833,0.5,,"Honobia, OK, 74549, Pushmataha County",
222,0.7058,landwatch,424282479,https://www.landwatch.com/tangipahoa-parish-louisiana-recreational-property-for-sale/pid/424282479,LA,,1335.0,1500000.0,1123.6,30.6278474,-90.5238664,22.0,0.7375468831735319,934.9,0.9755831665784739,1465.8,0.1238480842196111,722.0,,1.0,0.71,0.8127,0.5,,"Independence, LA, 70443",
223,0.7054,landwatch,425483815,https://www.landwatch.com/queens-county-new-york-homes-for-sale/pid/425483815,NY,Queens,1800.0,899000.0,499.44,40.7289802,-73.8209632,20.9,0.6990114115268413,1042.8,1.0,1761.6,0.9249677767163773,2804.9,,1.0,0.5697,0.9168,0.5,,"Flushing, NY, 11367, Queens County",
224,0.7052,landwatch,425489963,https://www.landwatch.com/reynolds-county-missouri-farms-and-ranches-for-sale/pid/425489963,MO,Reynolds,520.0,1040000.0,2000.0,37.2398775,-90.9698137,203.4,0.880974656401344,533.3,0.5779436191905664,909.1,0.9138256188135135,2775.9,,1.0,0.9022,0.6667,0.5,,"Ellington, MO, 63638, Reynolds County",
225,0.7052,landwatch,426334200,https://www.landwatch.com/stevens-county-kansas-farms-and-ranches-for-sale/pid/426334200,KS,Stevens,477.0,790000.0,1656.18,37.1758798,-101.3455296,946.9,0.0,,0.9666172181375041,1453.3,0.0,392.5,,1.0,0.8258,0.724,0.5,,"Hugoton, KS, 67951, Stevens County",
226,0.705,landwatch,424131494,https://www.landwatch.com/houghton-county-michigan-undeveloped-land-for-sale/pid/424131494,MI,Houghton,400.0,418000.0,1045.0,47.2036618,-88.3875485,200.4,0.9519855744468082,334.4,1.0,,1.0,,,1.0,0.6889,0.8258,0.5,,"Lake Linden, MI, 49945, Houghton County",
227,0.705,landwatch,415075732,https://www.landwatch.com/harney-county-oregon-recreational-property-for-sale/pid/415075732,OR,Harney,513.0,1000000.0,1949.32,43.5454322,-119.1447476,1375.4,0.0,,1.0,2598.8,1.0,3202.6,,1.0,0.8898,0.6751,0.5,,"Burns, OR, 97720, Harney County",
228,0.7048,landwatch,425859225,https://www.landwatch.com/klamath-county-oregon-undeveloped-land-for-sale/pid/425859225,OR,Klamath,935.0,935000.0,1000.0,42.2456064,-121.7720706,1403.1,0.0,,0.1515087567023975,312.1,0.513314567549485,1734.6,,1.0,0.678,0.8333,0.5,,"Klamath Falls, OR, 97601, Klamath County",
229,0.7047,landwatch,424342538,https://www.landwatch.com/meade-county-south-dakota-farms-and-ranches-for-sale/pid/424342538,SD,Meade,1166.0,2250000.0,1929.67,44.0850817,-102.848774,871.8,0.8656418207088004,576.2,0.2226910202815059,411.8,0.6600751734458334,2116.2,,1.0,0.884,0.6784,0.5,,"New Underwood, SD, 57761, Meade County",
230,0.7046,landwatch,425614533,https://www.landwatch.com/hitchcock-county-nebraska-farms-and-ranches-for-sale/pid/425614533,NE,Hitchcock,1200.0,2130000.0,1775.0,40.3549333,-101.1182028,839.8,0.6366397648472215,1217.4,1.0,2601.1,0.5599472092377246,1855.9,,1.0,0.849,0.7042,0.5,,"Palisade, NE, 69040, Hitchcock County",
231,0.7045,landwatch,420073078,https://www.landwatch.com/volusia-county-florida-commercial-property-for-sale/pid/420073078,FL,Volusia,2790.0,999000.0,358.06,29.2152422,-81.0052385,3.8,0.0,,1.0,22214.7,0.6561026140494891,2105.9,,1.0,0.5341,0.9403,0.5,,"Daytona Beach, FL, 32118, Volusia County",
232,0.7045,landsearch,5083755,https://www.landsearch.com/properties/e-rd-100-s-quinter-ks-67740/5083755,KS,Sheridan,468.0,748800.0,1600.0,39.355279,-100.4398693,824.7,0.7233830632430197,974.5,1.0,,0.0,345.8,,1.0,0.8098,0.7333,0.5,,"Quinter, KS 67740",
233,0.7045,landandfarm,34978517,https://www.landandfarm.com/property/rawlins-county-grassland-34978517/,KS,Rawlins,418.0,501600.0,1200.0,39.9171429,-101.1124961,938.6,0.0,,1.0,,1.0,,,1.0,0.7209,0.8,0.5,,"Ludell, KS, 67730",
234,0.7044,landwatch,426531249,https://www.landwatch.com/gwinnett-county-georgia-homes-for-sale/pid/426531249,GA,Gwinnett,620.0,1300000.0,2096.77,34.0100679,-83.9016661,305.2,1.0,198.7,0.9213463427996335,1389.9,0.7856683749964761,2442.7,,1.0,0.92,0.6505,0.5,,"Dacula, GA, 30019, Gwinnett County",
235,0.7043,landwatch,425019651,https://www.landwatch.com/queens-county-new-york-homes-for-sale/pid/425019651,NY,Queens,2760.0,1149000.0,416.3,40.7038682,-73.8926633,27.0,0.0,,0.12806845027992345,279.3,0.9159374627309175,2781.4,,1.0,0.5461,0.9306,0.5,,"Glendale, NY, 11385, Queens County",
236,0.704,landwatch,425549870,https://www.landwatch.com/rooks-county-kansas-farms-and-ranches-for-sale/pid/425549870,KS,Rooks,622.0,1300000.0,2090.03,39.4247399,-99.1016187,530.4,0.5181308708412065,1549.2,1.0,7433.5,1.0,,,1.0,0.9164,0.6517,0.5,,"Woodston, KS, 67675, Rooks County",
237,0.7039,landwatch,426061761,https://www.landwatch.com/queens-county-new-york-homes-for-sale/pid/426061761,NY,Queens,2800.0,989000.0,353.21,40.593376,-73.7963042,1.5,0.6581526565219027,1157.2,0.10439201133110336,246.1,0.09972676256888834,659.3,,1.0,0.5301,0.9411,0.5,,"Arverne, NY, 11692, Queens County",
238,0.7036,landwatch,422534036,https://www.landwatch.com/iowa-county-iowa-commercial-property-for-sale/pid/422534036,IA,Iowa,2023.0,1900000.0,939.2,42.4639428,-96.3525956,361.0,0.16207166279090202,2546.2,1.0,1873.8,0.45499269845388207,1583.0,,1.0,0.6589,0.8435,0.5,,"Sioux City, IA, 51106, Iowa County",
239,0.7036,landwatch,426170937,https://www.landwatch.com/carroll-county-mississippi-undeveloped-land-for-sale/pid/426170937,MS,Carroll,647.0,1228654.0,1899.0,33.5159478,-89.9164777,66.3,0.8357477415038796,659.9,1.0,2336.1,0.9907936194904342,2976.1,,1.0,0.872,0.6835,0.5,,"Carrollton, MS, 38917, Carroll County",
240,0.7034,landwatch,418373206,https://www.landwatch.com/kings-county-new-york-homes-for-sale/pid/418373206,NY,Kings,2600.0,1880000.0,723.08,40.6020681,-73.9966626,6.5,0.0,,1.0,11890.6,0.8008164710817577,2482.1,,1.0,0.6101,0.8795,0.5,,"Brooklyn, NY, 11214, Kings County",
241,0.7029,landwatch,423311969,https://www.landwatch.com/wasco-county-oregon-farms-and-ranches-for-sale/pid/423311969,OR,Wasco,687.0,1095000.0,1593.89,45.4534958,-121.1272268,409.6,0.0,,0.16551386460864329,331.7,0.14205845861926403,769.4,,1.0,0.8009,0.7344,0.5,,"Dufur, OR, 97021, Wasco County",
242,0.7028,landwatch,425758484,https://www.landwatch.com/perry-county-tennessee-recreational-property-for-sale/pid/425758484,TN,Perry,969.0,1162800.0,1200.0,35.6108672,-87.8437087,157.3,0.8203767662351675,702.9,1.0,23336.7,0.5074658494859573,1719.4,,1.0,0.713,0.8,0.5,,"Linden, TN, 37096, Perry County",
243,0.7026,landwatch,422319681,https://www.landwatch.com/montgomery-county-georgia-recreational-property-for-sale/pid/422319681,GA,Montgomery,637.0,1274000.0,2000.0,32.0246426,-82.4954756,48.4,0.9399858269813196,368.0,1.0,1547.4,0.6816620511703921,2172.3,,1.0,0.8898,0.6667,0.5,,"Uvalda, GA, 30473, Montgomery County",
244,0.7024,landwatch,425147006,https://www.landwatch.com/whitley-county-kentucky-undeveloped-land-for-sale/pid/425147006,KY,Whitley,575.0,1437500.0,2500.0,36.7294231,-84.1587731,281.1,1.0,198.5,0.8179547452918384,1245.1,0.06093494736978069,558.4,,1.0,1.0,0.5833,0.5,,"Williamsburg, KY, 40769, Whitley County",
245,0.7018,landwatch,426588127,https://www.landwatch.com/holt-county-nebraska-farms-and-ranches-for-sale/pid/426588127,NE,Holt,479.0,835200.0,1743.63,42.4304452,-98.7540783,614.2,0.0,,1.0,2986.2,1.0,,,1.0,0.8293,0.7094,0.5,,"Ave. East of Inman, NE",
246,0.7017,landwatch,426583837,https://www.landwatch.com/campbell-county-tennessee-recreational-property-for-sale/pid/426583837,TN,Campbell,758.0,795900.0,1050.0,35.8156105,-84.2843525,291.6,0.9973369614655573,207.5,0.7504982202411385,1150.7,0.6730462397307988,2149.9,,1.0,0.6747,0.825,0.5,,"Pioneer, TN, 37771, Campbell County",
247,0.7017,landwatch,425098309,https://www.landwatch.com/beckham-county-oklahoma-farms-and-ranches-for-sale/pid/425098309,OK,Beckham,640.0,1276800.0,1995.0,35.423939,-99.911648,662.3,0.54617771076391,1470.7,0.4234267053095011,692.8,1.0,,,1.0,0.8844,0.6675,0.5,,"Sweetwater, OK, 73666, Beckham County",
248,0.7016,landwatch,425802221,https://www.landwatch.com/umatilla-county-oregon-farms-and-ranches-for-sale/pid/425802221,OR,Umatilla,577.0,1442500.0,2500.0,45.8505931,-118.6531502,536.5,0.0,,1.0,2391.8,1.0,,,1.0,0.9964,0.5833,0.5,,"Helix, OR, 97835, Umatilla County",
249,0.7014,landwatch,422338752,https://www.landwatch.com/le-flore-county-oklahoma-recreational-property-for-sale/pid/422338752,OK,Le Flore,1134.0,2262150.0,1994.84,35.1280784,-94.5696969,144.3,1.0,196.6,1.0,5587.1,1.0,,,1.0,0.883,0.6675,0.5,,"Cameron, OK, 74932, Le Flore County",
250,0.7005,landwatch,424095677,https://www.landwatch.com/butte-county-south-dakota-farms-and-ranches-for-sale/pid/424095677,SD,Butte,1278.0,1914600.0,1498.12,44.7139711,-103.4203114,864.7,0.6652859579004485,1137.2,1.0,,0.36317382721626673,1344.3,,1.0,0.7687,0.7503,0.5,,"TBD Graf Road Newell, SD 57760",
251,0.7002,landwatch,420774618,https://www.landwatch.com/scott-county-tennessee-recreational-property-for-sale/pid/420774618,TN,Scott,1272.0,1950000.0,1533.02,36.5642586,-84.4374116,433.7,0.8795689195915462,537.2,1.0,2264.1,0.6135441978488544,1995.2,,1.0,0.7748,0.7445,0.5,,"Winfield, TN, 37892, Scott County",
252,0.6999,landwatch,426716686,https://www.landwatch.com/harney-county-oregon-farms-and-ranches-for-sale/pid/426716686,OR,Harney,640.0,1300000.0,2031.25,43.5454322,-119.1447476,1375.4,0.0,,1.0,2598.8,1.0,3202.6,,1.0,0.8844,0.6615,0.5,,"Burns, OR, 97720, Harney County",
253,0.6992,landwatch,424988630,https://www.landwatch.com/gilliam-county-oregon-farms-and-ranches-for-sale/pid/424988630,OR,Gilliam,898.0,850000.0,946.55,44.9997441,-120.2139679,812.3,0.0,,0.497304735860051,796.2,1.0,,,1.0,0.6399,0.8422,0.5,,"Fossil, OR, 97830, Gilliam County",
254,0.6989,landwatch,426039449,https://www.landwatch.com/dallas-county-arkansas-recreational-property-for-sale/pid/426039449,AR,Dallas,503.0,1004283.0,1996.59,33.816015,-92.4184503,84.0,0.9036087539919115,469.9,0.6056193526889035,947.9,0.1970944421914274,912.4,,1.0,0.872,0.6672,0.5,,"Fordyce, AR, 71742, Dallas County",
255,0.6989,landwatch,425965351,https://www.landwatch.com/scott-county-tennessee-undeveloped-land-for-sale/pid/425965351,TN,Scott,1016.0,1524090.0,1500.09,36.3815391,-84.4527091,402.1,0.6267737023478541,1245.0,1.0,2674.0,0.0,63.7,,1.0,0.7615,0.75,0.5,,"Huntsville, TN, 37756, Scott County",
256,0.6988,landwatch,426449587,https://www.landwatch.com/kings-county-new-york-homes-for-sale/pid/426449587,NY,Kings,2000.0,1999999.0,1000.0,40.6623357,-73.9531821,18.8,0.0,,1.0,17233.7,0.11995111900785276,711.9,,1.0,0.6497,0.8333,0.5,,"Brooklyn, NY, 11225, Kings County",
257,0.698,landwatch,424411603,https://www.landwatch.com/jefferson-county-mississippi-recreational-property-for-sale/pid/424411603,MS,Jefferson,3000.0,349000.0,116.33,31.8705012,-91.0561757,90.5,0.5820934523763821,1370.1,1.0,1757.8,1.0,,,1.0,0.45,0.9806,0.5,,"Lorman, MS, 39096, Jefferson County",
258,0.6975,landwatch,420886442,https://www.landwatch.com/lauderdale-county-mississippi-recreational-property-for-sale/pid/420886442,MS,Lauderdale,694.0,1145100.0,1650.0,32.4196985,-88.5091072,85.5,0.9737810319524447,273.4,1.0,1934.9,0.8806270521846168,2689.6,,1.0,0.7884,0.725,0.5,,"Chunky, MS, 39364, Lauderdale County",
259,0.6973,landwatch,421805394,https://www.landwatch.com/charlevoix-county-michigan-undeveloped-land-for-sale/pid/421805394,MI,Charlevoix,561.0,1400000.0,2495.54,45.7186489,-85.5379186,198.1,0.0,,1.0,,1.0,3445.2,,1.0,0.9751,0.5841,0.5,,"Beaver Island, MI, 49782, Charlevoix County",
260,0.6972,landwatch,419418800,https://www.landwatch.com/union-county-oregon-farms-and-ranches-for-sale/pid/419418800,OR,Union,2389.0,2950000.0,1234.83,45.5645644,-117.9220518,819.5,0.0,,0.38084349982372934,633.2,1.0,,,1.0,0.6946,0.7942,0.5,,"Elgin, OR, 97827, Union County",
261,0.6971,landsearch,5218114,https://www.landsearch.com/properties/centreville-al-35042/5218114,AL,Bibb,573.0,1486369.0,2594.01,32.9523907,-87.1389578,82.2,0.8580264754730211,597.5,1.0,,0.05,428.1,,1.0,0.9964,0.5677,0.5,,"Centreville, AL 35042",
262,0.697,landwatch,424335057,https://www.landwatch.com/washington-county-mississippi-hunting-property-for-sale/pid/424335057,MS,Washington,1550.0,350000.0,225.81,33.4173511,-91.0249026,36.9,1.0,199.7,0.8068715053899331,1229.6,0.09047938270115091,635.2,,1.0,0.4696,0.9624,0.5,,"Winn Road Greenville, MS 38703",
263,0.6968,landwatch,424811753,https://www.landwatch.com/yazoo-county-mississippi-recreational-property-for-sale/pid/424811753,MS,Yazoo,916.0,989000.0,1079.69,32.8454066,-90.4206987,26.4,1.0,85.4,0.0,67.5,0.0,288.6,,1.0,0.6585,0.8201,0.5,,"Yazoo City, MS, 39194, Yazoo County",
264,0.6964,landwatch,426297037,https://www.landwatch.com/lowndes-county-alabama-undeveloped-land-for-sale/pid/426297037,AL,Lowndes,528.0,1188000.0,2250.0,32.1813668,-86.6500141,51.9,0.09240113196923938,2741.3,0.28107989214753204,493.5,1.0,,,1.0,0.9164,0.625,0.5,,"Hayneville, AL, 36040, Lowndes County",
265,0.6957,landwatch,421006308,https://www.landwatch.com/clay-county-tennessee-farms-and-ranches-for-sale/pid/421006308,TN,Clay,1157.0,2500000.0,2160.76,36.4097936,-85.454493,334.6,1.0,174.6,1.0,3860.2,1.0,,,1.0,0.8933,0.6399,0.5,,"Hilham, TN, 38568, Clay County",
266,0.6955,landwatch,426047985,https://www.landwatch.com/botetourt-county-virginia-undeveloped-land-for-sale/pid/426047985,VA,Botetourt,482.0,915800.0,1900.0,37.6727195,-79.8260635,341.4,0.5240672788908403,1532.6,0.804135882818394,1225.8,1.0,,,1.0,0.8347,0.6833,0.5,,"Eagle Rock, VA, 24085, Botetourt County",
267,0.6954,landwatch,424067636,https://www.landwatch.com/kings-county-new-york-homes-for-sale/pid/424067636,NY,Kings,1000.0,1500000.0,1500.0,40.6274782,-73.945663,8.1,0.0,,1.0,13341.5,1.0,,,1.0,0.745,0.75,0.5,,"Brooklyn, NY, 11210, Kings County",
268,0.6952,landwatch,418327291,https://www.landwatch.com/baraga-county-michigan-lakefront-property-for-sale/pid/418327291,MI,Baraga,400.0,500000.0,1250.0,46.5336696,-88.1063017,472.4,0.6905790154472202,1066.4,0.7760116494326754,1186.4,0.53723086313824,1796.8,,1.0,0.6889,0.7917,0.5,,"Michigamme, MI, 49861, Baraga County",
269,0.6952,landwatch,424689902,https://www.landwatch.com/klamath-county-oregon-farms-and-ranches-for-sale/pid/424689902,OR,Klamath,1850.0,1490000.0,805.41,42.1998458,-121.740762,1248.0,0.0,,0.09939684617653181,239.2,1.0,,,1.0,0.5897,0.8658,0.5,,"Klamath Falls, OR, 97603, Klamath County",
270,0.6944,landwatch,426062326,https://www.landwatch.com/duplin-county-north-carolina-recreational-property-for-sale/pid/426062326,NC,Duplin,1369.0,1650000.0,1205.26,35.1674537,-78.0508342,47.3,0.2244342829765108,2371.6,0.24003683969666367,436.1,1.0,3695.0,,1.0,0.6749,0.7991,0.5,,"Mount Olive, NC, 28365, Duplin County",
271,0.6944,landwatch,424240588,https://www.landwatch.com/wayne-county-north-carolina-homes-for-sale/pid/424240588,NC,Wayne,1369.0,1650000.0,1205.26,35.1674537,-78.0508342,47.3,0.2244342829765108,2371.6,0.24003683969666367,436.1,1.0,3695.0,,1.0,0.6749,0.7991,0.5,,"Mount Olive, NC, 28365, Wayne County",
272,0.6941,landwatch,423674694,https://www.landwatch.com/desoto-county-mississippi-hunting-property-for-sale/pid/423674694,MS,Desoto,3000.0,599000.0,199.67,34.8915276,-90.1434787,90.9,0.7394981919646805,929.4,1.0,5105.5,0.6593644390376743,2114.3,,1.0,0.45,0.9667,0.5,,"Lake Cormorant, MS, 38641, DeSoto County",
273,0.6938,landandfarm,41013564,https://www.landandfarm.com/property/land-saluda-va-41013564/,VA,Middlesex,658.0,1326200.0,2015.5,37.581126,-76.5995835,7.1,0.7179033975393647,989.9,1.0,2250.3,0.9807822828522165,2950.0,,1.0,0.8524,0.6641,0.5,,"Saluda, VA, 23149",
274,0.6935,landwatch,425854922,https://www.landwatch.com/wasco-county-oregon-recreational-property-for-sale/pid/425854922,OR,Wasco,720.0,1099000.0,1526.39,45.4534958,-121.1272268,409.6,0.0,,0.16551386460864329,331.7,0.14205845861926403,769.4,,1.0,0.7422,0.7456,0.5,,"Dufur, OR, 97021, Wasco County",
275,0.6934,landwatch,426062865,https://www.landwatch.com/gosper-county-nebraska-farms-and-ranches-for-sale/pid/426062865,NE,Gosper,636.0,1400000.0,2201.26,40.6238201,-99.8506374,804.8,0.0,,1.0,4046.8,1.0,4069.8,,1.0,0.8916,0.6331,0.5,,"Elwood, NE, 68937, Gosper County",
276,0.6932,landwatch,424004276,https://www.landwatch.com/texas-county-oklahoma-farms-and-ranches-for-sale/pid/424004276,OK,Texas,1440.0,1296000.0,900.0,36.5062704,-101.7745553,1064.1,0.0,,0.32305226264967285,552.3,0.11663588771213164,703.3,,1.0,0.6018,0.85,0.5,,"Eva, OK, 73949, Texas County",
277,0.6931,landwatch,423511572,https://www.landwatch.com/malheur-county-oregon-recreational-property-for-sale/pid/423511572,OR,Malheur,1490.0,1000000.0,671.14,44.338206,-117.881641,1144.8,0.0,,1.0,3079.6,1.0,,,1.0,0.5503,0.8881,0.5,,"Ironside, OR, 97908, Malheur County",
278,0.6931,landwatch,410181333,https://www.landwatch.com/greene-county-mississippi-timberland-property-for-sale/pid/410181333,MS,Greene,480.0,928800.0,1935.0,31.1538233,-88.5771626,42.9,1.0,199.4,1.0,,0.9491818005148478,2867.9,,1.0,0.8311,0.6775,0.5,,"Leakesville, MS, 39451, Greene County",
279,0.6931,landsearch,5077366,https://www.landsearch.com/properties/highway-30-brady-ne-69123/5077366,NE,Lincoln,1084.0,2100000.0,1937.27,41.0202896,-100.3683664,807.6,0.1934046276291037,2458.5,0.9946738719792253,1492.5,0.20656523605616506,937.1,,1.0,0.8315,0.6771,0.5,,"Brady, NE 69123",
280,0.693,landwatch,424305324,https://www.landwatch.com/harney-county-oregon-recreational-property-for-sale/pid/424305324,OR,Harney,1920.0,1875000.0,976.56,43.5414109,-119.1009069,1404.9,0.0,,0.48318102217211567,776.5,1.0,,,1.0,0.6177,0.8372,0.5,,"Hines, OR, 97738, Harney County",
281,0.6929,landwatch,425410682,https://www.landwatch.com/custer-county-oklahoma-farms-and-ranches-for-sale/pid/425410682,OK,Custer,600.0,1500000.0,2500.0,35.6355512,-99.1853417,538.9,0.0,,1.0,,0.05,511.3,,1.0,0.9556,0.5833,0.5,,"Butler, OK, 73625, Custer County",
282,0.6928,landsearch,5078602,https://www.landsearch.com/properties/355th-st-lancaster-mn-56735/5078602,MN,Kittson,417.0,599000.0,1436.45,48.9687428,-96.8138951,288.8,0.0,,1.0,63520.3,1.0,,,1.0,0.7191,0.7606,0.5,,"Lancaster, MN 56735",
283,0.6927,landwatch,424170894,https://www.landwatch.com/liberty-county-florida-recreational-property-for-sale/pid/424170894,FL,Liberty,588.0,1528514.0,2599.51,30.3878455,-84.9821151,43.4,0.8407619243694658,645.9,1.0,19439.4,1.0,,,1.0,0.9769,0.5667,0.5,,"Bristol, FL, 32321, Liberty County",
284,0.6926,landwatch,426528486,https://www.landwatch.com/evangeline-parish-louisiana-recreational-property-for-sale/pid/426528486,LA,,487.0,975000.0,2002.05,30.7054326,-92.3017485,20.3,0.0,,1.0,8093.0,0.3400303937870625,1284.1,,1.0,0.8436,0.6663,0.5,,"Ville Platte, LA, 70586",
285,0.6922,landwatch,422984419,https://www.landwatch.com/walla-walla-county-washington-farms-and-ranches-for-sale/pid/422984419,WA,Walla Walla,846.0,721000.0,852.25,46.2986452,-118.3162453,322.3,0.0,,1.0,10031.6,1.0,,,1.0,0.5864,0.858,0.5,,"Prescott, WA, 99348, Walla Walla County",
286,0.6921,landwatch,423739652,https://www.landwatch.com/itasca-county-minnesota-recreational-property-for-sale/pid/423739652,MN,Itasca,473.0,899000.0,1900.63,47.0678843,-93.225607,388.3,0.5293145660484928,1517.9,1.0,18843.8,1.0,,,1.0,0.8187,0.6832,0.5,,"Swan River, MN, 55784, Itasca County",
287,0.6913,landwatch,422675989,https://www.landwatch.com/baker-county-oregon-recreational-property-for-sale/pid/422675989,OR,Baker,1876.0,1750000.0,932.84,44.4545181,-118.1907634,1204.7,0.0,,0.17203506823273224,340.8,1.0,,,1.0,0.6001,0.8445,0.5,,"Unity, OR, 97884, Baker County",
288,0.6908,landwatch,423311971,https://www.landwatch.com/wasco-county-oregon-farms-and-ranches-for-sale/pid/423311971,OR,Wasco,1000.0,1595000.0,1595.0,45.4534958,-121.1272268,409.6,0.0,,0.16551386460864329,331.7,0.14205845861926403,769.4,,1.0,0.745,0.7342,0.5,,"Dufur, OR, 97021, Wasco County",
289,0.6908,landwatch,414541201,https://www.landwatch.com/dade-county-georgia-recreational-property-for-sale/pid/414541201,GA,Dade,611.0,1500000.0,2454.99,34.8886608,-85.520883,438.1,0.8766733757849273,545.3,1.0,2410.3,0.698587478502038,2216.3,,1.0,0.936,0.5908,0.5,,"Trenton, GA, 30752, Dade County",
290,0.6904,landwatch,425226784,https://www.landwatch.com/queens-county-new-york-homes-for-sale/pid/425226784,NY,Queens,3000.0,829000.0,276.33,40.7452841,-73.71158,35.5,0.0,,1.0,8213.1,0.7036309849178176,2229.4,,1.0,0.45,0.9539,0.5,,"Glen Oaks, NY, 11004, Queens County",
291,0.6901,landandfarm,37572782,https://www.landandfarm.com/property/red-river-ranch-37572782/,OK,Jackson,1130.0,2500000.0,2212.39,34.4507113,-99.5331666,428.4,0.0,,1.0,1917.4,1.0,,,1.0,0.8789,0.6313,0.5,,"Eldorado, OK, 73537",
292,0.69,landwatch,426505779,https://www.landwatch.com/hertford-county-north-carolina-recreational-property-for-sale/pid/426505779,NC,Hertford,615.0,1500000.0,2439.02,36.2136387,-77.1109829,20.8,0.5783553485701974,1380.6,1.0,4886.8,1.0,,,1.0,0.9289,0.5935,0.5,,"Aulander, NC, 27805, Hertford County",
293,0.689,landwatch,426207688,https://www.landwatch.com/howell-county-missouri-recreational-property-for-sale/pid/426207688,MO,Howell,525.0,1250000.0,2380.95,36.7237957,-91.8659659,336.8,0.5168016706391032,1553.0,0.7500703576907108,1150.1,0.0,315.3,,1.0,0.9111,0.6032,0.5,,"West Plains, MO, 65775, Howell County",
294,0.6887,landwatch,423674433,https://www.landwatch.com/grenada-county-mississippi-undeveloped-land-for-sale/pid/423674433,MS,Grenada,622.0,1499712.0,2411.11,33.9463016,-89.6758593,78.8,0.0,3779.4,1.0,3165.5,1.0,,,1.0,0.9164,0.5981,0.5,,"Coffeeville, MS, 38922, Grenada County",
295,0.6887,landwatch,426547560,https://www.landwatch.com/crook-county-oregon-farms-and-ranches-for-sale/pid/426547560,OR,Crook,969.0,1450000.0,1496.39,44.2808132,-120.8328531,891.7,0.0,,1.0,7999.0,1.0,3355.1,,1.0,0.713,0.7506,0.5,,"Prineville, OR, 97754, Crook County",
296,0.6887,landandfarm,37754676,https://www.landandfarm.com/property/611-acres-in-latimer-county-ok-37754676/,OK,Latimer,611.0,1527500.0,2500.0,35.1174716,-95.2414129,164.1,0.9067778249776379,461.0,1.0,,0.0,49.2,,1.0,0.936,0.5833,0.5,,"Lequire, OK, 74552",
297,0.6887,landwatch,426733673,https://www.landwatch.com/russell-county-kansas-farms-and-ranches-for-sale/pid/426733673,KS,Russell,626.0,1490000.0,2380.19,38.8456816,-98.701553,548.6,0.0,,1.0,7965.2,1.0,,,1.0,0.9093,0.6033,0.5,,"Bunker Hill, KS, 67626, Russell County",
298,0.6885,landwatch,426374860,https://www.landwatch.com/rooks-county-kansas-farms-and-ranches-for-sale/pid/426374860,KS,Rooks,467.0,900000.0,1927.19,39.4479873,-99.3486724,580.3,0.9435837408382795,358.0,1.0,3636.6,1.0,,,1.0,0.808,0.6788,0.5,,"Stockton, KS, 67669, Rooks County",
299,0.688,landwatch,420369586,https://www.landwatch.com/mitchell-county-texas-farms-and-ranches-for-sale/pid/420369586,TX,Mitchell,660.0,1400000.0,2121.21,32.3589815,-101.0103174,661.9,0.0,,0.11348667111767226,258.9,1.0,,,1.0,0.8489,0.6465,0.5,,"Westbrook, TX, 79565, Mitchell County",
300,0.6879,landwatch,426531049,https://www.landwatch.com/hardin-county-texas-timberland-property-for-sale/pid/426531049,TX,Hardin,641.0,1458343.0,2275.11,30.3136154,-94.529651,24.7,0.6093934347696917,1293.7,1.0,16287.4,1.0,,,1.0,0.8827,0.6208,0.5,,"Kountze, TX, 77585, Hardin County",
301,0.6879,landwatch,426555581,https://www.landwatch.com/fulton-county-georgia-homes-for-sale/pid/426555581,GA,Fulton,905.0,1100000.0,1215.47,33.9762117,-84.3232919,280.2,1.0,194.4,1.0,1949.7,0.48676737367422157,1665.6,,1.0,0.6471,0.7974,0.5,,"Sandy Springs, GA, 30350, Fulton County",
302,0.6872,landwatch,426661248,https://www.landwatch.com/howell-county-missouri-recreational-property-for-sale/pid/426661248,MO,Howell,1107.0,2400000.0,2168.02,39.248884,-94.5923139,297.3,0.1046741099431675,2706.9,1.0,3281.1,0.05,456.7,,1.0,0.8552,0.6387,0.5,,"West Plains, MO, 64775, Howell County",
303,0.6866,landwatch,426022230,https://www.landwatch.com/beaver-county-oklahoma-farms-and-ranches-for-sale/pid/426022230,OK,Beaver,2080.0,2912000.0,1400.0,36.8132479,-100.5201436,734.7,0.7366844139656626,937.3,1.0,,0.0,85.1,,1.0,0.6818,0.7667,0.5,,"Beaver, OK, 73932, Beaver County",
304,0.6862,landwatch,420323932,https://www.landwatch.com/benton-county-tennessee-recreational-property-for-sale/pid/420323932,TN,Benton,935.0,1300000.0,1390.37,36.0902896,-87.9926308,146.8,1.0,191.1,1.0,6633.0,1.0,,,1.0,0.678,0.7683,0.5,,"Eva, TN, 38333, Benton County",
305,0.6862,landsearch,5197220,https://www.landsearch.com/properties/e-1040-rd-canute-ok-73626/5197220,OK,Custer,680.0,1360000.0,2000.0,35.4183958,-99.2809214,580.8,0.4060176996213998,1863.2,1.0,3625.9,0.20527386509997284,933.7,,1.0,0.8133,0.6667,0.5,,"Canute, OK 73626",
306,0.6862,landsearch,5249570,https://www.landsearch.com/properties/2600-martin-tram-rd-reeves-la-70658/5249570,LA,,470.0,940000.0,2000.0,30.4964379,-93.05692,13.1,0.0,,1.0,,1.0,3750.2,,1.0,0.8133,0.6667,0.5,,"Reeves, LA 70658",
307,0.6858,landwatch,426735429,https://www.landwatch.com/russell-county-kansas-farms-and-ranches-for-sale/pid/426735429,KS,Russell,1285.0,2280000.0,1774.32,38.8456816,-98.701553,548.6,0.0,,1.0,7965.2,1.0,,,1.0,0.7615,0.7043,0.5,,"Bunker Hill, KS, 67626, Russell County",
308,0.6858,landwatch,424554576,https://www.landwatch.com/grant-county-arkansas-recreational-property-for-sale/pid/424554576,AR,Grant,549.0,1450000.0,2641.17,34.3760704,-92.8190402,96.4,0.8335870257222084,666.0,1.0,3653.8,0.21649526717961426,962.9,,1.0,0.9538,0.5598,0.5,,"Malvern, AR, 72104, Grant County",
309,0.6857,landwatch,423993892,https://www.landwatch.com/custer-county-nebraska-farms-and-ranches-for-sale/pid/423993892,NE,Custer,756.0,1060000.0,1402.12,41.4233409,-100.1973969,825.2,0.9883626191348588,232.6,0.6500444684703718,1010.1,0.14751887161372026,783.5,,1.0,0.6782,0.7663,0.5,,"Arnold, NE, 69120, Custer County",
310,0.6854,landwatch,421795891,https://www.landwatch.com/chelan-county-washington-recreational-property-for-sale/pid/421795891,WA,Chelan,640.0,1495000.0,2335.94,47.8598531,-120.0666301,347.1,0.0,,0.4936936363628774,791.2,1.0,,,1.0,0.8844,0.6107,0.5,,"Chelan, WA, 98816, Chelan County",
311,0.6852,landwatch,424806451,https://www.landwatch.com/russell-county-kansas-farms-and-ranches-for-sale/pid/424806451,KS,Russell,470.0,950000.0,2021.28,38.861446,-98.8671075,557.1,0.48541957672267777,1640.8,1.0,7491.7,0.7214505072213286,2275.8,,1.0,0.8133,0.6631,0.5,,"Russell, KS, 67665, Russell County",
312,0.685,landandfarm,39468369,https://www.landandfarm.com/property/farm-estate-burns-or-39468369/,OR,Harney,1160.0,2750000.0,2370.69,43.5454322,-119.1447476,1375.4,0.0,,1.0,2598.8,1.0,3202.6,,1.0,0.8902,0.6049,0.5,,"Burns, OR, 97720",
313,0.6849,landwatch,424825566,https://www.landwatch.com/harney-county-oregon-farms-and-ranches-for-sale/pid/424825566,OR,Harney,1161.0,2750000.0,2368.65,43.5454322,-119.1447476,1375.4,0.0,,1.0,2598.8,1.0,3202.6,,1.0,0.8892,0.6052,0.5,,"Burns, OR, 97720, Harney County",
314,0.6847,landsearch,5211966,https://www.landsearch.com/properties/566a-tunnel-ridge-rd-argillite-ky-41121/5211966,KY,Greenup,566.0,1584000.0,2798.59,38.5005006,-82.8499678,195.0,0.7956343263422188,772.2,1.0,,0.0724218210113036,588.3,,1.0,0.984,0.5336,0.5,,"Argillite, KY 41121",
315,0.6847,landwatch,425171516,https://www.landwatch.com/queens-county-new-york-homes-for-sale/pid/425171516,NY,Queens,1542.0,725000.0,470.17,40.6728588,-73.7496979,7.9,0.7062276579577436,1022.6,0.261618787373672,466.3,0.05,523.6,,1.0,0.4664,0.9216,0.5,,"Laurelton, NY, 11413, Queens County",
316,0.6844,landwatch,416711898,https://www.landwatch.com/banner-county-nebraska-farms-and-ranches-for-sale/pid/416711898,NE,Banner,843.0,845000.0,1002.37,41.8049287,-103.6702275,1202.0,0.14350738073173808,2598.2,1.0,2463.9,0.05,495.6,,1.0,0.5833,0.8329,0.5,,"Gering, NE, 69341, Banner County",
317,0.6838,landwatch,425660810,https://www.landwatch.com/saint-clair-county-alabama-recreational-property-for-sale/pid/425660810,AL,Saint Clair,580.0,1653000.0,2850.0,33.7156046,-86.19634,204.9,0.5597696179364368,1432.6,1.0,,1.0,,,1.0,0.9911,0.525,0.5,,"Ragland, AL, 35131, Saint Clair County",
318,0.6838,landwatch,423693082,https://www.landwatch.com/st-john-the-baptist-parish-louisiana-recreational-property-for-sale/pid/423693082,LA,,649.0,1492171.0,2299.18,30.0722208,-90.4860462,2.9,0.0,,0.6217053574693201,970.4,0.16778831815711057,836.2,,1.0,0.8684,0.6168,0.5,,"Laplace, LA, 70068",
319,0.6837,landwatch,426500438,https://www.landwatch.com/polk-county-iowa-homes-for-sale/pid/426500438,IA,Polk,1446.0,1550000.0,1071.92,41.6311376,-93.7914677,299.4,0.7453803235187937,912.9,1.0,2288.4,0.4189622460329321,1489.3,,1.0,0.5956,0.8213,0.5,,"Urbandale, IA, 50323, Polk County",
320,0.6837,landwatch,423986024,https://www.landwatch.com/george-county-mississippi-recreational-property-for-sale/pid/423986024,MS,George,749.0,1123500.0,1500.0,30.8911682,-88.6086471,68.5,0.7161268935715208,994.8,0.30862905955425984,532.1,0.19963398789424053,919.0,,1.0,0.6907,0.75,0.5,,"Lucedale, MS, 39452, George County",
321,0.6836,landwatch,426256610,https://www.landwatch.com/pawnee-county-kansas-farms-and-ranches-for-sale/pid/426256610,KS,Pawnee,1131.0,2661600.0,2353.32,38.1884328,-99.1083298,618.4,0.20129385232017516,2436.4,1.0,7274.2,0.7298589294697292,2297.6,,1.0,0.8799,0.6078,0.5,,"Larned, KS, 67550, Pawnee County",
322,0.6835,landsearch,5232763,https://www.landsearch.com/properties/beech-grove-rd-townley-al-35587/5232763,AL,Walker,463.0,926257.0,2000.56,33.8166513,-87.4772828,150.1,0.7883145673234909,792.7,1.0,54449.6,0.661843129043974,2120.8,,1.0,0.8009,0.6666,0.5,,"Townley, AL 35587",
323,0.6834,landsearch,5071664,https://www.landsearch.com/properties/raccourci-island-rd-lettsworth-la-70753/5071664,LA,,525.0,1312175.0,2499.38,31.0798791,-91.6521036,12.7,0.0,,1.0,2920.9,1.0,,,1.0,0.9111,0.5834,0.5,,"Lettsworth, LA 70753",
324,0.6832,landwatch,424838406,https://www.landwatch.com/blaine-county-nebraska-farms-and-ranches-for-sale/pid/424838406,NE,Blaine,1007.0,1800000.0,1787.49,41.72179,-100.087508,838.0,1.0,199.5,1.0,,1.0,,,1.0,0.7522,0.7021,0.5,,"Dunning, NE, 68833, Blaine County",
325,0.6831,landandfarm,38314184,https://www.landandfarm.com/property/lone-cypress-38314184/,MS,Tallahatchie,1484.0,1350000.0,909.7,33.7193983,-89.9727662,99.9,0.5528809189220361,1451.9,1.0,14439.7,1.0,,,1.0,0.5565,0.8484,0.5,,"Oxberry, MS, 38940",
326,0.6828,landandfarm,40023301,https://www.landandfarm.com/property/-ok-820-40023301/,OK,Woodward,361.0,433200.0,1200.0,36.7717377,-99.1141845,470.7,0.0,,1.0,20980.0,0.7913636412205883,2457.5,,1.0,0.6196,0.8,0.5,,"Freedom, OK, 73842",
327,0.6824,landwatch,426450856,https://www.landwatch.com/gwinnett-county-georgia-homes-for-sale/pid/426450856,GA,Gwinnett,1398.0,1850000.0,1323.32,34.0100679,-83.9016661,305.2,1.0,198.7,0.9213463427996335,1389.9,0.7856683749964761,2442.7,,1.0,0.6451,0.7794,0.5,,"Dacula, GA, 30019, Gwinnett County",
328,0.6822,landwatch,426099611,https://www.landwatch.com/barbour-county-alabama-recreational-property-for-sale/pid/426099611,AL,Barbour,498.0,1149000.0,2307.23,32.0101334,-85.3867229,87.2,0.9747445819037116,270.7,0.7237369473698556,1113.2,1.0,,,1.0,0.8631,0.6155,0.5,,"Midway, AL, 36053, Barbour County",
329,0.682,landwatch,426665774,https://www.landwatch.com/nassau-county-new-york-homes-for-sale/pid/426665774,NY,Nassau,1597.0,998000.0,624.92,40.8654003,-73.627467,35.1,0.9770493636528135,264.3,0.2856585977676184,499.9,1.0,3194.3,,1.0,0.4884,0.8958,0.5,,"Glen Cove, NY, 11542, Nassau County",
330,0.6819,landwatch,417936143,https://www.landwatch.com/custer-county-oklahoma-farms-and-ranches-for-sale/pid/417936143,OK,Custer,979.0,1649615.0,1685.0,35.7313775,-98.7703784,517.0,0.8953752341044056,492.9,1.0,,0.07529770518512993,595.8,,1.0,0.7233,0.7192,0.5,,"Thomas, OK, 73669, Custer County",
331,0.6809,landandfarm,38899498,https://www.landandfarm.com/property/453-57-acres-in-owsley-county-38899498/,KY,Owsley,454.0,900000.0,1982.38,37.339443,-83.75916,370.9,0.8248149880149114,690.5,1.0,3801.1,1.0,,,1.0,0.7849,0.6696,0.5,,"Sextons Creek, KY, 40983",
332,0.6807,landwatch,424252719,https://www.landwatch.com/jackson-county-kentucky-undeveloped-land-for-sale/pid/424252719,KY,Jackson,757.0,1135000.0,1499.34,37.4558728,-84.0430046,339.2,1.0,184.6,0.44604548343892736,724.5,0.10537875064012912,674.0,,1.0,0.6764,0.7501,0.5,,"Foxtown, KY, 40447, Jackson County",
333,0.6805,landwatch,425830280,https://www.landwatch.com/pontotoc-county-oklahoma-recreational-property-for-sale/pid/425830280,OK,Pontotoc,585.0,1684800.0,2880.0,34.7760051,-96.6684918,310.1,0.874612209630059,551.1,0.960615791213875,1444.9,0.10162313583939504,664.2,,1.0,0.9822,0.52,0.5,,"Byng, OK, 74820, Pontotoc County",
334,0.6803,landwatch,422306030,https://www.landwatch.com/glynn-county-georgia-recreational-property-for-sale/pid/422306030,GA,Glynn,1175.0,2820000.0,2400.0,31.1964649,-81.5667093,1.2,1.0,197.9,1.0,3666.6,1.0,3665.8,,1.0,0.8748,0.6,0.5,,"Brunswick, GA, 31523, Glynn County",
335,0.6803,landwatch,415982855,https://www.landwatch.com/pasco-county-florida-recreational-property-for-sale/pid/415982855,FL,Pasco,589.0,1680000.0,2852.29,28.3066009,-82.6318785,6.4,0.0,,1.0,2713.2,0.3063523557402209,1196.5,,1.0,0.9751,0.5246,0.5,,"New Port Richey, FL, 34654, Pasco County",
336,0.68,landwatch,424467794,https://www.landwatch.com/grant-county-oregon-recreational-property-for-sale/pid/424467794,OR,Grant,1920.0,2400000.0,1250.0,44.4173684,-119.1047552,871.1,0.0,,1.0,9056.5,1.0,,,1.0,0.6177,0.7917,0.5,,"Mount Vernon, OR, 97865, Grant County",
337,0.6799,landandfarm,40427100,https://www.landandfarm.com/property/750-acre-graham-county-pasture-crp-40427100/,KS,Graham,749.0,1183567.0,1580.2,39.3602536,-99.6864217,623.5,0.7013339415805673,1036.3,1.0,11764.7,1.0,,,1.0,0.6907,0.7366,0.5,,"Bogue, KS, 67625",
338,0.6794,landwatch,426475558,https://www.landwatch.com/klamath-county-oregon-recreational-property-for-sale/pid/426475558,OR,Klamath,382.0,549500.0,1438.48,42.5142526,-121.8723866,1372.7,0.0,,0.2555178039138046,457.7,0.9586629904190678,2892.5,,1.0,0.6569,0.7603,0.5,,"Chiloquin, OR, 97624, Klamath County",
339,0.6794,landwatch,423738831,https://www.landwatch.com/decatur-county-tennessee-recreational-property-for-sale/pid/423738831,TN,Decatur,477.0,1049000.0,2199.16,35.7968499,-88.0195828,161.7,1.0,195.8,1.0,16127.6,1.0,,,1.0,0.8258,0.6335,0.5,,"Sugar Tree, TN, 38380, Decatur County",
340,0.6786,landwatch,425816290,https://www.landwatch.com/allen-parish-louisiana-recreational-property-for-sale/pid/425816290,LA,,700.0,1400000.0,2000.0,30.4964379,-93.05692,13.1,0.0,,1.0,,1.0,3750.2,,1.0,0.7778,0.6667,0.5,,"Reeves, LA, 70658",
341,0.6785,landsearch,5086384,https://www.landsearch.com/properties/l-rd-damar-ks-67632/5086384,KS,Graham,519.0,1325000.0,2552.99,39.339363,-99.4725857,599.2,0.0,,1.0,,1.0,,,1.0,0.9004,0.5745,0.5,,"Damar, KS 67632",
342,0.6785,landwatch,425460490,https://www.landwatch.com/jones-county-north-carolina-recreational-property-for-sale/pid/425460490,NC,Jones,530.0,1400000.0,2641.51,34.8961543,-77.2315258,7.9,0.8834473040658474,526.3,1.0,,0.3554180853328285,1324.1,,1.0,0.92,0.5597,0.5,,"Maysville, NC, 28555, Jones County",
343,0.6784,landwatch,424330624,https://www.landwatch.com/prentiss-county-mississippi-recreational-property-for-sale/pid/424330624,MS,Prentiss,701.0,1399000.0,1995.72,34.652856,-88.5421956,146.7,0.4297717212323079,1796.6,1.0,26092.5,0.8675893021885905,2655.7,,1.0,0.776,0.6674,0.5,,"Booneville, MS, 38829, Prentiss County",
344,0.6783,landsearch,5262225,https://www.landsearch.com/properties/489-deadman-rd-pomeroy-wa-99347/5262225,WA,Garfield,2671.0,3000000.0,1123.17,46.4631358,-117.6006019,657.4,0.0,,0.9519966176006046,1432.8,0.7758352887348685,2417.2,,1.0,0.5817,0.8128,0.5,,"Pomeroy, WA 99347",
345,0.6782,landwatch,422373298,https://www.landwatch.com/union-county-oregon-farms-and-ranches-for-sale/pid/422373298,OR,Union,865.0,1068127.0,1234.83,45.5645644,-117.9220518,819.5,0.0,,0.38084349982372934,633.2,1.0,,,1.0,0.6059,0.7942,0.5,,"Elgin, OR, 97827, Union County",
346,0.6779,landwatch,422666443,https://www.landwatch.com/allegany-county-new-york-homes-for-sale/pid/422666443,NY,Allegany,483.0,1100000.0,2277.43,42.4403996,-77.8262299,567.2,0.788728000008826,791.6,1.0,,1.0,,,1.0,0.8364,0.6204,0.5,,"Canaseraga, NY, 14822, Allegany County",
347,0.6774,landwatch,423174948,https://www.landwatch.com/kittson-county-minnesota-farms-and-ranches-for-sale/pid/423174948,MN,Kittson,439.0,850000.0,1936.22,48.662825,-96.593888,304.9,0.0,,0.2088141568880371,392.3,1.0,,,1.0,0.7582,0.6773,0.5,,"Karlstad, MN, 56729, Kittson County",
348,0.6773,landwatch,425347546,https://www.landwatch.com/delaware-county-new-york-timberland-property-for-sale/pid/425347546,NY,Delaware,1184.0,2868000.0,2422.3,41.9709196,-75.2774994,519.1,0.7511093972561869,896.9,0.8120167605827823,1236.8,0.4260021997492843,1507.6,,1.0,0.8655,0.5963,0.5,,"Hancock, NY, 13783, Delaware County",
349,0.677,landwatch,424336789,https://www.landwatch.com/carter-county-kentucky-farms-and-ranches-for-sale/pid/424336789,KY,Carter,643.0,1600000.0,2488.34,38.2771354,-82.9072828,206.4,1.0,191.4,0.4878704505052917,783.0,1.0,,,1.0,0.8791,0.5853,0.5,,"Hitchins, KY, 41146, Carter County",
350,0.677,landwatch,425510200,https://www.landwatch.com/cumberland-county-kentucky-recreational-property-for-sale/pid/425510200,KY,Cumberland,600.0,1700000.0,2833.33,36.7580916,-85.3665346,190.8,0.8442734568633652,636.0,0.5211827807178084,829.7,1.0,3477.6,,1.0,0.9556,0.5278,0.5,,"Burkesville, KY, 42717, Cumberland County",
351,0.677,landwatch,423747795,https://www.landwatch.com/morrow-county-oregon-farms-and-ranches-for-sale/pid/423747795,OR,Morrow,428.0,795000.0,1857.48,45.449492,-119.68464,476.8,0.0,,0.2917493333739829,508.4,1.0,,,1.0,0.7387,0.6904,0.5,,"Lexington, OR, 97839, Morrow County",
352,0.6768,landwatch,422014309,https://www.landwatch.com/wayne-county-kentucky-timberland-property-for-sale/pid/422014309,KY,Wayne,378.0,552000.0,1460.32,36.9597546,-84.6250793,318.5,0.5616430984245266,1427.4,0.4174049086449441,684.4,0.9571099115959125,2888.5,,1.0,0.6498,0.7566,0.5,,"Bronston, KY, 42518, Wayne County",
353,0.6764,landwatch,425498355,https://www.landwatch.com/martin-county-kentucky-undeveloped-land-for-sale/pid/425498355,KY,Martin,680.0,1500000.0,2205.88,37.767891,-82.449688,198.6,1.0,119.9,0.17746003100256746,348.4,1.0,,,1.0,0.8133,0.6324,0.5,,"Pilgrim, KY, 41250, Martin County",
354,0.6763,landwatch,420313453,https://www.landwatch.com/bradley-county-arkansas-recreational-property-for-sale/pid/420313453,AR,Bradley,364.0,495000.0,1359.89,33.3848965,-92.1331604,49.0,0.7395109836935154,929.4,1.0,,1.0,,,1.0,0.6249,0.7734,0.5,,"Hermitage, AR, 71647, Bradley County",
355,0.6761,landwatch,422181987,https://www.landwatch.com/brunswick-county-north-carolina-farms-and-ranches-for-sale/pid/422181987,NC,Brunswick,1388.0,2082000.0,1500.0,34.0308086,-78.5160627,17.3,1.0,171.0,1.0,11623.6,0.4303553114788128,1518.9,,1.0,0.6554,0.75,0.5,,"Ash, NC, 28420, Brunswick County",
356,0.676,landwatch,422136104,https://www.landwatch.com/price-county-wisconsin-farms-and-ranches-for-sale/pid/422136104,WI,Price,917.0,1395000.0,1521.26,45.6961184,-90.3986207,447.4,0.7301674043902926,955.5,0.8227655067014281,1251.9,0.15224233303267581,795.8,,1.0,0.6595,0.7465,0.5,,"Phillips, WI, 54555, Price County",
357,0.676,landwatch,423034237,https://www.landwatch.com/carter-county-missouri-recreational-property-for-sale/pid/423034237,MO,Carter,1259.0,2645000.0,2100.87,36.8366169,-90.8269399,216.8,0.0,,0.4099652666663018,674.0,1.0,,,1.0,0.7882,0.6499,0.5,,"Grandin, MO, 63943, Carter County",
358,0.6759,landwatch,426442548,https://www.landwatch.com/queens-county-new-york-homes-for-sale/pid/426442548,NY,Queens,1620.0,1288000.0,795.06,40.7289802,-73.8209632,20.9,0.6990114115268413,1042.8,1.0,1761.6,0.9249677767163773,2804.9,,1.0,0.4976,0.8675,0.5,,"Flushing, NY, 11367, Queens County",
359,0.6758,landwatch,426109837,https://www.landwatch.com/craighead-county-arkansas-recreational-property-for-sale/pid/426109837,AR,Craighead,600.0,1715000.0,2858.33,35.7577188,-90.3299489,68.8,0.0,,1.0,6075.0,1.0,,,1.0,0.9556,0.5236,0.5,,"Caraway, AR, 72419, Craighead County",
360,0.6757,landsearch,5036742,https://www.landsearch.com/properties/e-500-rd-chester-ok-73838/5036742,OK,Woodward,480.0,1104000.0,2300.0,36.215529,-98.9185439,522.4,0.0,,1.0,8317.6,1.0,,,1.0,0.8311,0.6167,0.5,,"Chester, OK 73838",
361,0.6756,landwatch,420688283,https://www.landwatch.com/searcy-county-arkansas-recreational-property-for-sale/pid/420688283,AR,Searcy,530.0,1432134.0,2702.14,35.9132554,-92.6167933,335.8,0.22206642200321414,2378.2,1.0,1828.5,0.6380757261890393,2059.0,,1.0,0.92,0.5496,0.5,,"Snowball, AR, 72650, Searcy County",
362,0.6755,landwatch,424092590,https://www.landwatch.com/mississippi-county-arkansas-farms-and-ranches-for-sale/pid/424092590,AR,Mississippi,1005.0,1950000.0,1940.3,35.7689147,-89.9322854,73.3,0.0,,1.0,2929.0,0.05,409.6,,1.0,0.7501,0.6766,0.5,,"Luxora, AR, 72358, Mississippi County",
363,0.6753,landwatch,422213632,https://www.landwatch.com/elk-county-kansas-farms-and-ranches-for-sale/pid/422213632,KS,Elk,584.0,1750000.0,2996.58,37.4591618,-96.2665462,304.6,0.8411286056281719,644.8,1.0,1905.7,0.0,46.3,,1.0,0.984,0.5006,0.5,,"Howard, KS, 67349, Elk County",
364,0.675,landwatch,414197043,https://www.landwatch.com/madison-county-florida-recreational-property-for-sale/pid/414197043,FL,Madison,940.0,1551000.0,1650.0,30.4644185,-83.4060456,45.2,0.0,,0.7798017504088824,1191.7,0.30229384133798115,1186.0,,1.0,0.6832,0.725,0.5,,"Madison, FL, 32340, Madison County",
365,0.6749,landsearch,4881785,https://www.landsearch.com/properties/reeder-nd-58649/4881785,ND,Hettinger,487.0,1156100.0,2373.92,46.0320276,-102.9645655,826.5,0.9574297371118813,319.2,1.0,4905.5,1.0,,,1.0,0.8436,0.6043,0.5,,"Reeder, ND 58649",
366,0.6744,landwatch,420403536,https://www.landwatch.com/brown-county-south-dakota-farms-and-ranches-for-sale/pid/420403536,SD,Brown,711.0,1422000.0,2000.0,45.8731,-98.16636,396.6,0.0,,1.0,23938.2,1.0,,,1.0,0.7582,0.6667,0.5,,"Hecla, SD, 57446, Brown County",
367,0.6742,landwatch,424985810,https://www.landwatch.com/comanche-county-kansas-farms-and-ranches-for-sale/pid/424985810,KS,Comanche,624.0,1684800.0,2700.0,37.3314143,-99.2086015,611.9,1.0,188.1,1.0,20404.9,1.0,,,1.0,0.9129,0.55,0.5,,"Wilmore, KS, 67155, Comanche County",
368,0.6741,landsearch,5204325,https://www.landsearch.com/properties/saratoga-tx/5204325,TX,Hardin,523.0,1400594.0,2678.0,30.3049642,-94.403904,21.9,0.0,,1.0,21420.1,1.0,3070.3,,1.0,0.9076,0.5537,0.5,,"Saratoga, TX",
369,0.674,landwatch,425163099,https://www.landwatch.com/beauregard-parish-louisiana-recreational-property-for-sale/pid/425163099,LA,,800.0,1036000.0,1295.0,30.7335471,-93.5477387,25.6,0.8719300815701315,558.6,0.595437176118764,933.6,0.5309738170641578,1780.5,,1.0,0.6,0.7842,0.5,,"Merryville, LA, 70653",
370,0.674,landwatch,424861689,https://www.landwatch.com/escambia-county-alabama-recreational-property-for-sale/pid/424861689,AL,Escambia,593.0,1750000.0,2951.1,31.0197598,-87.2491902,59.7,0.8541696518723372,608.3,0.41350373015402053,678.9,0.16893369759908367,839.2,,1.0,0.968,0.5082,0.5,,"Flomaton, AL, 36441, Escambia County",
371,0.6739,landwatch,424702278,https://www.landwatch.com/escambia-county-alabama-recreational-property-for-sale/pid/424702278,AL,Escambia,594.0,1750000.0,2946.13,31.0197598,-87.2491902,59.7,0.8541696518723372,608.3,0.41350373015402053,678.9,0.16893369759908367,839.2,,1.0,0.9662,0.509,0.5,,"Flomaton, AL, 36441, Escambia County",
372,0.6739,landwatch,425447059,https://www.landwatch.com/wayne-county-tennessee-recreational-property-for-sale/pid/425447059,TN,Wayne,946.0,1608557.0,1700.38,35.3355906,-87.7501239,248.9,0.8615167438993752,587.8,0.0,27.9,0.4615542022723717,1600.0,,1.0,0.6894,0.7166,0.5,,"Waynesboro, TN, 38485, Wayne County",
373,0.6738,landwatch,425103120,https://www.landwatch.com/harney-county-oregon-recreational-property-for-sale/pid/425103120,OR,Harney,1778.0,1999999.0,1124.86,43.5414109,-119.1009069,1404.9,0.0,,0.48318102217211567,776.5,1.0,,,1.0,0.5609,0.8125,0.5,,"Hines, OR, 97738, Harney County",
374,0.6737,landsearch,4770277,https://www.landsearch.com/properties/65400-state-route-172-phil-campbell-al-35581/4770277,AL,Marion,506.0,1290000.0,2549.41,34.3527103,-87.7035036,298.1,0.4307288468580658,1794.0,1.0,1532.1,0.052098126606940305,535.5,,1.0,0.8773,0.5751,0.5,,"Phil Campbell, AL 35581",
375,0.6734,landwatch,413366192,https://www.landwatch.com/sequoyah-county-oklahoma-recreational-property-for-sale/pid/413366192,OK,Sequoyah,635.0,1669500.0,2629.13,35.5035863,-94.7360577,185.1,0.4185449977809139,1828.1,0.5337683433979785,847.3,1.0,,,1.0,0.8933,0.5618,0.5,,"Minutes from Muskogee, OK",
376,0.6732,landwatch,423964517,https://www.landwatch.com/choctaw-county-alabama-recreational-property-for-sale/pid/423964517,AL,Choctaw,764.0,1222500.0,1600.13,31.9017363,-88.2996617,22.7,1.0,176.5,1.0,,0.42357491400005504,1501.3,,1.0,0.664,0.7333,0.5,,"Lou, AL, 36908, Choctaw County",
377,0.6729,landwatch,424985553,https://www.landwatch.com/saint-tammany-parish-louisiana-undeveloped-land-for-sale/pid/424985553,LA,,640.0,1664000.0,2600.0,30.4817057,-90.0155238,7.7,0.0,,1.0,,0.9259615212433365,2807.5,,1.0,0.8844,0.5667,0.5,,"Abita Springs, LA, 70420",
378,0.6726,landwatch,420919373,https://www.landwatch.com/washington-county-new-york-homes-for-sale/pid/420919373,NY,Washington,402.0,699900.0,1741.04,43.7458555,-73.4294201,235.8,0.9264683200571148,405.9,1.0,2815.1,0.33401765477107515,1268.4,,1.0,0.6924,0.7098,0.5,,"Putnam, NY, 12861, Washington County",
379,0.6726,landwatch,422054761,https://www.landwatch.com/lake-county-minnesota-recreational-property-for-sale/pid/422054761,MN,Lake,1040.0,2250000.0,2163.46,47.0532244,-91.6829695,298.0,0.8182792321612646,708.8,1.0,1608.4,1.0,,,1.0,0.7862,0.6394,0.5,,"Two Harbors, MN, 55616, Lake County",
380,0.6726,landwatch,422014955,https://www.landwatch.com/wayne-county-kentucky-farms-and-ranches-for-sale/pid/422014955,KY,Wayne,1068.0,2450000.0,2294.01,36.8404734,-84.8448548,314.2,0.7824742289021225,809.1,0.7713710982801039,1179.9,0.5047378716844027,1712.3,,1.0,0.815,0.6177,0.5,,"Betsey, KY, 42633, Wayne County",
381,0.6724,landsearch,5200013,https://www.landsearch.com/properties/261-bethel-loops-rd-whitney-ne-69367/5200013,NE,Dawes,474.0,1100000.0,2320.68,42.759864,-103.25169,1048.0,1.0,179.1,0.42277169665205805,691.9,0.9952263582772384,2987.6,,1.0,0.8204,0.6132,0.5,,"Whitney, NE 69367",
382,0.6723,landwatch,423674409,https://www.landwatch.com/winston-county-mississippi-undeveloped-land-for-sale/pid/423674409,MS,Winston,374.0,569500.0,1522.73,33.1051673,-89.0413586,161.1,0.5322416714677654,1509.7,1.0,,0.24535935001703899,1037.9,,1.0,0.6427,0.7462,0.5,,"Nanih Waiya, MS, 39339, Winston County",
383,0.6722,landwatch,425062740,https://www.landwatch.com/tioga-county-pennsylvania-recreational-property-for-sale/pid/425062740,PA,Tioga,505.0,1300000.0,2574.26,41.9185607,-77.5751832,454.4,1.0,190.9,1.0,,0.515978841662215,1741.5,,1.0,0.8756,0.571,0.5,,"Westfield, PA, 16950, Tioga County",
384,0.6722,landwatch,426672692,https://www.landwatch.com/sevier-county-arkansas-recreational-property-for-sale/pid/426672692,AR,Sevier,649.0,1650000.0,2542.37,33.9680072,-94.1408052,125.9,0.8860362323491732,519.1,0.13425853832079915,288.0,0.8135419007595414,2515.2,,1.0,0.8684,0.5763,0.5,,"Lockesburg, AR, 71846, Sevier County",
385,0.6722,landwatch,421622831,https://www.landwatch.com/marengo-county-alabama-recreational-property-for-sale/pid/421622831,AL,Marengo,585.0,1787000.0,3054.7,32.2970489,-87.7835905,46.5,0.9225110079213594,417.0,0.0,5.7,0.15528163928333671,803.7,,1.0,0.9822,0.4909,0.5,,"Linden, AL, 36748, Marengo County",
386,0.6715,landwatch,426507274,https://www.landwatch.com/holmes-county-florida-undeveloped-land-for-sale/pid/426507274,FL,Holmes,526.0,1450000.0,2756.65,30.9437471,-86.0544653,47.9,0.961744896654482,307.1,1.0,2089.2,1.0,,,1.0,0.9129,0.5406,0.5,,"Westville, FL, 32464, Holmes County",
387,0.6713,landsearch,5151956,https://www.landsearch.com/properties/booth-rd-lake-charles-la-70611/5151956,LA,,431.0,862000.0,2000.0,30.3249394,-93.2123562,6.4,0.0,,0.3875533372543507,642.6,0.6171874124096433,2004.7,,1.0,0.744,0.6667,0.5,,"Lake Charles, LA 70611",
388,0.6711,landandfarm,41218572,https://www.landandfarm.com/property/800-acres-cropland-grass-w-gas-production-cheyenne-county-kansas-41218572/,KS,Cheyenne,800.0,1086000.0,1357.5,39.7726611,-101.8000014,1010.0,0.8123092981901888,725.5,0.5459671893493258,864.4,0.11399982105366252,696.4,,1.0,0.6,0.7737,0.5,,"Saint Francis, KS, 67756",
389,0.671,landwatch,426735428,https://www.landwatch.com/russell-county-kansas-farms-and-ranches-for-sale/pid/426735428,KS,Russell,1035.0,2250000.0,2173.91,38.8456816,-98.701553,548.6,0.0,,1.0,7965.2,1.0,,,1.0,0.781,0.6377,0.5,,"Bunker Hill, KS, 67626, Russell County",
390,0.6709,landwatch,423624889,https://www.landwatch.com/lake-county-oregon-undeveloped-land-for-sale/pid/423624889,OR,Lake,755.0,1300000.0,1721.85,42.6937458,-120.5444284,1331.6,0.0,,0.252979796892261,454.2,0.05128766487142732,533.3,,1.0,0.68,0.713,0.5,,"Paisley, OR, 97636, Lake County",
391,0.6708,landwatch,424698326,https://www.landwatch.com/carroll-county-arkansas-farms-and-ranches-for-sale/pid/424698326,AR,Carroll,532.0,1500000.0,2819.55,36.3597094,-93.5594066,372.3,0.0,,1.0,1580.6,0.25613381649656547,1065.9,,1.0,0.9236,0.5301,0.5,,"Berryville, AR, 72616, Carroll County",
392,0.6705,landwatch,426056594,https://www.landwatch.com/scott-county-arkansas-recreational-property-for-sale/pid/426056594,AR,Scott,1060.0,2438000.0,2300.0,34.8973217,-94.0873285,203.4,0.8745785110929676,551.2,0.36700347260411287,613.8,0.4645034020309298,1607.7,,1.0,0.8068,0.6167,0.5,,"Waldron, AR, 72958, Scott County",
393,0.6703,landwatch,425929595,https://www.landwatch.com/monroe-county-alabama-recreational-property-for-sale/pid/425929595,AL,Monroe,550.0,1635600.0,2973.82,31.7321971,-87.2008906,82.8,0.5249307757450804,1530.2,1.0,,1.0,,,1.0,0.9556,0.5044,0.5,,"Buena Vista, AL, 36425, Monroe County",
394,0.67,landwatch,419828859,https://www.landwatch.com/okanogan-county-washington-recreational-property-for-sale/pid/419828859,WA,Okanogan,709.0,1495000.0,2108.6,48.0617065,-119.7034252,243.5,0.0,,0.16670332214085792,333.4,0.4369395865374128,1536.0,,1.0,0.7618,0.6486,0.5,,"Brewster, WA, 98812, Okanogan County",
395,0.6699,landwatch,422989629,https://www.landwatch.com/okanogan-county-washington-farms-and-ranches-for-sale/pid/422989629,WA,Okanogan,558.0,1700000.0,3046.59,48.7021863,-119.4367656,304.7,0.0,,0.5458813571780521,864.2,0.0,357.5,,1.0,0.9698,0.4922,0.5,,"Tonasket, WA, 98855, Okanogan County",
396,0.6695,landwatch,426170119,https://www.landwatch.com/ellsworth-county-kansas-farms-and-ranches-for-sale/pid/426170119,KS,Ellsworth,476.0,1141200.0,2397.48,38.7045579,-98.1234225,460.1,1.0,187.1,1.0,,1.0,,,1.0,0.824,0.6004,0.5,,"Kanopolis, KS, 67454, Ellsworth County",
397,0.6695,landsearch,3356937,https://www.landsearch.com/properties/underwood-mountain-rd-tuscumbia-al-35674/3356937,AL,Colbert,622.0,1750000.0,2813.5,34.703226,-87.7065907,152.0,0.9749339526828154,270.2,0.28512974301695065,499.2,0.36090597797994606,1338.4,,1.0,0.9164,0.5311,0.5,,"Tuscumbia, AL 35674",
398,0.6692,landwatch,425510618,https://www.landwatch.com/franklin-county-nebraska-farms-and-ranches-for-sale/pid/425510618,NE,Franklin,635.0,1725000.0,2716.54,40.101821,-99.039179,592.8,0.7203103428089153,983.1,1.0,16181.2,1.0,,,1.0,0.8933,0.5472,0.5,,"Bloomington, NE, 68929, Franklin County",
399,0.6687,landwatch,423892350,https://www.landwatch.com/washington-county-missouri-recreational-property-for-sale/pid/423892350,MO,Washington,1285.0,2740905.0,2133.0,37.9386501,-90.7876465,283.3,0.9586998864681253,315.6,1.0,,0.637136842007368,2056.6,,1.0,0.7615,0.6445,0.5,,"Potosi, MO, 63664, Washington County",
400,0.6687,landwatch,426021645,https://www.landwatch.com/hopkins-county-kentucky-farms-and-ranches-for-sale/pid/426021645,KY,Hopkins,576.0,1843200.0,3200.0,37.1768173,-87.4679226,144.5,0.4394708984878647,1769.5,0.23317837959031332,426.4,0.2585165983079412,1072.1,,1.0,0.9982,0.4667,0.5,,"Nortonville, KY, 42442, Hopkins County",
401,0.6685,landwatch,424280854,https://www.landwatch.com/pine-county-minnesota-farms-and-ranches-for-sale/pid/424280854,MN,Pine,400.0,725000.0,1812.5,46.0270474,-92.9450847,317.5,0.9675603689004572,290.8,0.3869245763333805,641.7,0.39065825057408415,1415.7,,1.0,0.6889,0.6979,0.5,,"Hinckley, MN, 55037, Pine County",
402,0.6676,landwatch,425857901,https://www.landwatch.com/dewey-county-oklahoma-farms-and-ranches-for-sale/pid/425857901,OK,Dewey,490.0,1250000.0,2551.02,36.036085,-98.96888,522.6,0.8018901091675855,754.7,1.0,5112.4,0.0,324.3,,1.0,0.8489,0.5748,0.5,,"Taloga, OK, 73667, Dewey County",
403,0.6674,landwatch,426314566,https://www.landwatch.com/blaine-county-oklahoma-farms-and-ranches-for-sale/pid/426314566,OK,Blaine,474.0,1150000.0,2426.16,36.1173674,-98.3199861,370.4,0.0,,1.0,,1.0,,,1.0,0.8204,0.5956,0.5,,"Okeene, OK, 73763, Blaine County",
404,0.6674,landwatch,419324072,https://www.landwatch.com/benton-county-tennessee-recreational-property-for-sale/pid/419324072,TN,Benton,1355.0,2490000.0,1837.64,36.2499766,-88.0458838,158.6,0.9534440501535635,330.4,1.0,22016.9,1.0,,,1.0,0.6894,0.6937,0.5,,"Big Sandy, TN, 38221, Benton County",
405,0.6671,landandfarm,38522228,https://www.landandfarm.com/property/730-acre-timber-tract-west-of-potosi-with-excellent-trail-system-and-hunti-38522228/,MO,Washington,730.0,1460000.0,2000.0,37.9386501,-90.7876465,283.3,0.9586998864681253,315.6,1.0,,0.637136842007368,2056.6,,1.0,0.7244,0.6667,0.5,,"Potosi, MO, 63664",
406,0.6671,landwatch,425292414,https://www.landwatch.com/chautauqua-county-kansas-farms-and-ranches-for-sale/pid/425292414,KS,Chautauqua,572.0,1840000.0,3216.78,37.1253405,-96.1897013,259.5,0.9793839656429679,257.7,1.0,,1.0,,,1.0,0.9947,0.4639,0.5,,"Sedan, KS, 67361, Chautauqua County",
407,0.6664,landwatch,425927740,https://www.landwatch.com/fayette-county-pennsylvania-undeveloped-land-for-sale/pid/425927740,PA,Fayette,356.0,535500.0,1504.21,40.0266077,-79.5814308,342.9,0.8376471401559457,654.6,1.0,3690.8,0.0,364.9,,1.0,0.6107,0.7493,0.5,,"Connellsville, PA, 15425, Fayette County",
408,0.6662,landwatch,424498367,https://www.landwatch.com/harney-county-oregon-recreational-property-for-sale/pid/424498367,OR,Harney,480.0,1200000.0,2500.0,43.5414109,-119.1009069,1404.9,0.0,,0.48318102217211567,776.5,1.0,,,1.0,0.8311,0.5833,0.5,,"Hines, OR, 97738, Harney County",
409,0.6658,landwatch,415620677,https://www.landwatch.com/nassau-county-florida-recreational-property-for-sale/pid/415620677,FL,Nassau,595.0,1850000.0,3109.24,30.6265014,-81.61431,7.4,0.25642257141370817,2282.0,0.2359591127574137,430.3,0.2777061975210989,1122.0,,1.0,0.9644,0.4818,0.5,,"Yulee, FL, 32041, Nassau County",
410,0.6656,landwatch,419168188,https://www.landwatch.com/hayes-county-nebraska-farms-and-ranches-for-sale/pid/419168188,NE,Hayes,917.0,1595000.0,1739.37,40.3549333,-101.1182028,839.8,0.6366397648472215,1217.4,1.0,2601.1,0.5599472092377246,1855.9,,1.0,0.6595,0.7101,0.5,,"Palisade, NE, 69040, Hayes County",
411,0.6652,landwatch,425583182,https://www.landwatch.com/washington-county-alabama-recreational-property-for-sale/pid/425583182,AL,Washington,502.0,1354050.0,2697.31,31.5900369,-88.3198849,53.6,0.6244607464909402,1251.5,1.0,8091.9,0.8648809868563572,2648.7,,1.0,0.8702,0.5504,0.5,,"Millry, AL, 36558, Washington County",
412,0.6651,landwatch,416716261,https://www.landwatch.com/lafayette-county-arkansas-recreational-property-for-sale/pid/416716261,AR,Lafayette,704.0,1585282.0,2251.82,33.3593718,-93.5803223,94.7,0.8570117824219365,600.4,0.8045358721290338,1226.4,0.0,290.7,,1.0,0.7707,0.6247,0.5,,"Lewisville, AR, 71845, Lafayette County",
413,0.665,landwatch,423612469,https://www.landwatch.com/franklin-county-virginia-recreational-property-for-sale/pid/423612469,VA,Franklin,669.0,1695000.0,2533.63,37.0133133,-80.0408122,374.5,0.9465314103517979,349.7,1.0,23183.2,1.0,,,1.0,0.8329,0.5777,0.5,,"Callaway, VA, 24067, Franklin County",
414,0.6648,landwatch,421911359,https://www.landwatch.com/new-madrid-county-missouri-hunting-property-for-sale/pid/421911359,MO,New Madrid,668.0,1700850.0,2546.18,36.4280305,-89.6849342,83.9,0.0,,0.1141624389588845,259.8,0.0,23.1,,1.0,0.8347,0.5756,0.5,,"Portageville, MO, 63873, New Madrid County",
415,0.6643,landandfarm,40902733,https://www.landandfarm.com/property/-625-acres-leake-county-ms-40902733/,MS,Leake,625.0,1812000.0,2899.2,32.7401114,-89.5241292,116.6,0.58220968249666,1369.8,1.0,2813.1,0.21344722821607992,955.0,,1.0,0.9111,0.5168,0.5,,"Acres Leake County, MS",
416,0.6643,landwatch,424682314,https://www.landwatch.com/calhoun-county-mississippi-recreational-property-for-sale/pid/424682314,MS,Calhoun,650.0,1755000.0,2700.0,33.9456952,-89.331193,111.6,0.6867851524457604,1077.0,1.0,,0.5746559032100462,1894.1,,1.0,0.8667,0.55,0.5,,"Pittsboro, MS, 38951, Calhoun County",
417,0.6641,landwatch,426051623,https://www.landwatch.com/grundy-county-tennessee-farms-and-ranches-for-sale/pid/426051623,TN,Grundy,574.0,1891659.0,3295.57,35.3520633,-85.5656916,545.2,1.0,180.1,1.0,1745.3,0.9429529298992214,2851.7,,1.0,0.9982,0.4507,0.5,,"Palmer, TN, 37365, Grundy County",
418,0.6639,landwatch,426039452,https://www.landwatch.com/dallas-county-arkansas-recreational-property-for-sale/pid/426039452,AR,Dallas,422.0,879162.0,2083.32,33.816015,-92.4184503,84.0,0.9036087539919115,469.9,0.6056193526889035,947.9,0.1970944421914274,912.4,,1.0,0.728,0.6528,0.5,,"Fordyce, AR, 71742, Dallas County",
419,0.6638,landwatch,423418903,https://www.landwatch.com/wallowa-county-oregon-recreational-property-for-sale/pid/423418903,OR,Wallowa,879.0,1408000.0,1601.82,45.5938787,-117.6029721,1199.4,0.0,,0.92338028574669,1392.7,1.0,,,1.0,0.6203,0.733,0.5,,"Wallowa, OR, 97885, Wallowa County",
420,0.6638,landwatch,426430309,https://www.landwatch.com/pamlico-county-north-carolina-recreational-property-for-sale/pid/426430309,NC,Pamlico,476.0,1199000.0,2518.91,35.1220182,-76.8521802,8.0,0.8786239017889692,539.9,1.0,,0.9339775039690483,2828.3,,1.0,0.824,0.5802,0.5,,"Grantsboro, NC, 28529, Pamlico County",
421,0.6637,landwatch,426693689,https://www.landwatch.com/douglas-county-oregon-undeveloped-land-for-sale/pid/426693689,OR,Douglas,781.0,1300000.0,1664.53,42.9337392,-123.2801575,222.4,0.0,,0.9440137255300977,1421.6,1.0,,,1.0,0.6338,0.7226,0.5,,"Canyonville, OR, 97417, Douglas County",
422,0.6636,landwatch,425696389,https://www.landwatch.com/ashley-county-arkansas-recreational-property-for-sale/pid/425696389,AR,Ashley,473.0,1181950.0,2498.84,33.227468,-91.8103465,53.9,0.0,3293.8,1.0,,0.3835478984085468,1397.2,,1.0,0.8187,0.5835,0.5,,"Hamburg, AR, 71646, Ashley County",
423,0.6631,landandfarm,40941849,https://www.landandfarm.com/property/roosevelt-tillable-farm-40941849/,OK,Kiowa,400.0,770000.0,1925.0,34.8498283,-99.0217578,445.7,0.9183341971763035,428.7,1.0,,1.0,,,1.0,0.6889,0.6792,0.5,,"Roosevelt, OK, 73564",
424,0.663,landwatch,418544510,https://www.landwatch.com/coahoma-county-mississippi-recreational-property-for-sale/pid/418544510,MS,Coahoma,585.0,1900000.0,3247.86,34.5274226,-90.4044989,53.8,0.0,3185.7,1.0,2530.1,0.6597397660832672,2115.3,,1.0,0.9822,0.4587,0.5,,"Dundee, MS, 38626, Coahoma County",
425,0.6623,landwatch,425295000,https://www.landwatch.com/franklin-parish-louisiana-recreational-property-for-sale/pid/425295000,LA,,1109.0,2994300.0,2700.0,32.1564838,-91.7079316,22.3,0.8391824982332532,650.3,1.0,1916.3,0.16631871049749442,832.4,,1.0,0.8573,0.55,0.5,,"Winnsboro, LA, 71295",
426,0.6618,landwatch,421766846,https://www.landwatch.com/dawes-county-nebraska-farms-and-ranches-for-sale/pid/421766846,NE,Dawes,699.0,1650000.0,2360.52,42.8074647,-103.0069079,1083.8,0.6037962750619907,1309.4,1.0,2674.0,0.22717289208148608,990.6,,1.0,0.7796,0.6066,0.5,,"Chadron, NE, 69337, Dawes County",
427,0.6617,landwatch,423920586,https://www.landwatch.com/clay-county-georgia-recreational-property-for-sale/pid/423920586,GA,Clay,582.0,1919000.0,3297.25,31.6067939,-85.0473923,68.8,1.0,172.9,0.5870143112070182,921.8,0.6166389775937218,2003.3,,1.0,0.9876,0.4505,0.5,,"Fort Gaines, GA, 39851, Clay County",
428,0.6617,landwatch,425911494,https://www.landwatch.com/greenup-county-kentucky-recreational-property-for-sale/pid/425911494,KY,Greenup,368.0,625000.0,1698.37,38.7186467,-82.9524177,194.0,0.7093242791685719,1013.9,0.05,108.6,1.0,3509.3,,1.0,0.632,0.7169,0.5,,"South Shore, KY, 41175, Greenup County",
429,0.6614,landwatch,424254051,https://www.landwatch.com/lincoln-county-nebraska-farms-and-ranches-for-sale/pid/424254051,NE,Lincoln,438.0,992250.0,2265.41,41.1249754,-100.7617211,853.3,0.009679441609909745,2972.9,0.4400536805700211,716.1,0.29639795502332034,1170.6,,1.0,0.7564,0.6224,0.5,,"North Platte, NE, 69101, Lincoln County",
430,0.6611,landwatch,426527514,https://www.landwatch.com/garden-county-nebraska-farms-and-ranches-for-sale/pid/426527514,NE,Garden,813.0,1100000.0,1353.01,41.41234,-102.3484268,1037.7,0.4359481639786188,1779.3,1.0,,1.0,,,1.0,0.5524,0.7745,0.5,,"Oshkosh, NE 69154",
431,0.6605,landwatch,426169213,https://www.landwatch.com/douglas-county-oregon-undeveloped-land-for-sale/pid/426169213,OR,Douglas,556.0,1795000.0,3228.42,43.22244,-123.3444629,194.7,0.0,,1.0,1743.8,1.0,3547.7,,1.0,0.9662,0.4619,0.5,,"Roseburg, OR, 97470, Douglas County",
432,0.6598,landsearch,5216047,https://www.landsearch.com/properties/slough-rd-pearl-river-la-70452/5216047,LA,,385.0,721875.0,1875.0,30.393295,-89.7720283,9.9,0.7864917635716562,797.8,1.0,6053.4,1.0,3276.3,,1.0,0.6622,0.6875,0.5,,"Pearl River, LA 70452",
433,0.6596,landwatch,425732448,https://www.landwatch.com/mcpherson-county-kansas-farms-and-ranches-for-sale/pid/425732448,KS,Mcpherson,513.0,1489000.0,2902.53,38.4175202,-97.9144007,511.0,0.0,,1.0,20405.3,0.9342032924184397,2828.9,,1.0,0.8898,0.5162,0.5,,"Windom, KS, 67491, McPherson County",
434,0.6595,landwatch,421974845,https://www.landwatch.com/rusk-county-wisconsin-recreational-property-for-sale/pid/421974845,WI,Rusk,400.0,800000.0,2000.0,45.5282716,-90.7170074,420.5,0.9443827075685729,355.7,1.0,30860.1,0.645719877074322,2078.9,,1.0,0.6889,0.6667,0.5,,"Hawkins, WI, 54530, Rusk County",
435,0.6595,landwatch,422625116,https://www.landwatch.com/claiborne-county-mississippi-recreational-property-for-sale/pid/422625116,MS,Claiborne,600.0,1920000.0,3200.0,31.962102,-90.7117733,113.5,0.5433556101291053,1478.6,1.0,25343.6,1.0,,,1.0,0.9556,0.4667,0.5,,"Hermanville, MS, 39086, Claiborne County",
436,0.6595,landwatch,425566821,https://www.landwatch.com/livingston-parish-louisiana-recreational-property-for-sale/pid/425566821,LA,,1072.0,2773000.0,2586.75,30.3805109,-90.5818463,2.7,0.6653639440675793,1137.0,1.0,5083.2,1.0,,,1.0,0.8191,0.5689,0.5,,"Springfield, LA, 70462",
437,0.6594,landwatch,425894693,https://www.landwatch.com/humphreys-county-tennessee-timberland-property-for-sale/pid/425894693,TN,Humphreys,436.0,999000.0,2291.28,36.1030818,-87.8189959,206.1,1.0,162.8,0.9905095307134897,1486.7,0.8038072258522295,2489.9,,1.0,0.7529,0.6181,0.5,,"Waverly, TN, 37185, Humphreys County",
438,0.6592,landsearch,5116948,https://www.landsearch.com/properties/highway-133-wilmar-ar-71675/5116948,AR,Drew,454.0,1106794.0,2437.87,33.6270444,-91.9283091,48.4,0.7000375521346008,1039.9,0.9958374534451595,1494.2,1.0,,,1.0,0.7849,0.5937,0.5,,"Wilmar, AR 71675",
439,0.6592,landandfarm,41333583,https://www.landandfarm.com/property/640-acres-in-swisher-county-andrew-pennington-listing-agent-41333583/,TX,Swisher,640.0,1848000.0,2887.5,34.3598262,-101.7473271,1056.1,0.0,,1.0,,0.12955229212599312,736.8,,1.0,0.8844,0.5188,0.5,,"Kress, TX, 79052",
440,0.6585,landwatch,422697692,https://www.landwatch.com/edgecombe-county-north-carolina-recreational-property-for-sale/pid/422697692,NC,Edgecombe,357.0,599000.0,1677.87,36.0980542,-77.7502772,40.8,0.8860408102562869,519.1,0.536163926909339,850.6,1.0,,,1.0,0.6124,0.7204,0.5,,"Whitakers, NC, 27891, Edgecombe County",
441,0.6583,landwatch,425815557,https://www.landwatch.com/woods-county-oklahoma-farms-and-ranches-for-sale/pid/425815557,OK,Woods,640.0,1860000.0,2906.25,36.8010807,-98.6682253,415.7,0.6160779712265219,1275.0,0.5009526816212841,801.3,0.05,499.0,,1.0,0.8844,0.5156,0.5,,"Alva, OK, 73717, Woods County",
442,0.6581,landwatch,426600948,https://www.landwatch.com/lowndes-county-georgia-recreational-property-for-sale/pid/426600948,GA,Lowndes,543.0,1722867.0,3172.87,30.6916247,-83.1823975,48.4,0.0,,0.7493799816597804,1149.1,0.8375511639003618,2577.6,,1.0,0.9431,0.4712,0.5,,"Lake Park, GA, 31636, Lowndes County",
443,0.6581,landwatch,425961389,https://www.landwatch.com/greenup-county-kentucky-farms-and-ranches-for-sale/pid/425961389,KY,Greenup,407.0,849000.0,2086.0,39.9750727,-80.8700908,388.9,0.898031135000228,485.5,1.0,2131.3,1.0,,,1.0,0.7013,0.6523,0.5,,"Greenup, KY, 41144, Greenup County",
444,0.6581,landwatch,417371687,https://www.landwatch.com/chester-county-tennessee-recreational-property-for-sale/pid/417371687,TN,Chester,415.0,892250.0,2150.0,35.2609186,-88.6257444,163.9,0.9445854884007264,355.2,1.0,9687.5,0.5615531822447457,1860.0,,1.0,0.7156,0.6417,0.5,,"Bethel Springs, TN, 38315, Chester County",
445,0.6581,landandfarm,39564418,https://www.landandfarm.com/property/land-jeffersonville-ga-39564418/,GA,Wilkinson,662.0,1810000.0,2734.14,32.6629047,-83.3551437,156.0,0.8453753821400795,632.9,1.0,8506.2,0.8505774598445162,2611.5,,1.0,0.8453,0.5443,0.5,,"Jeffersonville, GA, 31044",
446,0.6579,landwatch,426664376,https://www.landwatch.com/greene-county-mississippi-recreational-property-for-sale/pid/426664376,MS,Greene,420.0,921900.0,2195.0,31.1538233,-88.5771626,42.9,1.0,199.4,1.0,,0.9491818005148478,2867.9,,1.0,0.7244,0.6342,0.5,,"Jonathan, MS, 39451, Greene County",
447,0.6577,landwatch,422314466,https://www.landwatch.com/barber-county-kansas-farms-and-ranches-for-sale/pid/422314466,KS,Barber,668.0,1800000.0,2694.61,37.4342314,-98.6869998,530.6,1.0,81.9,0.9188435633455869,1386.4,1.0,,,1.0,0.8347,0.5509,0.5,,"Lake City, KS, 67071, Barber County",
448,0.6576,landwatch,425209651,https://www.landwatch.com/rockcastle-county-kentucky-commercial-property-for-sale/pid/425209651,KY,Rockcastle,625.0,1900000.0,3040.0,37.4373643,-84.5018707,294.0,0.9478879491334893,345.9,1.0,,1.0,,,1.0,0.9111,0.4933,0.5,,"Crab Orchard, KY, 40419, Rockcastle County",
449,0.657,landwatch,425227356,https://www.landwatch.com/hickman-county-tennessee-recreational-property-for-sale/pid/425227356,TN,Hickman,663.0,1822315.0,2748.59,35.7766143,-87.4852989,180.6,0.8055378353738052,744.5,0.2712408503405665,479.7,0.9357145472540167,2832.9,,1.0,0.8436,0.5419,0.5,,"Aetna, TN, 37033, Hickman County",
450,0.6569,landwatch,425579928,https://www.landwatch.com/osborne-county-kansas-farms-and-ranches-for-sale/pid/425579928,KS,Osborne,657.0,1839000.0,2799.09,39.1142202,-98.788272,521.5,0.0,,0.0,79.3,0.16183542763294423,820.8,,1.0,0.8542,0.5335,0.5,,"Waldo, KS, 67673, Osborne County",
451,0.6568,landwatch,425429039,https://www.landwatch.com/iron-county-wisconsin-timberland-property-for-sale/pid/425429039,WI,Iron,400.0,823000.0,2057.5,46.3498459,-90.1699583,499.6,0.6678486309734221,1130.0,0.2057963149722755,388.1,1.0,,,1.0,0.6889,0.6571,0.5,,"Hurley, WI, 54534, Iron County",
452,0.6566,landsearch,5041722,https://www.landsearch.com/properties/jug-factory-rd-wetumpka-al-36093/5041722,AL,Elmore,570.0,1950000.0,3421.05,32.491428,-86.1461424,149.6,0.9754245270623721,268.8,1.0,,0.4509567977265073,1572.5,,1.0,0.9911,0.4298,0.5,,"Wetumpka, AL 36093",
453,0.6564,landwatch,418950975,https://www.landwatch.com/wayne-county-georgia-recreational-property-for-sale/pid/418950975,GA,Wayne,1018.0,2443848.0,2400.64,31.6399434,-81.9120809,33.0,1.0,181.0,0.864618657522788,1310.5,0.7013220198091591,2223.4,,1.0,0.7635,0.5999,0.5,,"Jesup, GA, 31545, Wayne County",
454,0.6562,landwatch,425615094,https://www.landwatch.com/henry-county-tennessee-timberland-property-for-sale/pid/425615094,TN,Henry,665.0,1828750.0,2750.0,36.3407912,-88.1240011,108.1,0.6236866124284608,1253.7,1.0,,1.0,,,1.0,0.84,0.5417,0.5,,"Springville, TN, 38256, Henry County",
455,0.6559,landwatch,424914840,https://www.landwatch.com/gordon-county-georgia-recreational-property-for-sale/pid/424914840,GA,Gordon,584.0,1987470.0,3403.2,34.4365682,-84.6918266,290.6,0.7067233537983061,1021.2,0.8871009739373364,1341.9,0.21450514272940888,957.7,,1.0,0.984,0.4328,0.5,,"Fairmount, GA, 30139, Gordon County",
456,0.6559,landandfarm,39082788,https://www.landandfarm.com/property/webster-choctaw-big-black-river-hunting-timber-tract-508-acres-39082788/,MS,Webster,509.0,1500315.0,2947.57,33.5400688,-89.2753205,128.2,0.7962313169993238,770.6,1.0,2007.1,0.48443175392262927,1659.5,,1.0,0.8827,0.5087,0.5,,"Eupora, MS, 39744",
457,0.6557,landsearch,5086395,https://www.landsearch.com/properties/n-3910-rd-stuart-ok-74570/5086395,OK,Pittsburg,785.0,1413000.0,1800.0,34.8903793,-96.1116768,251.0,0.0,,1.0,11502.6,0.9864835012575869,2964.9,,1.0,0.6267,0.7,0.5,,"Stuart, OK 74570",
458,0.6557,landwatch,426354923,https://www.landwatch.com/pearl-river-county-mississippi-recreational-property-for-sale/pid/426354923,MS,Pearl River,415.0,913000.0,2200.0,30.5337898,-89.5851954,29.5,0.7410371647215179,925.1,0.7837232682753121,1197.2,1.0,,,1.0,0.7156,0.6333,0.5,,"Picayune, MS, 39466, Pearl River County",
459,0.6554,landsearch,4881783,https://www.landsearch.com/properties/reeder-nd-58649/4881783,ND,Adams,712.0,1701920.0,2390.34,46.0320276,-102.9645655,826.5,0.9574297371118813,319.2,1.0,4905.5,1.0,,,1.0,0.7564,0.6016,0.5,,"Reeder, ND 58649",
460,0.6553,landwatch,424372071,https://www.landwatch.com/prentiss-county-mississippi-farms-and-ranches-for-sale/pid/424372071,MS,Prentiss,640.0,1900000.0,2968.75,34.652856,-88.5421956,146.7,0.4297717212323079,1796.6,1.0,26092.5,0.8675893021885905,2655.7,,1.0,0.8844,0.5052,0.5,,"Booneville, MS, 38829, Prentiss County",
461,0.6552,landandfarm,40186425,https://www.landandfarm.com/property/walley-vinegar-bend-hunting-timber-investment-40186425/,AL,Washington,1066.0,2823945.0,2649.1,31.207011,-88.3785,65.8,0.8574587895601244,599.1,1.0,10722.6,1.0,,,1.0,0.813,0.5585,0.5,,"Vinegar Bend, AL, 36584",
462,0.6549,landwatch,426323943,https://www.landwatch.com/harper-county-kansas-farms-and-ranches-for-sale/pid/426323943,KS,Harper,638.0,1910211.0,2994.06,37.013605,-98.184832,383.5,0.12544321183946072,2648.8,1.0,,1.0,,,1.0,0.888,0.501,0.5,,"Waldron, KS, 67150, Harper County",
463,0.6548,landwatch,426122543,https://www.landwatch.com/pontotoc-county-mississippi-farms-and-ranches-for-sale/pid/426122543,MS,Pontotoc,489.0,1375000.0,2811.86,34.316904,-89.2030995,130.4,0.7509490513863243,897.3,1.0,,0.7838095394681811,2437.9,,1.0,0.8471,0.5314,0.5,,"Thaxton, MS, 38871, Pontotoc County",
464,0.6548,landwatch,425414200,https://www.landwatch.com/oneida-county-wisconsin-undeveloped-land-for-sale/pid/425414200,WI,Oneida,400.0,840000.0,2100.0,45.49303,-89.7615115,442.7,0.776355475417206,826.2,1.0,65305.5,1.0,,,1.0,0.6889,0.65,0.5,,"Tomahawk, WI, 54487, Oneida County",
465,0.6547,landwatch,425999506,https://www.landwatch.com/klickitat-county-washington-undeveloped-land-for-sale/pid/425999506,WA,Klickitat,411.0,899500.0,2188.56,46.2160116,-119.2255976,168.4,0.0,,0.6259624659049138,976.3,0.19944843698737333,918.6,,1.0,0.7084,0.6352,0.5,,"Goldendale, WA, 98620, Klickitat County",
466,0.6547,landwatch,423673123,https://www.landwatch.com/marion-county-georgia-recreational-property-for-sale/pid/423673123,GA,Marion,506.0,1492700.0,2950.0,32.3185367,-84.5201086,203.3,0.7709612738968306,841.3,1.0,6468.1,0.07633969886977293,598.5,,1.0,0.8773,0.5083,0.5,,"Buena Vista, GA, 31803, Marion County",
467,0.6546,landwatch,424072375,https://www.landwatch.com/dawes-county-nebraska-farms-and-ranches-for-sale/pid/424072375,NE,Dawes,1319.0,2998087.0,2273.0,42.7063287,-103.444453,1168.9,0.19605230153810838,2451.1,1.0,6555.3,1.0,,,1.0,0.7264,0.6212,0.5,,"Crawford, NE 69339",
468,0.6545,landwatch,422552623,https://www.landwatch.com/barber-county-kansas-recreational-property-for-sale/pid/422552623,KS,Barber,418.0,940500.0,2250.0,37.2854798,-98.5797189,452.8,0.6077879261340369,1298.2,0.7485074583409899,1147.9,0.6335240257191098,2047.2,,1.0,0.7209,0.625,0.5,,"Medicine Lodge, KS, 67104, Barber County",
469,0.654,landwatch,423641609,https://www.landwatch.com/wilcox-county-alabama-recreational-property-for-sale/pid/423641609,AL,Wilcox,520.0,1600000.0,3076.92,32.1833222,-87.5177259,58.5,0.6207162219710483,1262.0,1.0,,1.0,,,1.0,0.9022,0.4872,0.5,,"Catherine, AL, 36728, Wilcox County",
470,0.6538,landwatch,415557601,https://www.landwatch.com/montgomery-county-alabama-farms-and-ranches-for-sale/pid/415557601,AL,Montgomery,640.0,1920000.0,3000.0,32.3779866,-86.3430756,50.9,0.09495434374002931,2734.1,0.07623325720067298,206.7,0.12548957242962072,726.3,,1.0,0.8844,0.5,0.5,,"Montgomery, AL, 36113, Montgomery County",
471,0.6536,landandfarm,39748346,https://www.landandfarm.com/property/texas-county-irrigated-farm-39748346/,OK,Texas,478.0,1313675.0,2748.27,35.2113712,-97.4605632,353.9,0.7611785509703377,868.7,0.9041983053879525,1365.9,0.6486468292729737,2086.5,,1.0,0.8276,0.542,0.5,,"Hough, OK, 73060",
472,0.6534,landwatch,419990470,https://www.landwatch.com/montgomery-county-new-york-land-for-sale/pid/419990470,NY,Montgomery,395.0,825000.0,2088.61,43.4147584,-73.5209612,61.5,0.6418732086037772,1202.8,0.9469865344046356,1425.8,0.5336925796357372,1787.6,,1.0,0.68,0.6519,0.5,,"Fort Ann, NY, 12827, Montgomery County",
473,0.6532,landwatch,426485136,https://www.landwatch.com/monroe-county-mississippi-recreational-property-for-sale/pid/426485136,MS,Monroe,446.0,1115000.0,2500.0,33.7092092,-88.3267566,81.2,0.933492306439178,386.2,1.0,2060.8,0.5425917060025826,1810.7,,1.0,0.7707,0.5833,0.5,,"Caledonia, MS, 39740, Monroe County",
474,0.6531,landwatch,425803759,https://www.landwatch.com/red-willow-county-nebraska-farms-and-ranches-for-sale/pid/425803759,NE,Red Willow,413.0,925000.0,2239.71,40.2473584,-100.4190686,750.5,0.0,,1.0,1710.7,0.0,318.8,,1.0,0.712,0.6267,0.5,,"Indianola, NE, 69034, Red Willow County",
475,0.6528,landwatch,426257125,https://www.landwatch.com/barbour-county-alabama-undeveloped-land-for-sale/pid/426257125,AL,Barbour,501.0,1477950.0,2950.0,31.8816082,-85.1674688,72.1,0.883633832065146,525.8,0.15662321751108632,319.3,0.10681815571559333,677.7,,1.0,0.8684,0.5083,0.5,,"Clayton, AL, 36027, Barbour County",
476,0.6524,landwatch,424877148,https://www.landwatch.com/dewey-county-oklahoma-farms-and-ranches-for-sale/pid/424877148,OK,Dewey,400.0,860000.0,2150.0,35.8547526,-98.9664883,596.5,0.9071932321653257,459.9,0.3418380270689933,578.6,0.7061827397268093,2236.1,,1.0,0.6889,0.6417,0.5,,"Putnam, OK, 73659, Dewey County",
477,0.6523,landwatch,425988947,https://www.landwatch.com/holmes-county-florida-hunting-property-for-sale/pid/425988947,FL,Holmes,769.0,1537200.0,1998.96,30.8174093,-85.6729611,36.7,1.0,141.8,1.0,1650.9,1.0,3106.4,,1.0,0.6551,0.6668,0.5,,"Bonifay, FL, 32425, Holmes County",
478,0.6522,landwatch,425240355,https://www.landwatch.com/lincoln-county-nebraska-farms-and-ranches-for-sale/pid/425240355,NE,Lincoln,1477.0,2350000.0,1591.06,41.0202896,-100.3683664,807.6,0.1934046276291037,2458.5,0.9946738719792253,1492.5,0.20656523605616506,937.1,,1.0,0.5637,0.7348,0.5,,"Brady, NE, 69123, Lincoln County",
479,0.6521,landwatch,421489722,https://www.landwatch.com/latimer-county-oklahoma-farms-and-ranches-for-sale/pid/421489722,OK,Latimer,393.0,825300.0,2100.0,34.9478781,-95.0837419,,0.0,,0.6158201011019665,962.1,0.07849813799392455,604.1,,1.0,0.6764,0.65,0.5,,"Red Oak, OK, 74563, Latimer County",
480,0.652,landwatch,423524015,https://www.landwatch.com/dallas-county-arkansas-farms-and-ranches-for-sale/pid/423524015,AR,Dallas,380.0,759000.0,1997.37,33.8845449,-92.8202766,,0.4726069030748684,1676.7,1.0,,1.0,3570.0,,1.0,0.6533,0.6671,0.5,,"Sparkman, AR, 71763, Dallas County",
481,0.6519,landwatch,423300009,https://www.landwatch.com/pittsburg-county-oklahoma-undeveloped-land-for-sale/pid/423300009,OK,Pittsburg,720.0,1728000.0,2400.0,34.9333124,-95.7559367,213.1,0.1473180077644224,2587.5,1.0,1581.0,0.528964527253902,1775.3,,1.0,0.7422,0.6,0.5,,"Mcalester, OK, 74501, Pittsburg County",
482,0.6517,landwatch,424394091,https://www.landwatch.com/baxter-county-arkansas-farms-and-ranches-for-sale/pid/424394091,AR,Baxter,612.0,2000000.0,3267.97,36.3384898,-92.3692464,233.0,1.0,193.8,1.0,2316.3,0.4454365925114897,1558.1,,1.0,0.9342,0.4553,0.5,,"Mountain Home, AR, 72653, Baxter County",
483,0.6517,landsearch,4834971,https://www.landsearch.com/properties/hooser-rd-mcalester-ok-74501/4834971,OK,Pittsburg,467.0,1261494.0,2701.27,34.9333124,-95.7559367,213.1,0.1473180077644224,2587.5,1.0,1581.0,0.528964527253902,1775.3,,1.0,0.808,0.5498,0.5,,"McAlester, OK 74501",
484,0.6516,landwatch,420148360,https://www.landwatch.com/crockett-county-texas-recreational-property-for-sale/pid/420148360,TX,Crockett,1072.0,2950000.0,2751.87,30.709627,-101.2012347,714.7,0.0,,0.6875737770218046,1062.6,1.0,,,1.0,0.8191,0.5414,0.5,,"Ozona, TX, 76943, Crockett County",
485,0.6516,landwatch,425556545,https://www.landwatch.com/greene-county-mississippi-farms-and-ranches-for-sale/pid/425556545,MS,Greene,1023.0,2584454.0,2526.35,31.1822205,-88.7383186,49.8,0.9602493225178521,311.3,1.0,10348.5,1.0,,,1.0,0.7687,0.5789,0.5,,"Neely, MS, 39461, Greene County",
486,0.6515,landwatch,417915595,https://www.landwatch.com/oldham-county-texas-farms-and-ranches-for-sale/pid/417915595,TX,Oldham,1478.0,2364800.0,1600.0,35.2717168,-102.6740032,1234.4,0.0,,1.0,2777.9,0.1746714646173469,854.1,,1.0,0.5627,0.7333,0.5,,"Adrian, TX, 79001, Oldham County",
487,0.6514,landwatch,425929403,https://www.landwatch.com/val-verde-county-texas-recreational-property-for-sale/pid/425929403,TX,Val Verde,360.0,666407.0,1851.13,30.5653826,-100.6427489,648.3,0.0,,0.3362034732664227,570.7,0.3972364902264931,1432.8,,1.0,0.6178,0.6915,0.5,,"Sonora, TX, 76950, Val Verde County",
488,0.6513,landwatch,425411186,https://www.landwatch.com/oneida-county-wisconsin-undeveloped-land-for-sale/pid/425411186,WI,Oneida,391.0,821000.0,2099.74,45.49303,-89.7615115,442.7,0.776355475417206,826.2,1.0,65305.5,1.0,,,1.0,0.6729,0.65,0.5,,"Tomahawk, WI, 54487, Oneida County",
489,0.6513,landwatch,424993976,https://www.landwatch.com/lake-of-the-woods-county-minnesota-farms-and-ranches-for-sale/pid/424993976,MN,Lake Of The Woods,400.0,869000.0,2172.5,46.1435818,-92.8039395,338.2,0.49951239119118784,1601.4,0.8409569710921504,1277.3,1.0,,,1.0,0.6889,0.6379,0.5,,"Baudette, MN, 56623, Lake of the Woods County",
490,0.6511,landwatch,426088291,https://www.landwatch.com/pittsburg-county-oklahoma-farms-and-ranches-for-sale/pid/426088291,OK,Pittsburg,478.0,1338400.0,2800.0,35.1265032,-95.3665071,193.4,0.2874084600714879,2195.3,1.0,49731.6,0.7271408449097657,2290.6,,1.0,0.8276,0.5333,0.5,,"Quinton, OK, 74561, Pittsburg County",
491,0.6508,landsearch,3892690,https://www.landsearch.com/properties/119th-ave-se-ludden-nd-58474/3892690,ND,Sargent,960.0,2160000.0,2250.0,46.1315993,-98.0150507,405.6,0.0,,1.0,22501.7,1.0,,,1.0,0.7038,0.625,0.5,,"Ludden, ND 58474",
492,0.6505,landwatch,418364860,https://www.landwatch.com/pulaski-county-virginia-recreational-property-for-sale/pid/418364860,VA,Pulaski,1732.0,2650000.0,1530.02,36.975068,-80.7825589,649.7,0.8642954016098596,580.0,1.0,1581.6,1.0,,,1.0,0.5425,0.745,0.5,,"Draper, VA, 24324, Pulaski County",
493,0.6504,landwatch,420846300,https://www.landwatch.com/calhoun-county-mississippi-recreational-property-for-sale/pid/420846300,MS,Calhoun,466.0,1267000.0,2718.88,34.1125102,-89.3983558,126.6,0.30620878478370195,2142.6,1.0,,1.0,3571.7,,1.0,0.8062,0.5469,0.5,,"Banner, MS, 38913, Calhoun County",
494,0.6501,landwatch,423674436,https://www.landwatch.com/yalobusha-county-mississippi-undeveloped-land-for-sale/pid/423674436,MS,Yalobusha,388.0,815871.0,2102.76,34.1558353,-89.6283292,92.1,0.1806549810452741,2494.2,0.8316779004428329,1264.3,0.0,366.5,,1.0,0.6676,0.6495,0.5,,"Water Valley, MS, 38965, Yalobusha County",
495,0.6495,landwatch,426546906,https://www.landwatch.com/boyd-county-nebraska-farms-and-ranches-for-sale/pid/426546906,NE,Boyd,480.0,1368000.0,2850.0,42.956136,-99.09387,601.3,0.4936059035181536,1617.9,1.0,46757.0,0.7201326969368714,2272.3,,1.0,0.8311,0.525,0.5,,"Naper, NE, 68755, Boyd County",
496,0.6494,landandfarm,39178313,https://www.landandfarm.com/property/large-hunting-and-recreational-property-near-the-coast-with-duck-deer-hog-39178313/,MS,Hancock,827.0,1375000.0,1662.64,30.3066538,-89.3898854,2.7,0.1603518463766388,2551.0,0.3622439657555505,607.1,0.20923178820493288,944.0,,1.0,0.5668,0.7229,0.5,,"Bay Saint Louis, MS, 39520",
497,0.6492,landwatch,425965367,https://www.landwatch.com/greene-county-alabama-timberland-property-for-sale/pid/425965367,AL,Greene,454.0,1202491.0,2648.66,33.0768463,-87.770249,76.4,0.8309945420580399,673.2,1.0,,1.0,,,1.0,0.7849,0.5586,0.5,,"Jena, AL, 35480, Greene County",
498,0.6491,landwatch,421911361,https://www.landwatch.com/new-madrid-county-missouri-hunting-property-for-sale/pid/421911361,MO,New Madrid,433.0,1075000.0,2482.68,36.4280305,-89.6849342,83.9,0.0,,0.1141624389588845,259.8,0.0,23.1,,1.0,0.7476,0.5862,0.5,,"Portageville, MO, 63873, New Madrid County",
499,0.649,landwatch,424591045,https://www.landwatch.com/alfalfa-county-oklahoma-farms-and-ranches-for-sale/pid/424591045,OK,Alfalfa,640.0,1984000.0,3100.0,36.9242668,-98.293191,368.1,0.0,3587.4,1.0,,1.0,,,1.0,0.8844,0.4833,0.5,,"Alva, OK, 73719, Alfalfa County",
500,0.6489,landwatch,423093728,https://www.landwatch.com/wheeler-county-georgia-recreational-property-for-sale/pid/423093728,GA,Wheeler,447.0,1162200.0,2600.0,32.2062344,-82.7027665,54.6,0.7717747397282421,839.0,1.0,2438.0,1.0,,,1.0,0.7724,0.5667,0.5,,"Glenwood, GA, 30428, Wheeler County",
501,0.6486,landwatch,425931622,https://www.landwatch.com/childress-county-texas-farms-and-ranches-for-sale/pid/425931622,TX,Childress,525.0,1695000.0,3228.57,34.4387727,-100.2472181,596.2,0.0,,1.0,1557.6,0.19073503303729406,895.9,,1.0,0.9111,0.4619,0.5,,"Childress, TX, 79201, Childress County",
502,0.6486,landwatch,422675309,https://www.landwatch.com/brown-county-nebraska-hunting-property-for-sale/pid/422675309,NE,Brown,640.0,1990000.0,3109.38,42.5467163,-99.8579214,767.9,0.7883375878017467,792.7,0.28616511069315914,500.6,0.32168480359080964,1236.4,,1.0,0.8844,0.4818,0.5,,"Ainsworth, NE, 69210, Brown County",
503,0.648,landwatch,426696086,https://www.landwatch.com/val-verde-county-texas-recreational-property-for-sale/pid/426696086,TX,Val Verde,351.0,649554.0,1850.58,30.5653826,-100.6427489,648.3,0.0,,0.3362034732664227,570.7,0.3972364902264931,1432.8,,1.0,0.6018,0.6916,0.5,,"Sonora, TX, 76950, Val Verde County",
504,0.6473,landwatch,425586677,https://www.landwatch.com/jackson-county-alabama-recreational-property-for-sale/pid/425586677,AL,Jackson,426.0,1050000.0,2464.79,34.9476742,-85.6376388,500.6,0.986794946880154,237.0,0.3436507635947946,581.1,0.3352381567545943,1271.6,,1.0,0.7351,0.5892,0.5,,"Bryant, AL, 35958, Jackson County",
505,0.6472,landwatch,426469810,https://www.landwatch.com/wheeler-county-georgia-recreational-property-for-sale/pid/426469810,GA,Wheeler,449.0,1190000.0,2650.33,31.9291799,-82.6839756,43.9,0.10289127665487086,2711.9,0.181901132934024,354.7,0.2450642424779202,1037.2,,1.0,0.776,0.5583,0.5,,"Lumber City, GA, 31549, Wheeler County",
506,0.647,landwatch,420375745,https://www.landwatch.com/scott-county-tennessee-recreational-property-for-sale/pid/420375745,TN,Scott,813.0,1340938.0,1649.37,36.5642586,-84.4374116,433.7,0.8795689195915462,537.2,1.0,2264.1,0.6135441978488544,1995.2,,1.0,0.5524,0.7251,0.5,,"Winfield, TN, 37892, Scott County",
507,0.6467,landwatch,422373299,https://www.landwatch.com/union-county-oregon-farms-and-ranches-for-sale/pid/422373299,OR,Union,1524.0,1881880.0,1234.83,45.5645644,-117.9220518,819.5,0.0,,0.38084349982372934,633.2,1.0,,,1.0,0.4592,0.7942,0.5,,"Elgin, OR, 97827, Union County",
508,0.6465,landwatch,425275616,https://www.landwatch.com/wheeler-county-oregon-farms-and-ranches-for-sale/pid/425275616,OR,Wheeler,778.0,1595000.0,2050.13,44.9997441,-120.2139679,812.3,0.0,,0.497304735860051,796.2,1.0,,,1.0,0.6391,0.6583,0.5,,"Fossil, OR, 97830, Wheeler County",
509,0.6464,landwatch,426021867,https://www.landwatch.com/frontier-county-nebraska-farms-and-ranches-for-sale/pid/426021867,NE,Frontier,384.0,825000.0,2148.44,40.6630417,-100.029537,802.4,0.0,,1.0,18460.0,1.0,,,1.0,0.6604,0.6419,0.5,,"Eustis, NE, 69028, Frontier County",
510,0.6463,landwatch,422841785,https://www.landwatch.com/haskell-county-oklahoma-farms-and-ranches-for-sale/pid/422841785,OK,Haskell,691.0,1900000.0,2749.64,35.2573103,-95.1336923,171.0,0.9638270895414933,301.3,0.9411784236889119,1417.6,0.4276899078852441,1512.0,,1.0,0.7938,0.5417,0.5,,"Stigler, OK, 74462, Haskell County",
511,0.6463,landandfarm,40731141,https://www.landandfarm.com/property/montgomery-379-40731141/,MS,Montgomery,379.0,799900.0,2110.55,33.4746728,-89.7167385,107.7,1.0,144.0,1.0,,0.6666844283645236,2133.4,,1.0,0.6516,0.6482,0.5,,"Winona, MS, 38967",
512,0.6462,landwatch,425263834,https://www.landwatch.com/perkins-county-south-dakota-farms-and-ranches-for-sale/pid/425263834,SD,Perkins,880.0,1738000.0,1975.0,45.750526,-102.714556,846.8,0.0,,1.0,,1.0,,,1.0,0.6214,0.6708,0.5,,"Lodgepole, SD, 57640, Perkins County",
513,0.646,landwatch,426435726,https://www.landwatch.com/tazewell-county-virginia-farms-and-ranches-for-sale/pid/426435726,VA,Tazewell,494.0,1500000.0,3036.44,36.9976593,-81.5856257,614.3,0.980015605838245,256.0,1.0,6227.3,1.0,,,1.0,0.856,0.4939,0.5,,"Tannersville, VA, 24377, Tazewell County",
514,0.6456,landwatch,425986502,https://www.landwatch.com/custer-county-nebraska-farms-and-ranches-for-sale/pid/425986502,NE,Custer,560.0,2000000.0,3571.43,41.14279,-99.761052,782.1,0.0,,1.0,,0.2836275107325915,1137.4,,1.0,0.9733,0.4048,0.5,,"Oconto, NE, 68860, Custer County",
515,0.6456,landwatch,425341720,https://www.landwatch.com/pittsburg-county-oklahoma-farms-and-ranches-for-sale/pid/425341720,OK,Pittsburg,426.0,1065000.0,2500.0,35.1265032,-95.3665071,193.4,0.2874084600714879,2195.3,1.0,49731.6,0.7271408449097657,2290.6,,1.0,0.7351,0.5833,0.5,,"Quinton, OK, 74561, Pittsburg County",
516,0.645,landwatch,425818917,https://www.landwatch.com/bibb-county-alabama-farms-and-ranches-for-sale/pid/425818917,AL,Bibb,730.0,1800000.0,2465.75,32.9523907,-87.1389578,82.2,0.8580264754730211,597.5,1.0,,0.05,428.1,,1.0,0.7244,0.589,0.5,,"Eoline, AL, 35042, Bibb County",
517,0.6449,landwatch,424013632,https://www.landwatch.com/cumberland-county-kentucky-recreational-property-for-sale/pid/424013632,KY,Cumberland,386.0,847000.0,2194.3,36.7580916,-85.3665346,190.8,0.8442734568633652,636.0,0.5211827807178084,829.7,1.0,3477.6,,1.0,0.664,0.6343,0.5,,"Burkesville, KY, 42717, Cumberland County",
518,0.6448,landwatch,426568929,https://www.landwatch.com/crow-wing-county-minnesota-hunting-property-for-sale/pid/426568929,MN,Crow Wing,568.0,2074900.0,3652.99,46.7366612,-93.938813,392.2,0.5489364190203556,1463.0,1.0,8373.2,0.6617905007691245,2120.7,,1.0,0.9876,0.3912,0.5,,"Emily, MN, 56447, Crow Wing County",
519,0.6446,landwatch,426170458,https://www.landwatch.com/winston-county-alabama-recreational-property-for-sale/pid/426170458,AL,Winston,386.0,849500.0,2200.78,34.2294082,-87.6090785,281.6,0.9758152210657353,267.7,0.37922608489901155,630.9,0.20810521410805416,941.1,,1.0,0.664,0.6332,0.5,,"Haleyville, AL, 35565, Winston County",
520,0.6444,landwatch,426340513,https://www.landwatch.com/lawrence-county-kentucky-farms-and-ranches-for-sale/pid/426340513,KY,Lawrence,552.0,1950000.0,3532.61,38.1067881,-82.6056288,177.3,1.0,192.2,1.0,2415.9,0.05280607967732806,537.3,,1.0,0.9591,0.4112,0.5,,"Louisa, KY, 41230, Lawrence County",
521,0.644,landwatch,423050733,https://www.landwatch.com/carter-county-missouri-farms-and-ranches-for-sale/pid/423050733,MO,Carter,385.0,849000.0,2205.19,36.9974942,-91.0130499,144.9,0.905503339079655,464.6,1.0,1527.0,0.8062014870087775,2496.1,,1.0,0.6622,0.6325,0.5,,"Van Buren, MO, 63965, Carter County",
522,0.644,landwatch,426186998,https://www.landwatch.com/harper-county-oklahoma-farms-and-ranches-for-sale/pid/426186998,OK,Harper,989.0,2500000.0,2527.81,36.4295579,-99.4031138,597.8,0.8991145339999158,482.5,0.5626785785291966,887.8,0.05,419.0,,1.0,0.7336,0.5787,0.5,,"Woodward, OK, 73801, Harper County",
523,0.6438,landwatch,415640043,https://www.landwatch.com/harney-county-oregon-farms-and-ranches-for-sale/pid/415640043,OR,Harney,720.0,1850000.0,2569.44,43.5454322,-119.1447476,1375.4,0.0,,1.0,2598.8,1.0,3202.6,,1.0,0.7422,0.5718,0.5,,"Burns, OR, 97720, Harney County",
524,0.6437,landwatch,417729685,https://www.landwatch.com/claiborne-county-mississippi-recreational-property-for-sale/pid/417729685,MS,Claiborne,1042.0,2896760.0,2780.0,31.954138,-90.9851432,35.8,0.1443022266715025,2596.0,1.0,1997.1,0.4461770390729694,1560.1,,1.0,0.7882,0.5367,0.5,,"Port Gibson, MS, 39150, Claiborne County",
525,0.6431,landwatch,421035837,https://www.landwatch.com/monroe-county-mississippi-timberland-property-for-sale/pid/421035837,MS,Monroe,411.0,999702.0,2432.36,33.9420745,-88.2888214,112.6,0.9023638973699567,473.4,0.05922283203058088,182.9,1.0,,,1.0,0.7084,0.5946,0.5,,"Greenwood Springs, MS, 38848, Monroe County",
526,0.6431,landwatch,424890974,https://www.landwatch.com/cowley-county-kansas-farms-and-ranches-for-sale/pid/424890974,KS,Cowley,637.0,2069665.0,3249.08,37.0661882,-97.035157,333.1,0.0,,0.6294739840811939,981.3,1.0,3361.8,,1.0,0.8898,0.4585,0.5,,"Arkansas City, KS, 67005, Cowley County",
527,0.6428,landwatch,424914832,https://www.landwatch.com/robeson-county-north-carolina-recreational-property-for-sale/pid/424914832,NC,Robeson,870.0,1740000.0,2000.0,34.6217889,-78.9634432,46.3,1.0,199.6,0.05,121.0,0.8023657936788945,2486.2,,1.0,0.6111,0.6667,0.5,,"Lumberton, NC, 28358, Robeson County",
528,0.6428,landsearch,5211987,https://www.landsearch.com/properties/694a-tunnel-ridge-rd-argillite-ky-41121/5211987,KY,Greenup,694.0,1943200.0,2800.0,38.5005006,-82.8499678,195.0,0.7956343263422188,772.2,1.0,,0.0724218210113036,588.3,,1.0,0.7884,0.5333,0.5,,"Argillite, KY 41121",
529,0.6417,landwatch,426383684,https://www.landwatch.com/middlesex-county-virginia-undeveloped-land-for-sale/pid/426383684,VA,Middlesex,800.0,1580000.0,1975.0,37.7360295,-76.6706448,32.5,0.8687238716432436,567.6,1.0,,1.0,,,1.0,0.6,0.6708,0.5,,"Jamaica, VA, 23079, Middlesex County",
530,0.6417,landwatch,426113886,https://www.landwatch.com/klamath-county-oregon-farms-and-ranches-for-sale/pid/426113886,OR,Klamath,400.0,950000.0,2375.0,42.0600393,-121.4050769,1273.3,0.0,,0.24755516674235037,446.6,0.7870506281470159,2446.3,,1.0,0.6889,0.6042,0.5,,"Malin, OR, 97632, Klamath County",
531,0.6416,landwatch,426599435,https://www.landwatch.com/clinch-county-georgia-recreational-property-for-sale/pid/426599435,GA,Clinch,478.0,1434007.0,3000.01,31.0335266,-82.7528488,52.7,1.0,188.9,0.7075412018400907,1090.6,0.4415755943815389,1548.1,,1.0,0.8276,0.5,0.5,,"Homerville, GA, 31634, Clinch County",
532,0.6413,landwatch,425767837,https://www.landwatch.com/tattnall-county-georgia-recreational-property-for-sale/pid/425767837,GA,Tattnall,1013.0,2730035.0,2695.0,31.9352639,-81.9276849,53.0,0.9700708425813892,283.8,0.8516713305022011,1292.3,0.40560620068513326,1454.6,,1.0,0.7584,0.5508,0.5,,"Glennville, GA, 30427, Tattnall County",
533,0.6405,landwatch,426545651,https://www.landwatch.com/campbell-county-tennessee-undeveloped-land-for-sale/pid/426545651,TN,Campbell,800.0,1600000.0,2000.0,36.3808006,-84.0875952,392.9,0.9770062534040613,264.4,0.4173286677031898,684.3,0.1670086687411117,834.2,,1.0,0.6,0.6667,0.5,,"LaFollette, TN, 37766, Campbell County",
534,0.6404,landwatch,425333625,https://www.landwatch.com/overton-county-tennessee-undeveloped-land-for-sale/pid/425333625,TN,Overton,704.0,1950000.0,2769.89,36.3255238,-85.2137612,281.4,1.0,187.8,1.0,,1.0,,,1.0,0.7707,0.5384,0.5,,"Allred, TN, 38542, Overton County",
535,0.64,landwatch,423718899,https://www.landwatch.com/suffolk-city-county-virginia-recreational-property-for-sale/pid/423718899,VA,Suffolk City,553.0,2009448.0,3633.72,36.7387356,-76.5946327,13.0,0.7774319593140184,823.2,1.0,1651.6,0.5849508212018318,1920.9,,1.0,0.9609,0.3944,0.5,,"Suffolk, VA, 23434, Suffolk City County",
536,0.6398,landwatch,425904449,https://www.landwatch.com/kings-county-new-york-homes-for-sale/pid/425904449,NY,Kings,367.0,789000.0,2149.86,40.619033,-73.9235777,4.6,0.2764381425703566,2226.0,1.0,11901.0,1.0,,,1.0,0.6302,0.6417,0.5,,"Brooklyn, NY, 11234, Kings County",
537,0.6398,landandfarm,39799723,https://www.landandfarm.com/property/saline-river-39799723/,AR,Howard,1026.0,2860448.0,2787.96,34.137304,-94.0249951,171.4,0.7535122990360376,890.2,1.0,1716.9,1.0,,,1.0,0.7718,0.5353,0.5,,"Dierks, AR, 71833",
538,0.6397,landwatch,426709828,https://www.landwatch.com/cattaraugus-county-new-york-homes-for-sale/pid/426709828,NY,Cattaraugus,423.0,1100000.0,2600.47,42.1922516,-78.4001477,608.1,0.8529952246519095,611.6,1.0,3695.4,1.0,3240.2,,1.0,0.7298,0.5666,0.5,,"Hinsdale, NY, 14743, Cattaraugus County",
539,0.6397,landwatch,423287337,https://www.landwatch.com/choctaw-county-alabama-recreational-property-for-sale/pid/423287337,AL,Choctaw,470.0,1399000.0,2976.6,31.7792585,-88.3075763,51.4,0.6015155036027546,1315.8,1.0,,0.45204796610013126,1575.3,,1.0,0.8133,0.5039,0.5,,"Silas, AL, 36919, Choctaw County",
540,0.6396,landwatch,425227483,https://www.landwatch.com/okfuskee-county-oklahoma-farms-and-ranches-for-sale/pid/425227483,OK,Okfuskee,635.0,2120000.0,3338.58,35.4325651,-96.3046419,276.6,0.0,,0.5917322771406639,928.4,0.11014847989799621,686.4,,1.0,0.8933,0.4436,0.5,,"Okemah, OK, 74859, Okfuskee County",
541,0.6394,landwatch,418562992,https://www.landwatch.com/sequoyah-county-oklahoma-lakefront-property-for-sale/pid/418562992,OK,Sequoyah,735.0,1869400.0,2543.4,35.549891,-95.105176,212.7,0.1881985379673382,2473.0,0.3022917022223372,523.2,0.770048814367598,2402.1,,1.0,0.7156,0.5761,0.5,,"Webbers Falls, OK, 74435, Sequoyah County",
542,0.639,landwatch,424724856,https://www.landwatch.com/crenshaw-county-alabama-farms-and-ranches-for-sale/pid/424724856,AL,Crenshaw,578.0,2200000.0,3806.23,31.7268635,-86.3538404,107.6,0.7540979096080356,888.5,0.8207103986252573,1249.0,1.0,,,1.0,0.9947,0.3656,0.5,,"Rutledge, AL, 36071, Crenshaw County",
543,0.6384,landandfarm,35706352,https://www.landandfarm.com/property/hunter-s-paradise-and-development-opportunity-35706352/,MS,Lauderdale,829.0,1577160.0,1902.48,32.3904385,-88.6918627,127.6,0.39957812082590305,1881.2,1.0,1972.3,0.05,529.1,,1.0,0.5688,0.6829,0.5,,"Off Peavy Road, LO",
544,0.6378,landsearch,4992361,https://www.landsearch.com/properties/willis-creek-rd-albany-ky-42602/4992361,KY,Clinton,383.0,889000.0,2321.15,36.6953709,-85.1369916,295.5,0.9242868486491898,412.0,0.12836536578787072,279.7,0.37092546675191607,1364.4,,1.0,0.6587,0.6131,0.5,,"Albany, KY 42602",
545,0.6376,landwatch,418431006,https://www.landwatch.com/pittsburg-county-oklahoma-farms-and-ranches-for-sale/pid/418431006,OK,Pittsburg,405.0,1012500.0,2500.0,34.9327085,-95.7625858,237.2,0.2205838200515957,2382.4,1.0,1931.7,0.5808082231215769,1910.1,,1.0,0.6978,0.5833,0.5,,"hrs. S. of Tulsa, OK",
546,0.6371,landwatch,421288681,https://www.landwatch.com/chilton-county-alabama-recreational-property-for-sale/pid/421288681,AL,Chilton,572.0,2200000.0,3846.15,32.7520034,-86.5297336,154.5,0.8078290291816693,738.1,0.4990234115249646,798.6,0.5997897063525255,1959.5,,1.0,0.9947,0.359,0.5,,"Verbena, AL, 36091, Chilton County",
547,0.637,landandfarm,40137799,https://www.landandfarm.com/property/epic-hunting-tract-incredibly-private-and-secluded-with-year-round-creeks-40137799/,AR,Stone,360.0,774900.0,2152.5,35.8086518,-92.4972527,365.5,0.4242530619404302,1812.1,1.0,,1.0,,,1.0,0.6178,0.6412,0.5,,"Leslie, AR, 72645",
548,0.6366,landwatch,425747187,https://www.landwatch.com/sharp-county-arkansas-recreational-property-for-sale/pid/425747187,AR,Sharp,800.0,1665300.0,2081.62,36.3035011,-91.5016449,172.6,1.0,199.2,1.0,3041.3,0.2906563021965639,1155.7,,1.0,0.6,0.6531,0.5,,"Hardy, AR, 72542, Sharp County",
549,0.6366,landwatch,423206650,https://www.landwatch.com/mcnairy-county-tennessee-recreational-property-for-sale/pid/423206650,TN,Mcnairy,946.0,2350000.0,2484.14,35.0521289,-88.7808278,134.6,1.0,183.4,1.0,4527.8,0.36120426068033024,1339.1,,1.0,0.6894,0.586,0.5,,"Pocahontas, TN, 38061, McNairy County",
550,0.6363,landwatch,422860966,https://www.landwatch.com/taylor-county-wisconsin-recreational-property-for-sale/pid/422860966,WI,Taylor,611.0,2200000.0,3600.65,45.1960372,-90.8193086,379.8,0.8152226141679262,717.4,1.0,2274.8,1.0,,,1.0,0.936,0.3999,0.5,,"Gilman, WI, 54433, Taylor County",
551,0.6362,landwatch,423633133,https://www.landwatch.com/marengo-county-alabama-recreational-property-for-sale/pid/423633133,AL,Marengo,608.0,2204000.0,3625.0,32.0998226,-87.8847376,46.3,0.9760358553735369,267.1,1.0,41850.0,0.4506538817669807,1571.7,,1.0,0.9413,0.3958,0.5,,"Sweet Water, AL, 36782, Marengo County",
552,0.6362,landwatch,425501871,https://www.landwatch.com/ascension-parish-louisiana-undeveloped-land-for-sale/pid/425501871,LA,,434.0,1199000.0,2762.67,30.3146976,-90.948983,6.6,0.9304962123102907,394.6,0.8913191495589383,1347.8,0.7444148138234473,2335.5,,1.0,0.7493,0.5396,0.5,,"Walker, LA, 70769",
553,0.6358,landwatch,426600090,https://www.landwatch.com/montgomery-county-alabama-recreational-property-for-sale/pid/426600090,AL,Montgomery,494.0,1605500.0,3250.0,32.072253,-86.1692224,107.4,0.8093888869669427,733.7,0.6131916251579448,958.5,1.0,,,1.0,0.856,0.4583,0.5,,"Montgomery, AL, 36069, Montgomery County",
554,0.6358,landwatch,423508066,https://www.landwatch.com/morton-county-kansas-farms-and-ranches-for-sale/pid/423508066,KS,Morton,566.0,2166000.0,3826.86,37.1184674,-101.6320329,1013.0,0.0,,0.6910045206270526,1067.4,1.0,,,1.0,0.984,0.3622,0.5,,"Rolla, KS, 67954, Morton County",
555,0.6357,landwatch,420694407,https://www.landwatch.com/greer-county-oklahoma-farms-and-ranches-for-sale/pid/420694407,OK,Greer,400.0,1000000.0,2500.0,34.9622982,-99.3832661,494.0,0.0,,1.0,19728.2,0.9742205110350778,2933.0,,1.0,0.6889,0.5833,0.5,,"Granite, OK, 73547, Greer County",
556,0.6355,landwatch,425269298,https://www.landwatch.com/barbour-county-alabama-hunting-property-for-sale/pid/425269298,AL,Barbour,736.0,1925000.0,2615.49,32.0101334,-85.3867229,87.2,0.9747445819037116,270.7,0.7237369473698556,1113.2,1.0,,,1.0,0.7138,0.5641,0.5,,"Midway, AL, 36053, Barbour County",
557,0.6354,landwatch,426517143,https://www.landwatch.com/lowndes-county-alabama-recreational-property-for-sale/pid/426517143,AL,Lowndes,518.0,1787100.0,3450.0,31.9770578,-86.5492332,133.2,0.9804774235596144,254.7,0.919717927680969,1387.6,0.881223341259021,2691.2,,1.0,0.8987,0.425,0.5,,"Mount Willing, AL, 36032, Lowndes County",
558,0.6353,landwatch,426383679,https://www.landwatch.com/middlesex-county-virginia-undeveloped-land-for-sale/pid/426383679,VA,Middlesex,395.0,975000.0,2468.35,37.581126,-76.5995835,7.1,0.7179033975393647,989.9,1.0,2250.3,0.9807822828522165,2950.0,,1.0,0.68,0.5886,0.5,,"Saluda, VA, 23149, Middlesex County",
559,0.6353,landwatch,415820092,https://www.landwatch.com/washington-county-new-york-timberland-property-for-sale/pid/415820092,NY,Washington,759.0,1850000.0,2437.42,43.202188,-73.345603,210.8,1.0,197.0,1.0,,1.0,,,1.0,0.6729,0.5938,0.5,,"Salem, NY, 12865, Washington County",
560,0.6352,landwatch,423674675,https://www.landwatch.com/grenada-county-mississippi-undeveloped-land-for-sale/pid/423674675,MS,Grenada,405.0,1032979.0,2550.57,33.9463016,-89.6758593,78.8,0.0,3779.4,1.0,3165.5,1.0,,,1.0,0.6978,0.5749,0.5,,"Coffeeville, MS, 38922, Grenada County",
561,0.6351,landwatch,426343486,https://www.landwatch.com/harper-county-kansas-farms-and-ranches-for-sale/pid/426343486,KS,Harper,457.0,1356970.0,2969.3,37.1530991,-98.0333627,411.6,0.44797115227078343,1745.7,1.0,3712.2,0.44081073743958443,1546.1,,1.0,0.7902,0.5051,0.5,,"Anthony, KS, 67003, Harper County",
562,0.6351,landwatch,424338525,https://www.landwatch.com/scott-county-virginia-homes-for-sale/pid/424338525,VA,Scott,478.0,1499900.0,3137.87,36.641366,-82.1583458,608.6,0.9936013987897969,217.9,0.06592664009947256,192.3,0.29364895954905434,1163.5,,1.0,0.8276,0.477,0.5,,"Bristol, VA, 24202, Scott County",
563,0.635,landwatch,426340226,https://www.landwatch.com/saint-lawrence-county-new-york-undeveloped-land-for-sale/pid/426340226,NY,Saint Lawrence,557.0,2100000.0,3770.2,44.8254867,-74.9630264,93.9,0.7702045372073222,843.4,0.2463127502100753,444.8,1.0,3842.6,,1.0,0.968,0.3716,0.5,,"Norfolk, NY, 13667, Saint Lawrence County",
564,0.6348,landwatch,424471133,https://www.landwatch.com/kittson-county-minnesota-farms-and-ranches-for-sale/pid/424471133,MN,Kittson,801.0,1481480.0,1849.54,48.7263655,-96.6042536,303.3,0.7392201719244518,930.2,1.0,3535.0,0.2372750622008432,1016.9,,1.0,0.54,0.6917,0.5,,"Lake Bronson, MN, 56734, Kittson County",
565,0.6348,landwatch,425425086,https://www.landwatch.com/henderson-county-tennessee-recreational-property-for-sale/pid/425425086,TN,Henderson,360.0,792000.0,2200.0,35.6554525,-88.4028108,152.9,0.8920500676318756,502.3,0.9535528493942882,1435.0,0.7679370631578989,2396.6,,1.0,0.6178,0.6333,0.5,,"Lexington, TN, 38351, Henderson County",
566,0.6347,landwatch,425964345,https://www.landwatch.com/wayne-county-missouri-farms-and-ranches-for-sale/pid/425964345,MO,Wayne,428.0,1175000.0,2745.33,37.1518974,-90.6764307,195.4,0.5698402780691907,1404.4,0.3891494419615833,644.8,0.8648906200381398,2648.7,,1.0,0.7387,0.5424,0.5,,"Piedmont, MO, 63957, Wayne County",
567,0.6347,landwatch,425042580,https://www.landwatch.com/stone-county-arkansas-farms-and-ranches-for-sale/pid/425042580,AR,Stone,432.0,1200000.0,2777.78,35.855997,-92.1049291,222.0,0.9185994311019002,427.9,1.0,,0.7840352906570422,2438.5,,1.0,0.7458,0.537,0.5,,"Mountain View, AR, 72560, Stone County",
568,0.6339,landwatch,423959807,https://www.landwatch.com/osage-county-oklahoma-farms-and-ranches-for-sale/pid/423959807,OK,Osage,420.0,1132839.0,2697.24,36.4143589,-96.3925827,240.3,0.87911096873412,538.5,1.0,,0.23225630103061293,1003.9,,1.0,0.7244,0.5505,0.5,,"Hominy, OK, 74035, Osage County",
569,0.6338,landwatch,424963239,https://www.landwatch.com/iosco-county-michigan-recreational-property-for-sale/pid/424963239,MI,Iosco,360.0,799000.0,2219.44,44.30993,-83.4635314,179.9,0.5676733940348089,1410.5,1.0,,1.0,,,1.0,0.6178,0.6301,0.5,,"East Tawas, MI, 48730, Iosco County",
570,0.6336,landwatch,426272846,https://www.landwatch.com/carroll-county-mississippi-recreational-property-for-sale/pid/426272846,MS,Carroll,378.0,895000.0,2367.72,33.4230182,-89.9110025,85.6,1.0,174.2,1.0,29345.1,1.0,,,1.0,0.6498,0.6054,0.5,,"Carroll County, MS",
571,0.6334,landsearch,5011698,https://www.landsearch.com/properties/suttle-al-36701/5011698,AL,Perry,631.0,2208500.0,3500.0,32.4236948,-87.0376127,37.4,1.0,154.3,1.0,2292.4,0.545000314985308,1817.0,,1.0,0.9004,0.4167,0.5,,"Suttle, AL 36701",
572,0.6334,landwatch,418483928,https://www.landwatch.com/iron-county-michigan-undeveloped-land-for-sale/pid/418483928,MI,Iron,728.0,1984000.0,2725.27,46.0989559,-88.6695832,458.8,0.9955605654342042,212.4,1.0,1711.7,1.0,3068.3,,1.0,0.728,0.5458,0.5,,"Iron River, MI, 49935, Iron County",
573,0.6332,landwatch,424686755,https://www.landwatch.com/washington-county-missouri-recreational-property-for-sale/pid/424686755,MO,Washington,665.0,2150000.0,3233.08,38.223312,-91.1580059,289.0,0.8166255746137985,713.4,0.7241480870640732,1113.8,0.16933615606933222,840.3,,1.0,0.84,0.4612,0.5,,"Sullivan, MO, 63080, Washington County",
574,0.6328,landwatch,426334836,https://www.landwatch.com/montgomery-county-mississippi-recreational-property-for-sale/pid/426334836,MS,Montgomery,405.0,1053260.0,2600.64,33.4219517,-89.5584998,94.4,0.7605997036830732,870.3,1.0,14714.1,0.990741175322764,2975.9,,1.0,0.6978,0.5666,0.5,,"Kilmichael, MS, 39747, Montgomery County",
575,0.6321,landwatch,424581867,https://www.landwatch.com/pearl-river-county-mississippi-recreational-property-for-sale/pid/424581867,MS,Pearl River,832.0,1705200.0,2049.52,30.5337898,-89.5851954,29.5,0.7410371647215179,925.1,0.7837232682753121,1197.2,1.0,,,1.0,0.5719,0.6584,0.5,,"Picayune, MS, 39466, Pearl River County",
576,0.632,landwatch,424853309,https://www.landwatch.com/cimarron-county-oklahoma-farms-and-ranches-for-sale/pid/424853309,OK,Cimarron,478.0,1530880.0,3202.68,36.5062704,-101.7745553,1064.1,0.0,,0.32305226264967285,552.3,0.11663588771213164,703.3,,1.0,0.8276,0.4662,0.5,,"Texhoma, OK, 73949, Cimarron County",
577,0.6319,landwatch,426575423,https://www.landwatch.com/mcnairy-county-tennessee-recreational-property-for-sale/pid/426575423,TN,Mcnairy,540.0,1998000.0,3700.0,35.1648663,-88.5919122,144.7,1.0,172.6,1.0,3092.6,0.4088889617177136,1463.1,,1.0,0.9378,0.3833,0.5,,"Selmer, TN, 38375, McNairy County",
578,0.6318,landwatch,426497580,https://www.landwatch.com/choctaw-county-alabama-recreational-property-for-sale/pid/426497580,AL,Choctaw,785.0,1807000.0,2301.91,32.0941776,-88.2106015,40.8,1.0,198.4,0.5804826092795176,912.7,0.3348915575188837,1270.7,,1.0,0.6267,0.6163,0.5,,"Butler, AL, 36904, Choctaw County",
579,0.6316,landwatch,424470840,https://www.landwatch.com/screven-county-georgia-recreational-property-for-sale/pid/424470840,GA,Screven,558.0,2148176.0,3849.78,32.7426925,-81.6351302,75.1,0.2313740065655736,2352.2,0.7185803755989264,1106.0,0.6501347199819254,2090.4,,1.0,0.9698,0.3584,0.5,,"Sylvania, GA, 30467, Screven County",
580,0.6315,landwatch,425058928,https://www.landwatch.com/brantley-county-georgia-farms-and-ranches-for-sale/pid/425058928,GA,Brantley,953.0,2500000.0,2623.29,31.2044383,-81.9810613,20.1,0.21684616403726342,2392.8,1.0,7474.6,0.0,353.8,,1.0,0.6966,0.5628,0.5,,"Nahunta, GA, 31553, Brantley County",
581,0.6312,landsearch,5251232,https://www.landsearch.com/properties/26th-ave-ne-rugby-nd-58368/5251232,ND,Pierce,358.0,809000.0,2259.78,48.3594735,-99.9905495,472.3,0.0,,0.5238711897934064,833.4,0.05,467.0,,1.0,0.6142,0.6234,0.5,,"Rugby, ND 58368",
582,0.631,landandfarm,38512215,https://www.landandfarm.com/property/backbone-mtn-hunting-retreat-38512215/,OK,Le Flore,450.0,1350000.0,3000.0,35.1280784,-94.5696969,144.3,1.0,196.6,1.0,5587.1,1.0,,,1.0,0.7778,0.5,0.5,,"Cameron, OK, 74932",
583,0.6309,landsearch,5152050,https://www.landsearch.com/properties/1711-us-82-eupora-ms-39744/5152050,MS,Webster,836.0,1750000.0,2093.3,33.5400688,-89.2753205,128.2,0.7962313169993238,770.6,1.0,2007.1,0.48443175392262927,1659.5,,1.0,0.5761,0.6511,0.5,,"Eupora, MS 39744",
584,0.6303,landwatch,420420518,https://www.landwatch.com/pushmataha-county-oklahoma-recreational-property-for-sale/pid/420420518,OK,Pushmataha,767.0,1899999.0,2477.18,34.2319978,-95.6193382,156.1,1.0,193.8,0.9469440058712949,1425.7,0.0,267.7,,1.0,0.6587,0.5871,0.5,,"Moyers, OK, 74523, Pushmataha County",
585,0.6302,landwatch,426435721,https://www.landwatch.com/armstrong-county-pennsylvania-recreational-property-for-sale/pid/426435721,PA,Armstrong,448.0,1344000.0,3000.0,40.8387792,-79.6322541,344.9,1.0,198.7,1.0,,0.8121209331385562,2511.5,,1.0,0.7742,0.5,0.5,,"Worthington, PA, 16262, Armstrong County",
586,0.6301,landwatch,422255749,https://www.landwatch.com/laurens-county-georgia-recreational-property-for-sale/pid/422255749,GA,Laurens,404.0,1070600.0,2650.0,32.538259,-82.9465655,73.2,0.6909032949476128,1065.5,0.8379691194990228,1273.2,0.29197950401917777,1159.1,,1.0,0.696,0.5583,0.5,,"Dublin, GA, 31021, Laurens County",
587,0.63,landwatch,424356038,https://www.landwatch.com/delaware-county-new-york-homes-for-sale/pid/424356038,NY,Delaware,485.0,1600000.0,3298.97,42.2883252,-74.5721245,537.0,1.0,199.5,1.0,7523.6,1.0,,,1.0,0.84,0.4502,0.5,,"Roxbury, NY, 12474, Delaware County",
588,0.6296,landwatch,422950066,https://www.landwatch.com/jackson-county-florida-recreational-property-for-sale/pid/422950066,FL,Jackson,437.0,1277699.0,2923.8,30.7107673,-85.2185659,23.2,0.7052965240561988,1025.2,1.0,,1.0,3376.3,,1.0,0.7547,0.5127,0.5,,"Marianna, FL, 32448, Jackson County",
589,0.6295,landwatch,425221797,https://www.landwatch.com/choctaw-county-mississippi-recreational-property-for-sale/pid/425221797,MS,Choctaw,382.0,949900.0,2486.65,33.5400688,-89.2753205,128.2,0.7962313169993238,770.6,1.0,2007.1,0.48443175392262927,1659.5,,1.0,0.6569,0.5856,0.5,,"Eupora, MS, 39744, Choctaw County",
590,0.6293,landwatch,424973875,https://www.landwatch.com/lowndes-county-alabama-recreational-property-for-sale/pid/424973875,AL,Lowndes,524.0,1900000.0,3625.95,32.1813668,-86.6500141,51.9,0.09240113196923938,2741.3,0.28107989214753204,493.5,1.0,,,1.0,0.9093,0.3957,0.5,,"Gordonville, AL, 36040, Lowndes County",
591,0.6292,landwatch,422250983,https://www.landwatch.com/holmes-county-florida-timberland-property-for-sale/pid/422250983,FL,Holmes,433.0,1255990.0,2900.67,30.8174093,-85.6729611,36.7,1.0,141.8,1.0,1650.9,1.0,3106.4,,1.0,0.7476,0.5166,0.5,,"Bonifay, FL, 32425, Holmes County",
592,0.6289,landwatch,425825592,https://www.landwatch.com/conecuh-county-alabama-recreational-property-for-sale/pid/425825592,AL,Conecuh,536.0,2000000.0,3731.34,31.3966783,-86.9437104,59.4,1.0,195.6,0.5208901219152566,829.2,1.0,3170.9,,1.0,0.9307,0.3781,0.5,,"Acres in Castleberry, AL",
593,0.6287,landwatch,421296447,https://www.landwatch.com/stewart-county-georgia-recreational-property-for-sale/pid/421296447,GA,Stewart,413.0,1136575.0,2752.0,32.0856562,-84.7822476,168.5,1.0,185.1,1.0,3365.5,0.22892787553136032,995.2,,1.0,0.712,0.5413,0.5,,"Lumpkin, GA, 31815, Stewart County",
594,0.6284,landwatch,424592521,https://www.landwatch.com/corson-county-south-dakota-farms-and-ranches-for-sale/pid/424592521,SD,Corson,1508.0,2400000.0,1591.51,43.374938,-86.2264109,207.7,0.0,,1.0,2520.4,1.0,3054.3,,1.0,0.4528,0.7347,0.5,,"Morristown, SD, 57645, Corson County",
595,0.6284,landwatch,426095414,https://www.landwatch.com/grady-county-oklahoma-farms-and-ranches-for-sale/pid/426095414,OK,Grady,465.0,1476000.0,3174.19,34.864118,-97.6025986,304.5,0.9546748182684802,326.9,1.0,4161.6,0.6675701062500741,2135.7,,1.0,0.8044,0.471,0.5,,"Lindsay, OK, 73052, Grady County",
596,0.6283,landwatch,423609052,https://www.landwatch.com/adair-county-missouri-recreational-property-for-sale/pid/423609052,MO,Adair,565.0,2245875.0,3975.0,40.241604,-92.8584256,315.4,0.28724919294441276,2195.7,1.0,,1.0,,,1.0,0.9822,0.3375,0.5,,"Green Castle, MO, 63544, Adair County",
597,0.6282,landandfarm,34562173,https://www.landandfarm.com/property/plaster-bluff-34562173/,AR,Pike,676.0,2197487.0,3250.72,33.965022,-93.8407785,121.8,1.0,198.0,0.10304824442022038,244.3,0.26482572709517915,1088.5,,1.0,0.8204,0.4582,0.5,,"Nashville, AR, 71852",
598,0.6281,landwatch,424914892,https://www.landwatch.com/perry-county-tennessee-recreational-property-for-sale/pid/424914892,TN,Perry,355.0,816500.0,2300.0,35.6108672,-87.8437087,157.3,0.8203767662351675,702.9,1.0,23336.7,0.5074658494859573,1719.4,,1.0,0.6089,0.6167,0.5,,"Linden, TN, 37096, Perry County",
599,0.6277,landwatch,425449128,https://www.landwatch.com/umatilla-county-oregon-farms-and-ranches-for-sale/pid/425449128,OR,Umatilla,994.0,2875000.0,2892.35,45.8102807,-118.4855758,529.1,0.0,,0.49271781659096403,789.8,1.0,,,1.0,0.7388,0.5179,0.5,,"Athena, OR, 97813, Umatilla County",
600,0.6276,landwatch,424078526,https://www.landwatch.com/rooks-county-kansas-farms-and-ranches-for-sale/pid/424078526,KS,Rooks,473.0,1539250.0,3254.23,39.4247399,-99.1016187,530.4,0.5181308708412065,1549.2,1.0,7433.5,1.0,,,1.0,0.8187,0.4576,0.5,,"Woodston, KS, 67675, Rooks County",
601,0.6275,landandfarm,40140511,https://www.landandfarm.com/property/tract-3-cimarron-oaks-ranch-40140511/,OK,Creek,428.0,1240000.0,2897.2,35.9892054,-96.5970454,241.8,1.0,117.9,0.14427806685028174,302.0,0.3176370230721338,1225.9,,1.0,0.7387,0.5171,0.5,,"Oilton, OK, 74030",
602,0.6275,landwatch,423024644,https://www.landwatch.com/randolph-county-arkansas-farms-and-ranches-for-sale/pid/423024644,AR,Randolph,369.0,895000.0,2425.47,36.4545938,-91.0685968,143.8,0.6665788224088126,1133.6,1.0,8487.1,1.0,,,1.0,0.6338,0.5958,0.5,,"Warm Springs, AR, 72478, Randolph County",
603,0.6269,landsearch,4828919,https://www.landsearch.com/properties/718-road-oxford-ne-68967/4828919,NE,Furnas,742.0,2040500.0,2750.0,40.2153082,-99.636455,671.1,0.0,,0.12810467430482578,279.3,0.0,358.3,,1.0,0.7031,0.5417,0.5,,"Oxford, NE 68967",
604,0.6268,landwatch,425983705,https://www.landwatch.com/chattahoochee-county-georgia-recreational-property-for-sale/pid/425983705,GA,Chattahoochee,489.0,1662192.0,3399.17,32.2960526,-84.758492,136.6,0.9358029669399822,379.8,1.0,24344.9,0.46275370367896473,1603.2,,1.0,0.8471,0.4335,0.5,,"Cusseta, GA, 31805, Chattahoochee County",
605,0.6267,landwatch,425780655,https://www.landwatch.com/hughes-county-oklahoma-recreational-property-for-sale/pid/425780655,OK,Hughes,377.0,944500.0,2505.31,35.236679,-96.2409386,235.4,0.0,,0.8498917388466768,1289.8,0.18201740881269945,873.2,,1.0,0.648,0.5824,0.5,,"Wetumka, OK, 74883, Hughes County",
606,0.6266,landwatch,426272851,https://www.landwatch.com/leake-county-mississippi-farms-and-ranches-for-sale/pid/426272851,MS,Leake,438.0,1312000.0,2995.43,32.7401114,-89.5241292,116.6,0.58220968249666,1369.8,1.0,2813.1,0.21344722821607992,955.0,,1.0,0.7564,0.5008,0.5,,"Acres Leake County, MS",
607,0.6265,landsearch,4973507,https://www.landsearch.com/properties/el-dorado-ks-67042/4973507,KS,Butler,476.0,1571460.0,3301.39,37.8213986,-96.857351,405.9,0.7047520366580665,1026.7,0.19070995128822907,367.0,0.5456660763686992,1818.7,,1.0,0.824,0.4498,0.5,,"El Dorado, KS 67042",
608,0.6264,landwatch,423655527,https://www.landwatch.com/izard-county-arkansas-hunting-property-for-sale/pid/423655527,AR,Izard,358.0,845000.0,2360.34,36.0600874,-91.9035841,185.4,0.9774393372626315,263.2,0.9158511736125022,1382.2,0.5902815583758769,1934.7,,1.0,0.6142,0.6066,0.5,,"Melbourne, AR, 72556, Izard County",
609,0.626,landwatch,423002780,https://www.landwatch.com/delaware-county-oklahoma-undeveloped-land-for-sale/pid/423002780,OK,Delaware,385.0,995000.0,2584.42,36.463508,-94.934693,269.3,0.9992167845978498,202.2,1.0,1957.7,1.0,,,1.0,0.6622,0.5693,0.5,,"Eucha, OK, 74342, Delaware County",
610,0.6256,landsearch,5209825,https://www.landsearch.com/properties/sandys-camp-rd-big-sandy-tn-38221/5209825,TN,Benton,739.0,2070000.0,2801.08,36.2499766,-88.0458838,158.6,0.9534440501535635,330.4,1.0,22016.9,1.0,,,1.0,0.7084,0.5332,0.5,,"Big Sandy, TN 38221",
611,0.6255,landandfarm,40131753,https://www.landandfarm.com/property/vacant-land-woodville-ms-40131753/,MS,Wilkinson,577.0,2365000.0,4098.79,31.1340855,-91.3459201,95.5,0.3721867414202148,1957.9,1.0,,1.0,,,1.0,0.9964,0.3169,0.5,,"Woodville, MS, 39669",
612,0.6254,landsearch,4871728,https://www.landsearch.com/properties/8th-ave-nw-butte-nd-58723/4871728,ND,McLean,600.0,2350000.0,3916.67,47.8334128,-101.0266409,658.9,0.0,,1.0,3494.0,1.0,,,1.0,0.9556,0.3472,0.5,,"Butte, ND 58723",
613,0.6249,landwatch,411730594,https://www.landwatch.com/calcasieu-parish-louisiana-farms-and-ranches-for-sale/pid/411730594,LA,,875.0,2100000.0,2400.0,30.23545,-93.1295583,3.3,0.0,,0.0,36.8,0.9579114608427297,2890.6,,1.0,0.6162,0.6,0.5,,"Lake Charles, LA, 70615",
614,0.6245,landwatch,421946600,https://www.landwatch.com/crenshaw-county-alabama-recreational-property-for-sale/pid/421946600,AL,Crenshaw,401.0,1100000.0,2743.14,31.7295422,-86.2717593,84.6,0.9321201491526495,390.1,0.42010806069575973,688.2,0.6078934018965859,1980.5,,1.0,0.6907,0.5428,0.5,,"Luverne, AL, 36049, Crenshaw County",
615,0.6244,landwatch,426421078,https://www.landwatch.com/iberville-parish-louisiana-recreational-property-for-sale/pid/426421078,LA,,605.0,2357550.0,3896.78,30.2629608,-91.0971363,4.8,0.20079079139395628,2437.8,0.05,124.5,0.05,445.4,,1.0,0.9467,0.3505,0.5,,"Saint Gabriel, LA, 70776",
616,0.6243,landsearch,5202377,https://www.landsearch.com/properties/373-county-highway-10-morris-ny-13808/5202377,NY,Otsego,517.0,1900000.0,3675.05,42.5338178,-75.2515822,331.9,1.0,198.2,1.0,,0.6925611424639451,2200.7,,1.0,0.8969,0.3875,0.5,,"Morris, NY 13808",
617,0.6241,landwatch,424666056,https://www.landwatch.com/liberty-county-florida-recreational-property-for-sale/pid/424666056,FL,Liberty,432.0,1296330.0,3000.76,30.3878455,-84.9821151,43.4,0.8407619243694658,645.9,1.0,19439.4,1.0,,,1.0,0.7458,0.4999,0.5,,"Bristol, FL, 32321, Liberty County",
618,0.6241,landwatch,424370874,https://www.landwatch.com/sussex-county-virginia-farms-and-ranches-for-sale/pid/424370874,VA,Sussex,447.0,1395000.0,3120.81,36.9464252,-77.4992737,35.5,0.8194841631387637,705.4,0.13351401304801344,286.9,1.0,,,1.0,0.7724,0.4799,0.5,,"Stony Creek, VA, 23882, Sussex County",
619,0.6239,landandfarm,35516323,https://www.landandfarm.com/property/chunky-river-properties-35516323/,MS,Lauderdale,849.0,1952535.0,2299.81,32.4196985,-88.5091072,85.5,0.9737810319524447,273.4,1.0,1934.9,0.8806270521846168,2689.6,,1.0,0.5894,0.6167,0.5,,"Chunky, MS, 39364",
620,0.6238,landandfarm,33703343,https://www.landandfarm.com/property/360-acres-flat-rock-33703343/,AL,Jackson,360.0,875000.0,2430.56,34.7943076,-85.6459089,455.9,1.0,192.4,1.0,,0.7493468956459296,2348.3,,1.0,0.6178,0.5949,0.5,,"Flat Rock, AL, 35966",
621,0.6237,landwatch,425518924,https://www.landwatch.com/choctaw-county-oklahoma-farms-and-ranches-for-sale/pid/425518924,OK,Choctaw,743.0,2086000.0,2807.54,34.120735,-95.146839,146.9,0.7757734417251649,827.8,1.0,3915.9,1.0,,,1.0,0.7013,0.5321,0.5,,"Rufe, OK, 74755, Choctaw County",
622,0.6233,landsearch,5179861,https://www.landsearch.com/properties/weir-highpoint-road-hopewell-rd-weir-ms-39772/5179861,MS,Choctaw,455.0,1456000.0,3200.0,33.289226,-89.29675,145.0,0.8814250227496021,532.0,1.0,5813.3,1.0,,,1.0,0.7867,0.4667,0.5,,"Weir, MS 39772",
623,0.6228,landwatch,419519801,https://www.landwatch.com/henry-county-tennessee-farms-and-ranches-for-sale/pid/419519801,TN,Henry,423.0,1250000.0,2955.08,36.2916401,-88.2874921,121.5,1.0,71.2,0.2306282354969784,422.9,0.6479357735856427,2084.6,,1.0,0.7298,0.5075,0.5,,"Paris, TN, 38242, Henry County",
624,0.6226,landwatch,422250144,https://www.landwatch.com/washington-county-florida-recreational-property-for-sale/pid/422250144,FL,Washington,378.0,982878.0,2600.21,30.6427318,-85.5664895,17.4,1.0,135.3,1.0,20590.9,0.45690434085784404,1588.0,,1.0,0.6498,0.5666,0.5,,"Chipley, FL, 32428, Washington County",
625,0.622,landwatch,424523512,https://www.landwatch.com/perry-county-alabama-timberland-property-for-sale/pid/424523512,AL,Perry,689.0,2256728.0,3275.37,32.4236948,-87.0376127,37.4,1.0,154.3,1.0,2292.4,0.545000314985308,1817.0,,1.0,0.7973,0.4541,0.5,,"Selma, AL, 36701, Perry County",
626,0.622,landwatch,424523511,https://www.landwatch.com/dallas-county-alabama-timberland-property-for-sale/pid/424523511,AL,Dallas,689.0,2256728.0,3275.37,32.4236948,-87.0376127,37.4,1.0,154.3,1.0,2292.4,0.545000314985308,1817.0,,1.0,0.7973,0.4541,0.5,,"Selma, AL, 36701, Dallas County",
627,0.6219,landwatch,424018555,https://www.landwatch.com/laclede-county-missouri-farms-and-ranches-for-sale/pid/424018555,MO,Laclede,476.0,1617000.0,3397.06,37.8212074,-92.7476457,356.0,0.0,,1.0,1669.6,0.0,207.9,,1.0,0.824,0.4338,0.5,,"Eldridge, MO, 65463, Laclede County",
628,0.6216,landwatch,425933989,https://www.landwatch.com/holmes-county-florida-recreational-property-for-sale/pid/425933989,FL,Holmes,394.0,1082840.0,2748.32,30.9403415,-85.5188562,46.5,0.9157326316682032,435.9,0.12951224380091653,281.3,0.8550637667138667,2623.2,,1.0,0.6782,0.5419,0.5,,"Graceville, FL, 32440, Holmes County",
629,0.6212,landsearch,5227975,https://www.landsearch.com/properties/319-gooseberry-ln-leslie-ar-72645/5227975,AR,Searcy,780.0,2000000.0,2564.1,35.8086518,-92.4972527,365.5,0.4242530619404302,1812.1,1.0,,1.0,,,1.0,0.6356,0.5726,0.5,,"Leslie, AR 72645",
630,0.6209,landwatch,425812714,https://www.landwatch.com/santa-rosa-county-florida-recreational-property-for-sale/pid/425812714,FL,Santa Rosa,361.0,902500.0,2500.0,30.6700028,-87.0597943,46.5,0.0,3727.9,0.11503491134684078,261.0,0.535528145676614,1792.4,,1.0,0.6196,0.5833,0.5,,"Milton, FL, 32570, Santa Rosa County",
631,0.6206,landwatch,425750676,https://www.landwatch.com/tangipahoa-parish-louisiana-hunting-property-for-sale/pid/425750676,LA,,395.0,1097235.0,2777.81,30.72949,-90.480152,31.9,0.20321614365511131,2431.0,1.0,5087.4,1.0,3705.5,,1.0,0.68,0.537,0.5,,"Amite, LA, 70422",
632,0.6205,landwatch,424429791,https://www.landwatch.com/langlade-county-wisconsin-recreational-property-for-sale/pid/424429791,WI,Langlade,360.0,899900.0,2499.72,45.2127056,-88.7668664,399.6,0.7972056542585317,767.8,1.0,,0.8681535801253775,2657.2,,1.0,0.6178,0.5834,0.5,,"White Lake, WI, 54491, Langlade County",
633,0.6204,landwatch,414920411,https://www.landwatch.com/marquette-county-michigan-homes-for-sale/pid/414920411,MI,Marquette,523.0,1990000.0,3804.97,46.5258643,-87.3903501,185.0,0.8009771631940152,757.3,0.31296358613943304,538.1,0.6246155208233491,2024.0,,1.0,0.9076,0.3658,0.5,,"Marquette, MI, 49855, Marquette County",
634,0.6203,landwatch,425368853,https://www.landwatch.com/chippewa-county-michigan-farms-and-ranches-for-sale/pid/425368853,MI,Chippewa,417.0,1234000.0,2959.23,46.214794,-84.7254876,212.1,0.9896040495047009,229.1,1.0,,1.0,,,1.0,0.7191,0.5068,0.5,,"Rudyard, MI, 49780, Chippewa County",
635,0.6197,landsearch,4951762,https://www.landsearch.com/properties/dugspur-rd-callaway-va-24067/4951762,VA,Franklin,788.0,1995000.0,2531.73,37.0133133,-80.0408122,374.5,0.9465314103517979,349.7,1.0,23183.2,1.0,,,1.0,0.6213,0.578,0.5,,"Callaway, VA 24067",
636,0.6196,landwatch,425534491,https://www.landwatch.com/greer-county-oklahoma-farms-and-ranches-for-sale/pid/425534491,OK,Greer,800.0,1950000.0,2437.5,34.6863066,-99.9174647,494.1,0.0,,1.0,,0.059299503385224786,554.2,,1.0,0.6,0.5938,0.5,,"Reed, OK, 73550, Greer County",
637,0.6195,landwatch,422388474,https://www.landwatch.com/pulaski-county-virginia-timberland-property-for-sale/pid/422388474,VA,Pulaski,420.0,1260000.0,3000.0,36.9749511,-80.6663245,850.5,0.9228557995234237,416.0,1.0,5219.1,1.0,,,1.0,0.7244,0.5,0.5,,"Hiwassee, VA, 24347, Pulaski County",
638,0.6195,landwatch,424865292,https://www.landwatch.com/screven-county-georgia-recreational-property-for-sale/pid/424865292,GA,Screven,470.0,1598000.0,3400.0,32.7426925,-81.6351302,75.1,0.2313740065655736,2352.2,0.7185803755989264,1106.0,0.6501347199819254,2090.4,,1.0,0.8133,0.4333,0.5,,"Sylvania, GA, 30467, Screven County",
639,0.6191,landwatch,425956092,https://www.landwatch.com/laurens-county-georgia-recreational-property-for-sale/pid/425956092,GA,Laurens,494.0,1778400.0,3600.0,32.2062344,-82.7027665,54.6,0.7717747397282421,839.0,1.0,2438.0,1.0,,,1.0,0.856,0.4,0.5,,"Glenwood, GA, 30428, Laurens County",
640,0.619,landwatch,425606431,https://www.landwatch.com/duplin-county-north-carolina-undeveloped-land-for-sale/pid/425606431,NC,Duplin,700.0,2275000.0,3250.0,34.8218822,-78.0404846,28.5,0.6701731906895425,1123.5,1.0,,0.19399031684039703,904.4,,1.0,0.7778,0.4583,0.5,,"Rose Hill, NC, 28458, Duplin County",
641,0.6186,landwatch,426152453,https://www.landwatch.com/hopkins-county-kentucky-farms-and-ranches-for-sale/pid/426152453,KY,Hopkins,430.0,1333000.0,3100.0,37.1768173,-87.4679226,144.5,0.4394708984878647,1769.5,0.23317837959031332,426.4,0.2585165983079412,1072.1,,1.0,0.7422,0.4833,0.5,,"Nortonville, KY, 42442, Hopkins County",
642,0.6186,landwatch,425956098,https://www.landwatch.com/wilcox-county-georgia-recreational-property-for-sale/pid/425956098,GA,Wilcox,480.0,1680000.0,3500.0,31.9900825,-83.2958407,52.5,0.40326704697699967,1870.9,1.0,31503.1,0.4414974423142156,1547.9,,1.0,0.8311,0.4167,0.5,,"Abbeville, GA, 31001, Wilcox County",
643,0.6183,landandfarm,39769561,https://www.landandfarm.com/property/440-acres-of-prime-irrigated-farmland-near-goodwell-39769561/,OK,Texas,460.0,1539000.0,3345.65,36.5784642,-101.6883531,1024.4,0.0,,1.0,,1.0,3152.1,,1.0,0.7956,0.4424,0.5,,"Goodwell, OK, 73939",
644,0.6181,landwatch,423118047,https://www.landwatch.com/livingston-county-kentucky-recreational-property-for-sale/pid/423118047,KY,Livingston,718.0,2243750.0,3125.0,37.2765949,-88.2587161,137.3,1.0,117.9,0.7116091504266198,1096.3,0.7599288851537881,2375.8,,1.0,0.7458,0.4792,0.5,,"Salem, KY, 42078, Livingston County",
645,0.6181,landwatch,424993991,https://www.landwatch.com/osborne-county-kansas-farms-and-ranches-for-sale/pid/424993991,KS,Osborne,865.0,2159173.0,2496.15,39.2970876,-99.0800214,613.3,0.0,3357.6,1.0,2798.0,1.0,,,1.0,0.6059,0.584,0.5,,"Natoma, KS, 67651, Osborne County",
646,0.6179,landandfarm,40830849,https://www.landandfarm.com/property/langley-river-and-hunting-ranch-for-sale-590-acres-adair-co-ok-40830849/,OK,Adair,590.0,2451405.0,4154.92,35.9203487,-94.968959,253.0,0.9841359694105275,244.4,0.7091452949622334,1092.8,0.1914037391252376,897.6,,1.0,0.9733,0.3075,0.5,,"Tahlequah, OK, 74464",
647,0.6179,landandfarm,40836348,https://www.landandfarm.com/property/vacant-land-tahlequah-ok-40836348/,OK,Cherokee,590.0,2451405.0,4154.92,35.9203487,-94.968959,253.0,0.9841359694105275,244.4,0.7091452949622334,1092.8,0.1914037391252376,897.6,,1.0,0.9733,0.3075,0.5,,"Tahlequah, OK, 74464",
648,0.6173,landwatch,422140175,https://www.landwatch.com/smyth-county-virginia-undeveloped-land-for-sale/pid/422140175,VA,Smyth,700.0,2300000.0,3285.71,36.8867238,-81.7466346,621.2,0.974424943634324,271.6,0.05,114.2,1.0,,,1.0,0.7778,0.4524,0.5,,"Saltville, VA, 24370, Smyth County",
649,0.6171,landwatch,425325080,https://www.landwatch.com/attala-county-mississippi-recreational-property-for-sale/pid/425325080,MS,Attala,550.0,2250000.0,4090.91,33.0525764,-89.5936038,138.4,0.8668415927515106,572.8,1.0,3354.1,0.4200871736966548,1492.2,,1.0,0.9556,0.3182,0.5,,"Kosciusko, MS, 39090, Attala County",
650,0.617,landandfarm,34605257,https://www.landandfarm.com/property/818-acres-of-prime-wildlife-habitat-34605257/,TN,Henderson,818.0,1882159.0,2300.93,35.7660676,-88.366042,146.5,1.0,168.7,0.6366736344537488,991.3,1.0,,,1.0,0.5575,0.6165,0.5,,"Wildersville, TN, 38388",
651,0.617,landwatch,419771821,https://www.landwatch.com/okfuskee-county-oklahoma-farms-and-ranches-for-sale/pid/419771821,OK,Okfuskee,538.0,2150000.0,3996.28,35.4475204,-95.9795297,214.1,0.7446869824022272,914.9,0.07904874095904572,210.7,0.05,507.0,,1.0,0.9342,0.334,0.5,,"Pharoah, OK, 74437, Okfuskee County",
652,0.6169,landwatch,425687153,https://www.landwatch.com/franklin-county-alabama-timberland-property-for-sale/pid/425687153,AL,Franklin,475.0,1660000.0,3494.74,34.4438521,-88.1299967,182.1,1.0,197.0,1.0,2084.0,0.4197208472898125,1491.3,,1.0,0.8222,0.4175,0.5,,"Pleasant Site, AL, 35582, Franklin County",
653,0.6167,landandfarm,37986790,https://www.landandfarm.com/property/barnitz-creek-ranch-37986790/,OK,Dewey,800.0,2000000.0,2500.0,35.8698137,-99.3445735,628.8,0.0,,0.7587851358410163,1162.3,1.0,,,1.0,0.6,0.5833,0.5,,"Leedey, OK, 73654",
654,0.6166,landwatch,424171622,https://www.landwatch.com/kiowa-county-kansas-farms-and-ranches-for-sale/pid/424171622,KS,Kiowa,390.0,1100000.0,2820.51,37.6190255,-99.1006032,652.9,0.0,,1.0,,0.059550092910366746,554.8,,1.0,0.6711,0.5299,0.5,,"Haviland, KS, 67059, Kiowa County",
655,0.6166,landwatch,424555417,https://www.landwatch.com/marquette-county-michigan-timberland-property-for-sale/pid/424555417,MI,Marquette,390.0,1100000.0,2820.51,46.3745631,-87.9752271,458.2,0.8426391986533489,640.6,0.27880909654142294,490.3,1.0,,,1.0,0.6711,0.5299,0.5,,"Republic, MI, 49879, Marquette County",
656,0.6166,landwatch,422980212,https://www.landwatch.com/ripley-county-missouri-farms-and-ranches-for-sale/pid/422980212,MO,Ripley,480.0,1700000.0,3541.67,36.625979,-90.8215519,134.0,0.9121781209140719,445.9,0.745242361400484,1143.3,0.30876039568761793,1202.8,,1.0,0.8311,0.4097,0.5,,"Doniphan, MO, 63935, Ripley County",
657,0.6163,landwatch,421006152,https://www.landwatch.com/baldwin-county-georgia-recreational-property-for-sale/pid/421006152,GA,Baldwin,549.0,2250341.0,4098.98,33.0878585,-83.2444766,110.5,0.9202566517226838,423.3,0.0,37.4,0.07922439695889102,606.0,,1.0,0.9538,0.3168,0.5,,"Milledgeville, GA, 31061, Baldwin County",
658,0.616,landwatch,424176306,https://www.landwatch.com/beauregard-parish-louisiana-undeveloped-land-for-sale/pid/424176306,LA,,398.0,1153272.0,2897.67,30.8216337,-93.2580029,45.0,0.0,,0.8043674884281113,1226.1,0.3904864908886949,1415.3,,1.0,0.6853,0.5171,0.5,,"Deridder, LA, 70634",
659,0.6159,landandfarm,40159189,https://www.landandfarm.com/property/farm-estate-ranch-hennessey-ok-40159189/,OK,Kingfisher,560.0,2350000.0,4196.43,36.1053878,-97.899126,353.4,0.9247346330864464,410.7,0.4628077463082987,747.9,0.3117444289321495,1210.5,,1.0,0.9733,0.3006,0.5,,"Hennessey, OK, 73742",
660,0.6159,landwatch,426697997,https://www.landwatch.com/douglas-county-missouri-farms-and-ranches-for-sale/pid/426697997,MO,Douglas,518.0,1999900.0,3860.81,37.1201828,-92.4200623,453.7,0.0,,1.0,1852.6,1.0,,,1.0,0.8987,0.3565,0.5,,"Norwood, MO, 65717, Douglas County",
661,0.6157,landwatch,423465746,https://www.landwatch.com/chautauqua-county-kansas-farms-and-ranches-for-sale/pid/423465746,KS,Chautauqua,485.0,1746000.0,3600.0,37.2851045,-95.9216656,251.1,0.746469812938871,909.9,0.5487551533185251,868.3,0.33462815102736554,1270.0,,1.0,0.84,0.4,0.5,,"Elk City, KS, 67344, Chautauqua County",
662,0.6157,landwatch,424472092,https://www.landwatch.com/cannon-county-tennessee-timberland-property-for-sale/pid/424472092,TN,Cannon,436.0,1399000.0,3208.72,35.8146794,-86.0557637,249.9,0.8652128981655751,577.4,1.0,2090.1,0.14173047425269725,768.5,,1.0,0.7529,0.4652,0.5,,"Woodbury, TN, 37190, Cannon County",
663,0.6156,landwatch,422606139,https://www.landwatch.com/union-county-arkansas-recreational-property-for-sale/pid/422606139,AR,Union,739.0,2225000.0,3010.83,33.2096787,-92.6543681,82.5,0.20121016339977282,2436.6,1.0,5548.4,0.0,371.6,,1.0,0.7084,0.4982,0.5,,"El Dorado, AR, 71730, Union County",
664,0.6156,landwatch,425678733,https://www.landwatch.com/phelps-county-missouri-farms-and-ranches-for-sale/pid/425678733,MO,Phelps,678.0,2372335.0,3499.02,37.9716459,-92.100104,305.9,0.7918579731235642,782.8,0.0,69.6,0.6440511224993467,2074.5,,1.0,0.8169,0.4168,0.5,,"Dixon, MO, 65459, Phelps County",
665,0.6151,landwatch,425483966,https://www.landwatch.com/muskogee-county-oklahoma-farms-and-ranches-for-sale/pid/425483966,OK,Muskogee,496.0,1835200.0,3700.0,35.7474478,-95.3353646,181.5,0.0,3580.3,1.0,1994.7,0.07113264916622322,584.9,,1.0,0.8596,0.3833,0.5,,"Warner, OK, 74403, Muskogee County",
666,0.6151,landsearch,4948663,https://www.landsearch.com/properties/columbus-ky-42032/4948663,KY,Hickman,976.0,3000000.0,3073.77,36.7607699,-89.1034773,136.6,0.5797816754303942,1376.6,1.0,,1.0,,,1.0,0.7203,0.4877,0.5,,"Columbus, KY 42032",
667,0.6147,landwatch,426680659,https://www.landwatch.com/haskell-county-oklahoma-farms-and-ranches-for-sale/pid/426680659,OK,Haskell,599.0,2485000.0,4148.58,35.2573103,-95.1336923,171.0,0.9638270895414933,301.3,0.9411784236889119,1417.6,0.4276899078852441,1512.0,,1.0,0.9573,0.3086,0.5,,"Stigler, OK, 74462, Haskell County",
668,0.6144,landwatch,426354921,https://www.landwatch.com/norton-county-kansas-farms-and-ranches-for-sale/pid/426354921,KS,Norton,357.0,929396.0,2603.35,39.6308484,-99.8508549,658.5,0.6069823745819435,1300.4,1.0,1757.1,1.0,,,1.0,0.6124,0.5661,0.5,,"Lenora, KS, 67645, Norton County",
669,0.6144,landwatch,425117102,https://www.landwatch.com/gregory-county-south-dakota-farms-and-ranches-for-sale/pid/425117102,SD,Gregory,525.0,2072368.0,3947.37,43.035657,-98.877211,587.8,0.0,,1.0,2013.3,0.5603744474424808,1857.0,,1.0,0.9111,0.3421,0.5,,"Bonesteel, SD, 57335, Gregory County",
670,0.6141,landwatch,425714774,https://www.landwatch.com/crow-wing-county-minnesota-undeveloped-land-for-sale/pid/425714774,MN,Crow Wing,403.0,1200000.0,2977.67,46.7366612,-93.938813,392.2,0.5489364190203556,1463.0,1.0,8373.2,0.6617905007691245,2120.7,,1.0,0.6942,0.5037,0.5,,"Emily, MN, 56447, Crow Wing County",
671,0.6141,landwatch,425543622,https://www.landwatch.com/jackson-county-florida-recreational-property-for-sale/pid/425543622,FL,Jackson,713.0,2317250.0,3250.0,30.7927241,-85.2083811,27.0,0.687736077160396,1074.3,0.9663353082890938,1452.9,0.6907470642259664,2195.9,,1.0,0.7547,0.4583,0.5,,"Marianna, FL, 32446, Jackson County",
672,0.6138,landwatch,425719934,https://www.landwatch.com/stewart-county-tennessee-timberland-property-for-sale/pid/425719934,TN,Stewart,900.0,2475000.0,2750.0,36.3413697,-87.8799407,130.0,1.0,182.7,1.0,8722.7,1.0,,,1.0,0.642,0.5417,0.5,,"Stewart, TN, 37175, Stewart County",
673,0.6134,landwatch,425857899,https://www.landwatch.com/caroline-county-virginia-recreational-property-for-sale/pid/425857899,VA,Caroline,410.0,1250000.0,3048.78,37.9937616,-77.2981363,47.9,1.0,50.7,1.0,,1.0,,,1.0,0.7067,0.4919,0.5,,"Milford, VA, 22514, Caroline County",
674,0.6133,landwatch,425929616,https://www.landwatch.com/atoka-county-oklahoma-farms-and-ranches-for-sale/pid/425929616,OK,Atoka,560.0,2380000.0,4250.0,34.6551341,-96.0315401,207.4,0.0,3645.4,1.0,2965.8,1.0,,,1.0,0.9733,0.2917,0.5,,"Wardville, OK, 74576, Atoka County",
675,0.6133,landwatch,424282483,https://www.landwatch.com/clay-county-mississippi-recreational-property-for-sale/pid/424282483,MS,Clay,435.0,1413750.0,3250.0,33.6085268,-88.6492604,67.1,0.8341548506607552,664.4,1.0,2011.5,0.35198212700783754,1315.2,,1.0,0.7511,0.4583,0.5,,"West Point, MS, 39773, Clay County",
676,0.6132,landwatch,424057814,https://www.landwatch.com/saint-landry-parish-louisiana-recreational-property-for-sale/pid/424057814,LA,,684.0,2394000.0,3500.0,30.5325696,-91.7614006,4.8,0.0,,0.15703889253957998,319.9,0.1548964258233442,802.7,,1.0,0.8062,0.4167,0.5,,"Krotz Springs, LA, 70750",
677,0.6131,landwatch,423556216,https://www.landwatch.com/baker-county-oregon-farms-and-ranches-for-sale/pid/423556216,OR,Baker,608.0,2500000.0,4111.84,44.8812893,-117.1144243,814.3,0.0,,1.0,,1.0,,,1.0,0.9413,0.3147,0.5,,"Halfway, OR, 97834, Baker County",
678,0.6129,landwatch,425683148,https://www.landwatch.com/grady-county-oklahoma-farms-and-ranches-for-sale/pid/425683148,OK,Grady,610.0,2500000.0,4098.36,34.7827761,-97.9572092,411.2,0.8797635595108402,536.7,0.5667441802539964,893.4,1.0,,,1.0,0.9378,0.3169,0.5,,"Rush Springs, OK, 73082, Grady County",
679,0.6129,landwatch,424280135,https://www.landwatch.com/saint-francois-county-missouri-farms-and-ranches-for-sale/pid/424280135,MO,Saint Francois,475.0,1699999.0,3578.95,37.6041569,-90.6254214,275.6,0.9477955207929788,346.2,1.0,2205.5,0.6506280677680362,2091.6,,1.0,0.8222,0.4035,0.5,,"Ironton, MO, 63650, Saint Francois County",
680,0.6129,landwatch,426120654,https://www.landwatch.com/ware-county-georgia-undeveloped-land-for-sale/pid/426120654,GA,Ware,527.0,2105365.0,3995.0,31.2202771,-82.3756276,42.7,0.550955161963006,1457.3,0.06517251988013421,191.2,0.058440804672588824,551.9,,1.0,0.9147,0.3342,0.5,,"Waycross, GA, 31503, Ware County",
681,0.6128,landwatch,426000610,https://www.landwatch.com/monroe-county-mississippi-recreational-property-for-sale/pid/426000610,MS,Monroe,760.0,2204515.0,2900.68,33.7539302,-88.4227893,76.3,0.9247142348784496,410.8,1.0,4891.0,0.8222955716235958,2538.0,,1.0,0.6711,0.5166,0.5,,"Hamilton, MS, 39746, Monroe County",
682,0.6128,landwatch,424132913,https://www.landwatch.com/langlade-county-wisconsin-lakefront-property-for-sale/pid/424132913,WI,Langlade,612.0,2500000.0,4084.97,45.3529359,-89.4659379,465.6,0.8684383461473035,568.4,1.0,,1.0,,,1.0,0.9342,0.3192,0.5,,"Gleason, WI, 54435, Langlade County",
683,0.6124,landwatch,426272854,https://www.landwatch.com/carroll-county-mississippi-recreational-property-for-sale/pid/426272854,MS,Carroll,366.0,995000.0,2718.58,33.4230182,-89.9110025,85.6,1.0,174.2,1.0,29345.1,1.0,,,1.0,0.6284,0.5469,0.5,,"Attala County, MS",
684,0.6121,landandfarm,38550767,https://www.landandfarm.com/property/001-us-82-east-starkville-ms-39759-38550767/,MS,Oktibbeha,400.0,1198000.0,2995.0,33.4512472,-88.810635,109.2,0.7857830084066462,799.8,0.18290093489379952,356.1,0.18296481494097006,875.7,,1.0,0.6889,0.5008,0.5,,"Starkville, MS 39759",
685,0.6119,landandfarm,39025026,https://www.landandfarm.com/property/box-creek-ranch-39025026/,OK,Pottawatomie,400.0,1200000.0,3000.0,35.1274077,-97.0205681,310.6,0.0,3261.4,0.19886393001820737,378.4,1.0,,,1.0,0.6889,0.5,0.5,,"Macomb, OK, 74852",
686,0.6112,landwatch,423447161,https://www.landwatch.com/bladen-county-north-carolina-farms-and-ranches-for-sale/pid/423447161,NC,Bladen,397.0,1187668.0,2991.61,34.4938894,-78.6387552,27.9,0.8412291525009438,644.6,0.4402033534245423,716.3,1.0,,,1.0,0.6836,0.5014,0.5,,"Clarkton, NC, 28433, Bladen County",
687,0.6109,landwatch,423299385,https://www.landwatch.com/malheur-county-oregon-farms-and-ranches-for-sale/pid/423299385,OR,Malheur,559.0,2400000.0,4293.38,43.9906106,-117.251658,707.7,0.0,,0.20155509720468368,382.2,0.05,528.1,,1.0,0.9716,0.2844,0.5,,"Vale, OR, 97918, Malheur County",
688,0.6108,landwatch,426122536,https://www.landwatch.com/pender-county-north-carolina-timberland-property-for-sale/pid/426122536,NC,Pender,382.0,1100000.0,2879.58,34.4426749,-78.1013602,3.1,0.6169714100145494,1272.5,1.0,17690.5,1.0,,,1.0,0.6569,0.5201,0.5,,"Currie, NC, 28435, Pender County",
689,0.6107,landwatch,425178276,https://www.landwatch.com/izard-county-arkansas-recreational-property-for-sale/pid/425178276,AR,Izard,350.0,919000.0,2625.71,36.1913481,-92.1928863,201.3,0.941163883230229,364.7,0.5524712076540245,873.5,1.0,,,1.0,0.6,0.5624,0.5,,"Calico Rock, AR, 72519, Izard County",
690,0.6105,landwatch,422946903,https://www.landwatch.com/glynn-county-georgia-recreational-property-for-sale/pid/422946903,GA,Glynn,763.0,2231775.0,2925.0,31.1964649,-81.5667093,1.2,1.0,197.9,1.0,3666.6,1.0,3665.8,,1.0,0.6658,0.5125,0.5,,"Brunswick, GA, 31523, Glynn County",
691,0.6099,landwatch,422465583,https://www.landwatch.com/webb-county-texas-farms-and-ranches-for-sale/pid/422465583,TX,Webb,432.0,1425000.0,3298.61,27.8780877,-98.617613,163.2,0.0,,1.0,42400.7,0.32304416826864213,1239.9,,1.0,0.7458,0.4502,0.5,,"Freer, TX, 78357, Webb County",
692,0.6096,landwatch,420970765,https://www.landwatch.com/saint-landry-parish-louisiana-undeveloped-land-for-sale/pid/420970765,LA,,722.0,2362912.0,3272.73,30.5325696,-91.7614006,4.8,0.0,,0.15703889253957998,319.9,0.1548964258233442,802.7,,1.0,0.7387,0.4545,0.5,,"Krotz Springs, LA, 70750",
693,0.6093,landwatch,423553349,https://www.landwatch.com/greene-county-georgia-recreational-property-for-sale/pid/423553349,GA,Greene,468.0,1683864.0,3598.0,33.6335062,-83.0870102,208.3,0.846414042590804,630.0,1.0,1762.9,0.43730156319905605,1537.0,,1.0,0.8098,0.4003,0.5,,"Union Point, GA, 30669, Greene County",
694,0.6092,landwatch,426123327,https://www.landwatch.com/dallas-county-alabama-recreational-property-for-sale/pid/426123327,AL,Dallas,393.0,1179000.0,3000.0,32.1010659,-87.0137586,74.0,0.24669959091235294,2309.2,1.0,,1.0,,,1.0,0.6764,0.5,0.5,,"Minter, AL, 36761, Dallas County",
695,0.6091,landwatch,423139615,https://www.landwatch.com/desha-county-arkansas-recreational-property-for-sale/pid/423139615,AR,Desha,393.0,1180200.0,3003.05,34.072877,-91.036084,46.1,0.8724814591576071,557.1,1.0,,1.0,,,1.0,0.6764,0.4995,0.5,,"Laconia, AR, 72328, Desha County",
696,0.6087,landwatch,422135751,https://www.landwatch.com/taylor-county-georgia-timberland-property-for-sale/pid/422135751,GA,Taylor,660.0,2500000.0,3787.88,32.80798,-83.9809424,164.2,0.5661856028949025,1414.7,1.0,5188.9,0.7484010578264614,2345.8,,1.0,0.8489,0.3687,0.5,,"Butler, GA, 31066, Taylor County",
697,0.6086,landwatch,424320332,https://www.landwatch.com/montgomery-county-arkansas-recreational-property-for-sale/pid/424320332,AR,Montgomery,360.0,990000.0,2750.0,34.3741198,-93.6599624,248.2,0.2762959384259086,2226.4,1.0,5130.4,1.0,,,1.0,0.6178,0.5417,0.5,,"Caddo Gap, AR, 71935, Montgomery County",
698,0.6086,landwatch,424319159,https://www.landwatch.com/klamath-county-oregon-homes-for-sale/pid/424319159,OR,Klamath,661.0,2500000.0,3782.15,42.1998458,-121.740762,1248.0,0.0,,0.09939684617653181,239.2,1.0,,,1.0,0.8471,0.3696,0.5,,"Klamath Falls, OR, 97603, Klamath County",
699,0.6082,landsearch,5156871,https://www.landsearch.com/properties/county-road-62-preston-ga-31824/5156871,GA,Webster,403.0,1250000.0,3101.74,32.0662434,-84.5334857,138.7,0.7777622902884518,822.3,1.0,9104.1,0.3560648282811377,1325.8,,1.0,0.6942,0.483,0.5,,"Preston, GA 31824",
700,0.6077,landandfarm,38844915,https://www.landandfarm.com/property/389-acres-hunting-timberland-with-cabin-autauga-county-alabama-38844915/,AL,Autauga,389.0,1167000.0,3000.0,32.5264127,-86.8687988,71.3,1.0,192.0,0.37612636328399546,626.6,1.0,,,1.0,0.6693,0.5,0.5,,"Jones, AL, 36749",
701,0.6071,landsearch,5160913,https://www.landsearch.com/properties/bill-merritt-rd-buena-vista-ga-31803/5160913,GA,Marion,450.0,1575000.0,3500.0,32.3185367,-84.5201086,203.3,0.7709612738968306,841.3,1.0,6468.1,0.07633969886977293,598.5,,1.0,0.7778,0.4167,0.5,,"Buena Vista, GA 31803",
702,0.6071,landwatch,426460959,https://www.landwatch.com/blount-county-alabama-recreational-property-for-sale/pid/426460959,AL,Blount,700.0,2450000.0,3500.0,33.8094526,-86.5909306,319.3,0.17007913131958408,2523.8,1.0,,0.8647872088381293,2648.4,,1.0,0.7778,0.4167,0.5,,"Remlap, AL, 35133, Blount County",
703,0.6071,landwatch,420974365,https://www.landwatch.com/atoka-county-oklahoma-recreational-property-for-sale/pid/420974365,OK,Atoka,500.0,1950000.0,3900.0,34.2619838,-95.970591,197.5,0.29351056199284453,2178.2,0.2523190154868358,453.2,1.0,3404.0,,1.0,0.8667,0.35,0.5,,"Lane, OK, 74555, Atoka County",
704,0.6071,landsearch,5083727,https://www.landsearch.com/properties/new-albany-ms-38627/5083727,MS,Union,731.0,2378532.0,3253.81,34.4196748,-89.1933931,101.8,0.866306747378692,574.3,1.0,,1.0,,,1.0,0.7227,0.4577,0.5,,"New Albany, MS 38627",
705,0.6068,landwatch,426441937,https://www.landwatch.com/harney-county-oregon-farms-and-ranches-for-sale/pid/426441937,OR,Harney,807.0,1990000.0,2465.92,43.5454322,-119.1447476,1375.4,0.0,,1.0,2598.8,1.0,3202.6,,1.0,0.5462,0.589,0.5,,"Burns, OR, 97720, Harney County",
706,0.6066,landwatch,423695616,https://www.landwatch.com/greenwood-county-kansas-farms-and-ranches-for-sale/pid/423695616,KS,Greenwood,900.0,2610000.0,2900.0,38.1392061,-96.1339505,327.3,0.8551973207947688,605.4,1.0,3976.2,0.2731381221234475,1110.2,,1.0,0.642,0.5167,0.5,,"Lamont, KS, 66860, Greenwood County",
707,0.6063,landwatch,425000137,https://www.landwatch.com/hamilton-county-florida-farms-and-ranches-for-sale/pid/425000137,FL,Hamilton,448.0,1568735.0,3501.64,30.5686749,-83.1639937,46.5,0.2996779064652533,2160.9,1.0,,1.0,,,1.0,0.7742,0.4164,0.5,,"Jennings, FL, 32053, Hamilton County",
708,0.6061,landwatch,425177342,https://www.landwatch.com/caldwell-county-north-carolina-recreational-property-for-sale/pid/425177342,NC,Caldwell,587.0,2597475.0,4425.0,35.9130599,-81.5372299,357.0,0.7779829766538042,821.6,1.0,,0.0,383.0,,1.0,0.9787,0.2625,0.5,,"Lenoir, NC, 28645, Caldwell County",
709,0.6056,landwatch,425835607,https://www.landwatch.com/gallatin-county-illinois-recreational-property-for-sale/pid/425835607,IL,Gallatin,598.0,2600000.0,4347.83,37.7136534,-88.3522314,109.1,0.5232284552274231,1535.0,1.0,,1.0,,,1.0,0.9591,0.2754,0.5,,"Equality, IL, 62934, Gallatin County",
710,0.6056,landwatch,426314564,https://www.landwatch.com/kingfisher-county-oklahoma-farms-and-ranches-for-sale/pid/426314564,OK,Kingfisher,782.0,2250000.0,2877.24,35.9791669,-98.120849,344.6,0.7874611877459639,795.1,1.0,,1.0,,,1.0,0.632,0.5205,0.5,,"Loyal, OK, 73756, Kingfisher County",
711,0.6053,landandfarm,40648365,https://www.landandfarm.com/property/graves-kellam-40648365/,GA,Jefferson,445.0,1556702.0,3498.21,33.0106848,-82.4041284,103.6,0.8109437215219659,729.4,0.16269535053550982,327.8,0.10655980824604945,677.1,,1.0,0.7689,0.417,0.5,,"Louisville, GA, 30434",
712,0.6048,landwatch,421363824,https://www.landwatch.com/dent-county-missouri-farms-and-ranches-for-sale/pid/421363824,MO,Dent,881.0,2511705.0,2850.97,37.4770386,-91.5758548,373.6,0.0,,1.0,,0.5156060362526166,1740.6,,1.0,0.6224,0.5248,0.5,,"Jadwin, MO, 65501, Dent County",
713,0.6042,landwatch,425719478,https://www.landwatch.com/randolph-county-georgia-timberland-property-for-sale/pid/425719478,GA,Randolph,857.0,2357850.0,2751.28,31.7728988,-84.799195,142.5,0.9384025745413416,372.5,1.0,65077.5,0.0,249.1,,1.0,0.5977,0.5415,0.5,,"Cuthbert, GA, 39840, Randolph County",
714,0.6038,landandfarm,35111441,https://www.landandfarm.com/property/farms-vanceburg-ky-35111441/,KY,Lewis,832.0,2200000.0,2644.23,38.6000454,-83.3337336,177.5,0.7699847398533601,844.0,1.0,2151.2,0.0790681983708464,605.6,,1.0,0.5719,0.5593,0.5,,"Vanceburg, KY, 41179",
715,0.6036,landandfarm,38325505,https://www.landandfarm.com/property/585-acre-farm-bray-ok-stephens-co-38325505/,OK,Stephens,585.0,2629575.0,4495.0,34.6410223,-97.9570672,396.8,0.7219551508741456,978.5,0.5827259078119224,915.8,0.1944934434573211,905.7,,1.0,0.9822,0.2508,0.5,,"Bray, OK, 73055",
716,0.603,landwatch,426391076,https://www.landwatch.com/henderson-county-tennessee-farms-and-ranches-for-sale/pid/426391076,TN,Henderson,487.0,1890900.0,3882.75,35.7660676,-88.366042,146.5,1.0,168.7,0.6366736344537488,991.3,1.0,,,1.0,0.8436,0.3529,0.5,,"Wildersville, TN, 38388, Henderson County",
717,0.603,landwatch,425579749,https://www.landwatch.com/lewis-county-kentucky-homes-for-sale/pid/425579749,KY,Lewis,475.0,1799000.0,3787.37,38.6000454,-83.3337336,177.5,0.7699847398533601,844.0,1.0,2151.2,0.0790681983708464,605.6,,1.0,0.8222,0.3688,0.5,,"Vanceburg, KY, 41179, Lewis County",
718,0.603,landandfarm,41145509,https://www.landandfarm.com/property/hedley-hwy-287-tx-ranch-41145509/,TX,Donley,851.0,2339590.0,2749.22,34.8722484,-100.6998751,798.8,0.09508696725670862,2733.8,0.18036780750741338,352.5,0.3927175855837942,1421.1,,1.0,0.5915,0.5418,0.5,,"Hedley, TX, 79237",
719,0.6025,landwatch,336975569,https://www.landwatch.com/mcintosh-county-oklahoma-farms-and-ranches-for-sale/pid/336975569,OK,Mcintosh,558.0,2490000.0,4462.37,35.4475204,-95.9795297,214.1,0.7446869824022272,914.9,0.07904874095904572,210.7,0.05,507.0,,1.0,0.9698,0.2563,0.5,,"Henryetta, OK, 74437, McIntosh County",
720,0.6024,landwatch,421061982,https://www.landwatch.com/madison-county-mississippi-recreational-property-for-sale/pid/421061982,MS,Madison,750.0,2399000.0,3198.67,32.8771785,-89.9850781,79.5,0.389115169477496,1910.5,1.0,5049.8,0.7398084571962199,2323.5,,1.0,0.6889,0.4669,0.5,,"Pickens, MS, 39146, Madison County",
721,0.6021,landandfarm,36625708,https://www.landandfarm.com/property/supertree-nursery-36625708/,GA,Randolph,430.0,1481844.0,3446.15,31.7578412,-84.6139779,118.0,0.18896350659644345,2470.9,0.5350961739359218,849.1,1.0,3217.9,,1.0,0.7422,0.4256,0.5,,"Shellman, GA, 39886",
722,0.6019,landwatch,423742461,https://www.landwatch.com/okfuskee-county-oklahoma-farms-and-ranches-for-sale/pid/423742461,OK,Okfuskee,717.0,2491575.0,3475.0,35.4325651,-96.3046419,276.6,0.0,,0.5917322771406639,928.4,0.11014847989799621,686.4,,1.0,0.7476,0.4208,0.5,,"Okemah, OK, 74859, Okfuskee County",
723,0.6015,landwatch,425177903,https://www.landwatch.com/jeff-davis-county-georgia-hunting-property-for-sale/pid/425177903,GA,Jeff Davis,371.0,1107915.0,2986.29,31.8518062,-82.5924792,76.8,0.6287512412685512,1239.5,1.0,1978.8,0.20429302380276498,931.2,,1.0,0.6373,0.5023,0.5,,"Hazlehurst, GA, 31539, Jeff Davis County",
724,0.6014,landandfarm,41294800,https://www.landandfarm.com/property/715-acres-in-heard-county-41294800/,GA,Heard,715.0,2502500.0,3500.0,33.3175389,-85.1209037,212.2,1.0,168.5,1.0,13894.2,1.0,,,1.0,0.7511,0.4167,0.5,,"Franklin, GA, 30217",
725,0.6014,landwatch,425042027,https://www.landwatch.com/clearwater-county-minnesota-undeveloped-land-for-sale/pid/425042027,MN,Clearwater,394.0,1250000.0,3172.59,47.5235213,-95.4022588,447.1,0.9601864848094536,311.5,1.0,2548.3,0.4695680474138544,1620.9,,1.0,0.6782,0.4712,0.5,,"Bagley, MN, 56621, Clearwater County",
726,0.6012,landwatch,333214222,https://www.landwatch.com/halifax-county-north-carolina-timberland-property-for-sale/pid/333214222,NC,Halifax,372.0,1116000.0,3000.0,36.0023889,-77.3967188,27.0,0.1994000722571293,2441.7,1.0,,0.8235653884621764,2541.3,,1.0,0.6391,0.5,0.5,,"Hobgood, NC, 27843, Halifax County",
727,0.6008,landwatch,426212530,https://www.landwatch.com/tripp-county-south-dakota-farms-and-ranches-for-sale/pid/426212530,SD,Tripp,720.0,2500000.0,3472.22,43.556554,-99.67697,557.9,0.0,,1.0,,1.0,,,1.0,0.7422,0.4213,0.5,,"Hamill, SD, 57534, Tripp County",
728,0.6006,landwatch,426198286,https://www.landwatch.com/holmes-county-mississippi-recreational-property-for-sale/pid/426198286,MS,Holmes,360.0,1050000.0,2916.67,33.0869055,-90.0867305,89.4,0.38074379873226993,1933.9,1.0,10761.7,1.0,,,1.0,0.6178,0.5139,0.5,,"Lexington, MS, 39095, Holmes County",
729,0.6006,landsearch,5179842,https://www.landsearch.com/properties/1721-aeneas-valley-rd-tonasket-wa-98855/5179842,WA,Okanogan,760.0,2400000.0,3157.89,48.7021863,-119.4367656,304.7,0.0,,0.5458813571780521,864.2,0.0,357.5,,1.0,0.6711,0.4737,0.5,,"Tonasket, WA 98855",
730,0.6,landwatch,424305442,https://www.landwatch.com/dawes-county-nebraska-farms-and-ranches-for-sale/pid/424305442,NE,Dawes,400.0,1300000.0,3250.0,42.7063287,-103.444453,1168.9,0.19605230153810838,2451.1,1.0,6555.3,1.0,,,1.0,0.6889,0.4583,0.5,,"Crawford, NE, 69339, Dawes County",
731,0.5997,landwatch,425050307,https://www.landwatch.com/terrebonne-parish-louisiana-undeveloped-land-for-sale/pid/425050307,LA,,350.0,1000000.0,2857.14,29.5625329,-90.6791622,1.6,0.0,,0.08219563832403119,215.1,0.8950325089686754,2727.1,,1.0,0.6,0.5238,0.5,,"Houma, LA, 70363",
732,0.5992,landwatch,418802939,https://www.landwatch.com/hyde-county-north-carolina-timberland-property-for-sale/pid/418802939,NC,Hyde,552.0,2475000.0,4483.7,35.4581185,-76.4908716,0.5,0.9235849616344667,414.0,1.0,,1.0,,,1.0,0.9591,0.2527,0.5,,"Makleyville, NC, 27875, Hyde County",
733,0.5992,landwatch,426123334,https://www.landwatch.com/ellis-county-kansas-farms-and-ranches-for-sale/pid/426123334,KS,Ellis,395.0,1275000.0,3227.85,38.8809302,-99.326511,614.5,0.4067441482514651,1861.1,0.6645752429147715,1030.4,0.21674634516365338,963.5,,1.0,0.68,0.462,0.5,,"Hays, KS, 67601, Ellis County",
734,0.5991,landwatch,425756106,https://www.landwatch.com/newton-county-arkansas-homes-for-sale/pid/425756106,AR,Newton,520.0,2199000.0,4228.85,36.0781457,-93.3340824,496.0,0.6422692573824362,1201.6,1.0,,0.7416205219460541,2328.2,,1.0,0.9022,0.2952,0.5,,"Compton, AR, 72624, Newton County",
735,0.5989,landwatch,426306515,https://www.landwatch.com/monroe-county-alabama-recreational-property-for-sale/pid/426306515,AL,Monroe,830.0,2271672.0,2736.95,31.7321971,-87.2008906,82.8,0.5249307757450804,1530.2,1.0,,1.0,,,1.0,0.5699,0.5438,0.5,,"Chestnut, AL, 36425, Monroe County",
736,0.5989,landwatch,425778139,https://www.landwatch.com/charlotte-county-virginia-recreational-property-for-sale/pid/425778139,VA,Charlotte,769.0,2400000.0,3120.94,37.0747989,-78.6550558,147.1,0.9573002592942766,319.6,1.0,4197.3,1.0,,,1.0,0.6551,0.4798,0.5,,"Charlotte Court House, VA, 23923, Charlotte County",
737,0.5989,landandfarm,36880415,https://www.landandfarm.com/property/885-acres-in-lowndes-county-36880415/,AL,Lowndes,885.0,2649000.0,2993.22,32.0515999,-86.4041941,95.4,0.535226653825764,1501.4,0.8453898426731028,1283.5,1.0,,,1.0,0.6265,0.5011,0.5,,"Letohatchee, AL, 36047",
738,0.5988,landwatch,414681712,https://www.landwatch.com/grundy-county-tennessee-farms-and-ranches-for-sale/pid/414681712,TN,Grundy,543.0,2400000.0,4419.89,35.3532951,-85.8389954,307.5,0.9906865471521502,226.1,1.0,3792.0,1.0,,,1.0,0.9431,0.2634,0.5,,"Altamont, TN, 37301, Grundy County",
739,0.5987,landandfarm,38596559,https://www.landandfarm.com/property/864-acres-lowndes-county-fostoria-tract-38596559/,AL,Lowndes,864.0,2505600.0,2900.0,32.1813668,-86.6500141,51.9,0.09240113196923938,2741.3,0.28107989214753204,493.5,1.0,,,1.0,0.6049,0.5167,0.5,,"Gordonville, AL, 36040",
740,0.5985,landwatch,425707444,https://www.landwatch.com/pittsburg-county-oklahoma-farms-and-ranches-for-sale/pid/425707444,OK,Pittsburg,771.0,2399999.0,3112.84,34.5737226,-95.6198469,211.1,0.8937737205652492,497.4,1.0,7360.5,1.0,,,1.0,0.6516,0.4812,0.5,,"Daisy, OK, 74540, Pittsburg County",
741,0.5985,landwatch,426517200,https://www.landwatch.com/pittsylvania-county-virginia-recreational-property-for-sale/pid/426517200,VA,Pittsylvania,427.0,1493795.0,3498.35,36.655719,-79.7402907,301.4,0.9506796030168544,338.1,1.0,3127.5,0.39826168395006684,1435.5,,1.0,0.7369,0.4169,0.5,,"Tunstall, VA, 24054, Pittsylvania County",
742,0.5984,landwatch,422080113,https://www.landwatch.com/scott-county-tennessee-recreational-property-for-sale/pid/422080113,TN,Scott,374.0,1150000.0,3074.87,36.3344362,-84.6214343,444.7,0.9582148461901756,317.0,1.0,3768.1,0.8344333460514886,2569.5,,1.0,0.6427,0.4875,0.5,,"Robbins, TN, 37852, Scott County",
743,0.5982,landwatch,424781588,https://www.landwatch.com/hempstead-county-arkansas-recreational-property-for-sale/pid/424781588,AR,Hempstead,480.0,1885000.0,3927.08,33.9218974,-93.6334868,125.9,0.07334557438223666,2794.6,1.0,12144.7,1.0,,,1.0,0.8311,0.3455,0.5,,"McCaskill, AR, 71847, Hempstead County",
744,0.5982,landwatch,426343471,https://www.landwatch.com/alexander-county-illinois-recreational-property-for-sale/pid/426343471,IL,Alexander,381.0,1195000.0,3136.48,37.201646,-89.4182228,153.2,0.6081058131013157,1297.3,1.0,2631.6,0.4329835843474723,1525.8,,1.0,0.6551,0.4773,0.5,,"Thebes, IL, 62990, Alexander County",
745,0.5981,landwatch,426583552,https://www.landwatch.com/saint-clair-county-missouri-recreational-property-for-sale/pid/426583552,MO,Saint Clair,485.0,1925000.0,3969.07,38.0507187,-93.6863913,253.8,0.17630513823253846,2506.3,0.7682105851063283,1175.5,0.2281594313154823,993.2,,1.0,0.84,0.3385,0.5,,"Osceola, MO, 64776, Saint Clair County",
746,0.5978,landwatch,416576629,https://www.landwatch.com/gordon-county-georgia-undeveloped-land-for-sale/pid/416576629,GA,Gordon,519.0,2204475.0,4247.54,34.5188906,-84.7029553,262.8,0.8166034948402575,713.5,0.7675992133140693,1174.6,0.5333195591572367,1786.6,,1.0,0.9004,0.2921,0.5,,"Ranger, GA, 30734, Gordon County",
747,0.5978,landwatch,422942886,https://www.landwatch.com/wilkinson-county-georgia-recreational-property-for-sale/pid/422942886,GA,Wilkinson,553.0,2500000.0,4520.8,32.788636,-83.1963503,73.8,1.0,165.0,0.3043386610474314,526.1,1.0,,,1.0,0.9609,0.2465,0.5,,"Irwinton, GA, 31042, Wilkinson County",
748,0.5977,landsearch,5222352,https://www.landsearch.com/properties/county-road-321-rte-5-ava-mo-65608/5222352,MO,Douglas,373.0,1150000.0,3083.11,36.9333135,-92.6782829,397.4,0.534354809354737,1503.8,1.0,3618.1,0.6525260660481476,2096.6,,1.0,0.6409,0.4861,0.5,,"Ava, MO 65608",
749,0.5974,landsearch,5252011,https://www.landsearch.com/properties/13065-tx-158-robert-lee-tx-76945/5252011,TX,Coke,481.0,1901293.0,3952.79,31.9021939,-100.4954087,559.6,0.36829683184621675,1968.8,1.0,,0.0,335.7,,1.0,0.8329,0.3412,0.5,,"Robert Lee, TX 76945",
750,0.5974,landwatch,424890428,https://www.landwatch.com/richmond-county-north-carolina-recreational-property-for-sale/pid/424890428,NC,Richmond,378.0,1183000.0,3129.63,35.0906583,-79.7473482,156.9,0.6908729677546681,1065.6,0.9794321913794444,1471.2,0.7222322060001956,2277.8,,1.0,0.6498,0.4784,0.5,,"Ellerbe, NC, 28338, Richmond County",
751,0.5972,landwatch,425215879,https://www.landwatch.com/jefferson-county-arkansas-recreational-property-for-sale/pid/425215879,AR,Jefferson,424.0,1484000.0,3500.0,34.2164216,-91.9936767,66.7,0.9764654414995563,265.9,0.5460409530894447,864.5,0.23039291230954698,999.0,,1.0,0.7316,0.4167,0.5,,"Pine Bluff, AR, 71601, Jefferson County",
752,0.597,landwatch,424865268,https://www.landwatch.com/fulton-county-arkansas-recreational-property-for-sale/pid/424865268,AR,Fulton,750.0,2485000.0,3313.33,36.3995021,-91.9926,278.5,0.9110389906838804,449.1,0.05,116.3,0.7659339054549853,2391.4,,1.0,0.6889,0.4478,0.5,,"Viola, AR, 72583, Fulton County",
753,0.5967,landwatch,425488151,https://www.landwatch.com/wabaunsee-county-kansas-farms-and-ranches-for-sale/pid/425488151,KS,Wabaunsee,460.0,1748000.0,3800.0,38.8432117,-95.9560551,370.5,0.9439147501486336,357.0,1.0,3230.3,1.0,,,1.0,0.7956,0.3667,0.5,,"Harveyville, KS, 66431, Wabaunsee County",
754,0.5963,landandfarm,40236392,https://www.landandfarm.com/property/white-oak-plantation-40236392/,MS,Montgomery,359.0,1077000.0,3000.0,33.4219517,-89.5584998,94.4,0.7605997036830732,870.3,1.0,14714.1,0.990741175322764,2975.9,,1.0,0.616,0.5,0.5,,"Kilmichael, MS, 39747",
755,0.5962,landwatch,425850341,https://www.landwatch.com/searcy-county-arkansas-recreational-property-for-sale/pid/425850341,AR,Searcy,425.0,1500000.0,3529.41,36.0419423,-92.7585348,323.5,0.8059619397275732,743.3,1.0,,1.0,3706.2,,1.0,0.7333,0.4118,0.5,,"Saint Joe, AR, 72675, Searcy County",
756,0.5962,landwatch,421528394,https://www.landwatch.com/ashley-county-arkansas-recreational-property-for-sale/pid/421528394,AR,Ashley,390.0,1267500.0,3250.0,33.1424152,-91.9604909,51.3,0.7727393763959499,836.3,0.0,36.7,0.43714207004420785,1536.6,,1.0,0.6711,0.4583,0.5,,"Crossett, AR, 71635, Ashley County",
757,0.5955,landwatch,425510631,https://www.landwatch.com/creek-county-oklahoma-farms-and-ranches-for-sale/pid/425510631,OK,Creek,855.0,2500000.0,2923.98,35.9892054,-96.5970454,241.8,1.0,117.9,0.14427806685028174,302.0,0.3176370230721338,1225.9,,1.0,0.5956,0.5127,0.5,,"Oilton, OK, 74030, Creek County",
758,0.5955,landwatch,425374288,https://www.landwatch.com/bayfield-county-wisconsin-undeveloped-land-for-sale/pid/425374288,WI,Bayfield,384.0,1235000.0,3216.15,46.5762567,-91.4141417,327.2,1.0,197.4,1.0,,1.0,,,1.0,0.6604,0.464,0.5,,"Iron River, WI, 54847, Bayfield County",
759,0.5955,landwatch,424414535,https://www.landwatch.com/randolph-county-georgia-recreational-property-for-sale/pid/424414535,GA,Randolph,806.0,2174904.0,2698.39,31.7728988,-84.799195,142.5,0.9384025745413416,372.5,1.0,65077.5,0.0,249.1,,1.0,0.5452,0.5503,0.5,,"Cuthbert, GA, 39840, Randolph County",
760,0.5952,landwatch,426502235,https://www.landwatch.com/saint-landry-parish-louisiana-recreational-property-for-sale/pid/426502235,LA,,800.0,2360000.0,2950.0,30.5528,-91.9390696,5.9,0.0,,1.0,1758.0,0.20913682896143826,943.8,,1.0,0.6,0.5083,0.5,,"Port Barre, LA, 70577",
761,0.5952,landwatch,424033151,https://www.landwatch.com/brown-county-nebraska-farms-and-ranches-for-sale/pid/424033151,NE,Brown,478.0,1900000.0,3974.9,42.535505,-99.699911,731.3,0.6952747330089163,1053.2,0.0,24.4,0.10628303249473216,676.3,,1.0,0.8276,0.3375,0.5,,"Long Pine, NE 69217",
762,0.5951,landwatch,336770920,https://www.landwatch.com/allen-parish-louisiana-recreational-property-for-sale/pid/336770920,LA,,607.0,2730000.0,4497.53,30.4964379,-93.05692,13.1,0.0,,1.0,,1.0,3750.2,,1.0,0.9431,0.2504,0.5,,"Reeves, LA, 70658",
763,0.5948,landwatch,425490484,https://www.landwatch.com/laurens-county-georgia-recreational-property-for-sale/pid/425490484,GA,Laurens,430.0,1548000.0,3600.0,32.2062344,-82.7027665,54.6,0.7717747397282421,839.0,1.0,2438.0,1.0,,,1.0,0.7422,0.4,0.5,,"Glenwood, GA, 30428, Laurens County",
764,0.5947,landwatch,424300473,https://www.landwatch.com/monroe-county-mississippi-recreational-property-for-sale/pid/424300473,MS,Monroe,390.0,1280000.0,3282.05,33.8423301,-88.55069,60.7,1.0,191.4,1.0,7244.7,1.0,3070.9,,1.0,0.6711,0.453,0.5,,"Aberdeen, MS, 39730, Monroe County",
765,0.5946,landwatch,333214223,https://www.landwatch.com/edgecombe-county-north-carolina-timberland-property-for-sale/pid/333214223,NC,Edgecombe,354.0,1060000.0,2994.35,35.8967646,-77.5394906,15.1,1.0,199.4,0.351578046027237,592.2,0.055313953293499044,543.8,,1.0,0.6071,0.5009,0.5,,"Tarboro, NC, 27886, Edgecombe County",
766,0.5942,landandfarm,39354741,https://www.landandfarm.com/property/lafayette-404-39354741/,MS,Lafayette,404.0,1375000.0,3403.47,34.360699,-89.5345998,139.8,0.4213665675107471,1820.2,0.7342330911942083,1127.9,0.28821847776196646,1149.4,,1.0,0.696,0.4328,0.5,,"Oxford, MS, 38655",
767,0.5942,landwatch,418129952,https://www.landwatch.com/tallapoosa-county-alabama-recreational-property-for-sale/pid/418129952,AL,Tallapoosa,609.0,2740500.0,4500.0,32.5542029,-85.9174478,132.6,0.969731943452005,284.8,1.0,2431.0,0.6249982722782269,2025.0,,1.0,0.9396,0.25,0.5,,"Reeltown, AL, 36078, Tallapoosa County",
768,0.594,landwatch,424823215,https://www.landwatch.com/morehouse-parish-louisiana-recreational-property-for-sale/pid/424823215,LA,,362.0,1112197.0,3072.37,32.8041183,-91.8973779,37.3,0.7945481395878224,775.3,0.0,19.8,0.889762222605662,2713.4,,1.0,0.6213,0.4879,0.5,,"Bastrop, LA, 71220",
769,0.5938,landwatch,414929944,https://www.landwatch.com/albemarle-county-virginia-farms-and-ranches-for-sale/pid/414929944,VA,Albemarle,583.0,2750000.0,4716.98,38.0145798,-78.4783047,104.0,1.0,82.6,1.0,4051.2,0.0,224.3,,1.0,0.9858,0.2138,0.5,,"Charlottesville, VA, 22902, Albemarle County",
770,0.5932,landwatch,425979619,https://www.landwatch.com/lowndes-county-alabama-recreational-property-for-sale/pid/425979619,AL,Lowndes,799.0,2397000.0,3000.0,31.9133099,-87.0344762,73.3,0.8335161120307618,666.2,1.0,,1.0,,,1.0,0.6018,0.5,0.5,,"Furman, AL, 36768, Lowndes County",
771,0.5932,landwatch,425979617,https://www.landwatch.com/wilcox-county-alabama-recreational-property-for-sale/pid/425979617,AL,Wilcox,799.0,2397000.0,3000.0,31.9133099,-87.0344762,73.3,0.8335161120307618,666.2,1.0,,1.0,,,1.0,0.6018,0.5,0.5,,"Furman, AL, 36768, Wilcox County",
772,0.5932,landwatch,425979618,https://www.landwatch.com/dallas-county-alabama-recreational-property-for-sale/pid/425979618,AL,Dallas,799.0,2397000.0,3000.0,31.9133099,-87.0344762,73.3,0.8335161120307618,666.2,1.0,,1.0,,,1.0,0.6018,0.5,0.5,,"Furman, AL, 36768, Dallas County",
773,0.5932,landwatch,426661258,https://www.landwatch.com/pine-county-minnesota-hunting-property-for-sale/pid/426661258,MN,Pine,359.0,1100000.0,3064.07,46.4382508,-92.4453076,343.9,0.8242284685260739,692.2,1.0,10557.9,1.0,,,1.0,0.616,0.4893,0.5,,"Nickerson, MN, 55749, Pine County",
774,0.5932,landwatch,422508913,https://www.landwatch.com/alger-county-michigan-timberland-property-for-sale/pid/422508913,MI,Alger,485.0,1975000.0,4072.16,46.4378528,-86.8469017,183.1,0.49113257327092774,1624.8,1.0,,1.0,,,1.0,0.84,0.3213,0.5,,"Au Train, MI, 49806, Alger County",
775,0.5929,landwatch,418597859,https://www.landwatch.com/jefferson-county-new-york-recreational-property-for-sale/pid/418597859,NY,Jefferson,435.0,1600000.0,3678.16,43.8260644,-76.2178227,90.3,0.3741462950242044,1952.4,1.0,,1.0,,,1.0,0.7511,0.387,0.5,,"Henderson, NY, 13650, Jefferson County",
776,0.5928,landandfarm,38372343,https://www.landandfarm.com/property/tract-1-flying-h-ranch-38372343/,OK,Okfuskee,412.0,1441125.0,3497.88,35.4325651,-96.3046419,276.6,0.0,,0.5917322771406639,928.4,0.11014847989799621,686.4,,1.0,0.7102,0.417,0.5,,"Okfuskee, OK, 74859",
777,0.5926,landwatch,423414673,https://www.landwatch.com/early-county-georgia-recreational-property-for-sale/pid/423414673,GA,Early,535.0,2400000.0,4485.98,44.7556996,-122.416335,288.1,0.0,,0.8550819096210781,1297.1,1.0,,,1.0,0.9289,0.2523,0.5,,"Blakely, GA, 32356, Early County",
778,0.592,landwatch,420371705,https://www.landwatch.com/montgomery-county-alabama-farms-and-ranches-for-sale/pid/420371705,AL,Montgomery,454.0,1747900.0,3850.0,32.3779866,-86.3430756,50.9,0.09495434374002931,2734.1,0.07623325720067298,206.7,0.12548957242962072,726.3,,1.0,0.7849,0.3583,0.5,,"Montgomery, AL, 36113, Montgomery County",
779,0.5918,landwatch,426575916,https://www.landwatch.com/grady-county-oklahoma-farms-and-ranches-for-sale/pid/426575916,OK,Grady,759.0,2542650.0,3350.0,34.6410223,-97.9570672,396.8,0.7219551508741456,978.5,0.5827259078119224,915.8,0.1944934434573211,905.7,,1.0,0.6729,0.4417,0.5,,"Marlow, OK, 73055, Grady County",
780,0.5917,landsearch,5258165,https://www.landsearch.com/properties/eustis-ne-69028/5258165,NE,Dawson,397.0,1350000.0,3400.5,40.6630417,-100.029537,802.4,0.0,,1.0,18460.0,1.0,,,1.0,0.6836,0.4332,0.5,,"Eustis, NE 69028",
781,0.5916,landwatch,424899012,https://www.landwatch.com/macon-county-alabama-farms-and-ranches-for-sale/pid/424899012,AL,Macon,758.0,2549000.0,3362.8,32.3125529,-85.8433793,89.2,0.974024898154728,272.7,0.767960059873421,1175.1,1.0,,,1.0,0.6747,0.4395,0.5,,"Hardaway, AL, 36039, Macon County",
782,0.5913,landwatch,425436018,https://www.landwatch.com/pittsburg-county-oklahoma-farms-and-ranches-for-sale/pid/425436018,OK,Pittsburg,460.0,1800000.0,3913.04,34.9333124,-95.7559367,213.1,0.1473180077644224,2587.5,1.0,1581.0,0.528964527253902,1775.3,,1.0,0.7956,0.3478,0.5,,"Mcalester, OK, 74501, Pittsburg County",
783,0.5908,landwatch,425354340,https://www.landwatch.com/lamar-county-mississippi-farms-and-ranches-for-sale/pid/425354340,MS,Lamar,566.0,2700000.0,4770.32,31.1613643,-89.4156181,100.9,0.5248436433549292,1530.4,1.0,2675.1,1.0,3966.2,,1.0,0.984,0.2049,0.5,,"Purvis, MS, 39475, Lamar County",
784,0.5906,landwatch,426446829,https://www.landwatch.com/pennington-county-minnesota-farms-and-ranches-for-sale/pid/426446829,MN,Pennington,760.0,2560000.0,3368.42,47.9095664,-96.0422832,343.0,0.0,,1.0,1808.1,0.0,346.0,,1.0,0.6711,0.4386,0.5,,"Thief River Falls, MN, 56748, Pennington County",
785,0.5902,landwatch,426305359,https://www.landwatch.com/webster-county-nebraska-farms-and-ranches-for-sale/pid/426305359,NE,Webster,804.0,2250444.0,2799.06,40.0889301,-98.5174068,523.0,1.0,199.6,0.6641277072898921,1029.8,0.34930275650012205,1308.2,,1.0,0.5431,0.5335,0.5,,"Red Cloud, NE, 68970, Webster County",
786,0.5902,landwatch,425899684,https://www.landwatch.com/polk-county-minnesota-farms-and-ranches-for-sale/pid/425899684,MN,Polk,532.0,2400000.0,4511.28,47.6880563,-96.0484673,357.4,0.23016667117172085,2355.5,0.33239069699682694,565.3,1.0,,,1.0,0.9236,0.2481,0.5,,"Erskine, MN, 56535, Polk County",
787,0.5899,landandfarm,40313023,https://www.landandfarm.com/property/byron-paul-lane-40313023/,MS,Copiah,361.0,1137150.0,3150.0,31.9853926,-90.3434802,138.8,0.20768484883511296,2418.5,1.0,2553.0,0.5304888280320921,1779.3,,1.0,0.6196,0.475,0.5,,"Crystal Springs, MS, 39059",
788,0.5895,landwatch,420865155,https://www.landwatch.com/pulaski-county-illinois-recreational-property-for-sale/pid/420865155,IL,Pulaski,460.0,1817000.0,3950.0,37.2814179,-88.955199,103.7,0.43306654975269077,1787.4,1.0,6924.4,0.4028004096319971,1447.3,,1.0,0.7956,0.3417,0.5,,"Karnak, IL, 62956, Pulaski County",
789,0.5895,landwatch,425067106,https://www.landwatch.com/jackson-county-florida-undeveloped-land-for-sale/pid/425067106,FL,Jackson,534.0,2425500.0,4542.13,30.793193,-85.391809,43.8,0.3707135957940759,1962.0,1.0,5935.8,0.459544695502281,1594.8,,1.0,0.9271,0.243,0.5,,"Cottondale, FL, 32431, Jackson County",
790,0.589,landwatch,425825131,https://www.landwatch.com/buckingham-county-virginia-recreational-property-for-sale/pid/425825131,VA,Buckingham,430.0,1600000.0,3720.93,37.5037841,-78.2377449,141.4,0.49799930983337093,1605.6,1.0,,1.0,,,1.0,0.7422,0.3798,0.5,,"Cumberland, VA, 23040, Buckingham County",
791,0.5889,landwatch,423842469,https://www.landwatch.com/irwin-county-georgia-farms-and-ranches-for-sale/pid/423842469,GA,Irwin,629.0,2800000.0,4451.51,31.6293899,-83.065093,101.3,0.0,,1.0,2827.2,0.8982095589155679,2735.3,,1.0,0.904,0.2581,0.5,,"Wray, GA, 31798, Irwin County",
792,0.5889,landwatch,423178559,https://www.landwatch.com/blount-county-alabama-undeveloped-land-for-sale/pid/423178559,AL,Blount,659.0,2775571.0,4211.79,33.9188818,-86.7531902,232.7,0.7569988216125783,880.4,1.0,13102.5,1.0,,,1.0,0.8507,0.298,0.5,,"Hayden, AL, 35079, Blount County",
793,0.5889,landwatch,425845621,https://www.landwatch.com/otsego-county-michigan-undeveloped-land-for-sale/pid/425845621,MI,Otsego,680.0,2750000.0,4044.12,44.9666284,-84.4343592,404.9,0.0,3092.5,0.7176428163648525,1104.7,0.3838424254388337,1398.0,,1.0,0.8133,0.326,0.5,,"Johannesburg, MI, 49751, Otsego County",
794,0.5888,landwatch,426040892,https://www.landwatch.com/clarke-county-mississippi-hunting-property-for-sale/pid/426040892,MS,Clarke,711.0,2700000.0,3797.47,31.858783,-88.7546958,82.4,0.7792759502810599,818.0,1.0,6245.9,1.0,,,1.0,0.7582,0.3671,0.5,,"Shubuta, MS, 39360, Clarke County",
795,0.5888,landwatch,424857101,https://www.landwatch.com/barbour-county-alabama-recreational-property-for-sale/pid/424857101,AL,Barbour,508.0,2209800.0,4350.0,31.6628811,-85.5053548,89.5,1.0,192.4,0.1406106953428995,296.9,0.7533714949421164,2358.8,,1.0,0.8809,0.275,0.5,,"Clio, AL, 36017, Barbour County",
796,0.5884,landwatch,425762495,https://www.landwatch.com/union-county-oregon-farms-and-ranches-for-sale/pid/425762495,OR,Union,792.0,2500000.0,3156.57,45.5645644,-117.9220518,819.5,0.0,,0.38084349982372934,633.2,1.0,,,1.0,0.6142,0.4739,0.5,,"Elgin, OR, 97827, Union County",
797,0.5883,landwatch,421309214,https://www.landwatch.com/ripley-county-missouri-farms-and-ranches-for-sale/pid/421309214,MO,Ripley,385.0,1300000.0,3376.62,36.625979,-90.8215519,134.0,0.9121781209140719,445.9,0.745242361400484,1143.3,0.30876039568761793,1202.8,,1.0,0.6622,0.4372,0.5,,"Doniphan, MO, 63935, Ripley County",
798,0.5882,landwatch,425701357,https://www.landwatch.com/carlisle-county-kentucky-undeveloped-land-for-sale/pid/425701357,KY,Carlisle,362.0,1155900.0,3193.09,36.8728716,-88.9782909,121.6,0.7180644640380296,989.4,1.0,1747.4,0.6202237489502223,2012.6,,1.0,0.6213,0.4678,0.5,,"Bardwell, KY, 42023, Carlisle County",
799,0.5881,landwatch,420531993,https://www.landwatch.com/scott-county-arkansas-recreational-property-for-sale/pid/420531993,AR,Scott,356.0,1120455.0,3147.35,34.8469384,-94.0431714,285.4,0.2375045719579314,2335.0,1.0,,0.953012779198253,2877.8,,1.0,0.6107,0.4754,0.5,,"Waldron, AR",
800,0.5881,landwatch,426665304,https://www.landwatch.com/jackson-county-kentucky-recreational-property-for-sale/pid/426665304,KY,Jackson,456.0,1800000.0,3947.37,37.4558728,-84.0430046,339.2,1.0,184.6,0.44604548343892736,724.5,0.10537875064012912,674.0,,1.0,0.7884,0.3421,0.5,,"McKee, KY, 40447, Jackson County",
801,0.5881,landwatch,426343449,https://www.landwatch.com/gladwin-county-michigan-recreational-property-for-sale/pid/426343449,MI,Gladwin,400.0,1400000.0,3500.0,44.1452423,-84.1367352,244.3,0.588988447397832,1350.8,0.17303740996726064,342.3,0.08005503127355255,608.1,,1.0,0.6889,0.4167,0.5,,"Alger, MI, 48610, Gladwin County",
802,0.5879,landwatch,420924534,https://www.landwatch.com/saint-landry-parish-louisiana-undeveloped-land-for-sale/pid/420924534,LA,,826.0,2436700.0,2950.0,30.5528,-91.9390696,5.9,0.0,,1.0,1758.0,0.20913682896143826,943.8,,1.0,0.5658,0.5083,0.5,,"Port Barre, LA, 70577",
803,0.5877,landwatch,426594737,https://www.landwatch.com/boyd-county-nebraska-farms-and-ranches-for-sale/pid/426594737,NE,Boyd,555.0,2635253.0,4748.2,45.0157576,-93.2512895,259.9,0.0,3323.1,0.8584417753743899,1301.8,0.12667816613582522,729.4,,1.0,0.9644,0.2086,0.5,,"Gross, NE, 49686, Boyd County",
804,0.586,landwatch,426409260,https://www.landwatch.com/wilcox-county-georgia-recreational-property-for-sale/pid/426409260,GA,Wilcox,593.0,2846400.0,4800.0,31.9505797,-83.5504448,109.8,0.0,,0.615316539583155,961.4,1.0,,,1.0,0.968,0.2,0.5,,"Pitts, GA, 31072, Wilcox County",
805,0.5858,landwatch,424393238,https://www.landwatch.com/bossier-parish-louisiana-recreational-property-for-sale/pid/424393238,LA,,519.0,2335827.0,4500.63,32.903526,-93.693638,84.1,0.0,,1.0,13497.4,0.32347121299419096,1241.0,,1.0,0.9004,0.2499,0.5,,"Plain Dealing, LA, 71064",
806,0.5857,landwatch,422744637,https://www.landwatch.com/bullock-county-alabama-recreational-property-for-sale/pid/422744637,AL,Bullock,600.0,2850000.0,4750.0,32.1499299,-85.7043306,144.7,1.0,176.5,1.0,2008.7,0.2796853232069124,1127.2,,1.0,0.9556,0.2083,0.5,,"Union Springs, AL, 36089, Bullock County",
807,0.5852,landsearch,5220295,https://www.landsearch.com/properties/heiberger-al-36756/5220295,AL,Perry,455.0,1820000.0,4000.0,32.6275765,-87.3191632,109.2,0.3391990801964452,2050.2,0.6224775076915987,971.5,0.11736445515275722,705.1,,1.0,0.7867,0.3333,0.5,,"Heiberger, AL 36756",
808,0.5852,landwatch,426188179,https://www.landwatch.com/jasper-county-georgia-farms-and-ranches-for-sale/pid/426188179,GA,Jasper,514.0,2299000.0,4472.76,33.179953,-83.6155146,177.4,0.9886864477876087,231.7,1.0,15767.4,1.0,,,1.0,0.8916,0.2545,0.5,,"Hillsboro, GA, 31038, Jasper County",
809,0.5851,landsearch,5090432,https://www.landsearch.com/properties/rocksprings-tx-78880/5090432,TX,Edwards,425.0,1599000.0,3762.35,30.0326,-100.1173438,626.2,0.0,,1.0,4278.9,1.0,,,1.0,0.7333,0.3729,0.5,,"Rocksprings, TX 78880",
810,0.5845,landwatch,423118046,https://www.landwatch.com/livingston-county-kentucky-recreational-property-for-sale/pid/423118046,KY,Livingston,353.0,1129600.0,3200.0,37.2765949,-88.2587161,137.3,1.0,117.9,0.7116091504266198,1096.3,0.7599288851537881,2375.8,,1.0,0.6053,0.4667,0.5,,"Salem, KY, 42078, Livingston County",
811,0.5843,landwatch,426459016,https://www.landwatch.com/dekalb-county-georgia-homes-for-sale/pid/426459016,GA,Dekalb,790.0,2575000.0,3259.49,33.8709661,-84.3431442,283.3,1.0,136.8,1.0,1740.9,0.21085380454526453,948.2,,1.0,0.6178,0.4568,0.5,,"Brookhaven, GA, 30319, DeKalb County",
812,0.5842,landwatch,424915005,https://www.landwatch.com/maury-county-tennessee-recreational-property-for-sale/pid/424915005,TN,Maury,742.0,2704590.0,3645.0,35.5978046,-87.3187213,247.1,0.637417401813781,1215.2,1.0,2272.4,1.0,,,1.0,0.7031,0.3925,0.5,,"Mount Pleasant, TN, 38461, Maury County",
813,0.5842,landwatch,418235669,https://www.landwatch.com/bradford-county-florida-undeveloped-land-for-sale/pid/418235669,FL,Bradford,401.0,1439869.0,3590.7,29.9347141,-82.1042463,50.5,0.0,,0.059850780109801625,183.8,0.05,414.3,,1.0,0.6907,0.4016,0.5,,"Starke, FL, 32091, Bradford County",
814,0.5835,landandfarm,37782196,https://www.landandfarm.com/property/long-ridge-824-37782196/,MO,Franklin,824.0,2500000.0,3033.98,38.223312,-91.1580059,289.0,0.8166255746137985,713.4,0.7241480870640732,1113.8,0.16933615606933222,840.3,,1.0,0.5637,0.4943,0.5,,"Sullivan, MO, 63080",
815,0.5834,landwatch,423557864,https://www.landwatch.com/washington-county-oklahoma-farms-and-ranches-for-sale/pid/423557864,OK,Washington,769.0,2650000.0,3446.03,36.5423323,-95.9076418,199.9,0.9778332431187142,262.1,0.24588600667204358,444.2,1.0,,,1.0,0.6551,0.4257,0.5,,"Ramona, OK, 74061, Washington County",
816,0.5833,landwatch,425958601,https://www.landwatch.com/klamath-county-oregon-farms-and-ranches-for-sale/pid/425958601,OR,Klamath,475.0,1995000.0,4200.0,42.2456064,-121.7720706,1403.1,0.0,,0.1515087567023975,312.1,0.513314567549485,1734.6,,1.0,0.8222,0.3,0.5,,"Klamath Falls, OR, 97601, Klamath County",
817,0.5833,landsearch,5187116,https://www.landsearch.com/properties/licking-mo-65542/5187116,MO,Texas,375.0,1275000.0,3400.0,37.5055815,-91.8571798,385.0,0.0,,1.0,2267.2,0.47186197641597283,1626.8,,1.0,0.6444,0.4333,0.5,,"Licking, MO 65542",
818,0.5832,landwatch,424624766,https://www.landwatch.com/chippewa-county-michigan-farms-and-ranches-for-sale/pid/424624766,MI,Chippewa,363.0,1200000.0,3305.79,46.0804379,-84.1195194,193.3,0.8900762834418728,507.8,1.0,5782.8,0.9100254053007997,2766.1,,1.0,0.6231,0.449,0.5,,"Goetzville, MI, 49736, Chippewa County",
819,0.5829,landwatch,421240428,https://www.landwatch.com/lewis-county-kentucky-farms-and-ranches-for-sale/pid/421240428,KY,Lewis,475.0,1999000.0,4208.42,38.6000454,-83.3337336,177.5,0.7699847398533601,844.0,1.0,2151.2,0.0790681983708464,605.6,,1.0,0.8222,0.2986,0.5,,"Vanceburg, KY, 41179, Lewis County",
820,0.5829,landwatch,425789824,https://www.landwatch.com/boone-county-arkansas-farms-and-ranches-for-sale/pid/425789824,AR,Boone,837.0,2600000.0,3106.33,36.2382913,-93.1068199,338.6,0.5539582955394307,1448.9,1.0,2285.2,0.12236339403334577,718.1,,1.0,0.5771,0.4823,0.5,,"Harrison, AR, 72601, Boone County",
821,0.5828,landwatch,425945780,https://www.landwatch.com/pope-county-illinois-farms-and-ranches-for-sale/pid/425945780,IL,Pope,448.0,1790000.0,3995.54,37.1429392,-88.590562,103.8,0.3589770173979979,1994.9,1.0,1921.7,1.0,,,1.0,0.7742,0.3341,0.5,,"Brookport, IL, 62910, Pope County",
822,0.5828,landsearch,5041735,https://www.landsearch.com/properties/e-820-rd-fay-ok-73646/5041735,OK,Blaine,386.0,1351000.0,3500.0,35.224029,-99.8696205,632.1,0.29068470507061717,2186.1,1.0,5474.8,0.06773577836811892,576.1,,1.0,0.664,0.4167,0.5,,"Fay, OK 73646",
823,0.5822,landwatch,426459314,https://www.landwatch.com/lonoke-county-arkansas-farms-and-ranches-for-sale/pid/426459314,AR,Lonoke,628.0,2888800.0,4600.0,34.7965846,-91.934141,73.0,0.036254783322878015,2898.5,1.0,4366.1,1.0,,,1.0,0.9058,0.2333,0.5,,"Lonoke, AR, 72086, Lonoke County",
824,0.5821,landwatch,426051629,https://www.landwatch.com/kiowa-county-kansas-farms-and-ranches-for-sale/pid/426051629,KS,Kiowa,832.0,2579200.0,3100.0,37.5873684,-99.4750265,708.0,0.0,,1.0,1897.4,1.0,,,1.0,0.5719,0.4833,0.5,,"Mullinville, KS, 67109, Kiowa County",
825,0.5819,landwatch,425730815,https://www.landwatch.com/kimball-county-nebraska-farms-and-ranches-for-sale/pid/425730815,NE,Kimball,407.0,1500000.0,3685.5,41.2303784,-103.6610413,1442.1,0.37413330264884326,1952.4,1.0,18104.1,0.7557263481200913,2364.9,,1.0,0.7013,0.3857,0.5,,"Kimball, NE 69145",
826,0.5817,landwatch,426070123,https://www.landwatch.com/clermont-county-ohio-undeveloped-land-for-sale/pid/426070123,OH,Clermont,605.0,2900000.0,4793.39,38.8303802,-84.1005367,273.7,0.9696438676363802,285.0,0.9028230643923348,1364.0,0.0,236.0,,1.0,0.9467,0.2011,0.5,,"Felicity, OH, 45120, Clermont County",
827,0.5817,landwatch,426586439,https://www.landwatch.com/lamar-county-alabama-farms-and-ranches-for-sale/pid/426586439,AL,Lamar,595.0,2900000.0,4873.95,33.8593885,-88.1477021,138.3,0.5601491012677955,1431.6,1.0,15237.5,1.0,3237.2,,1.0,0.9644,0.1877,0.5,,"Sulligent, AL, 35586, Lamar County",
828,0.5817,landwatch,426425524,https://www.landwatch.com/lamar-county-alabama-farms-and-ranches-for-sale/pid/426425524,AL,Lamar,594.0,2900000.0,4882.15,33.8593885,-88.1477021,138.3,0.5601491012677955,1431.6,1.0,15237.5,1.0,3237.2,,1.0,0.9662,0.1863,0.5,,"Sulligent, AL, 35586, Lamar County",
829,0.5816,landwatch,421582912,https://www.landwatch.com/dinwiddie-county-virginia-recreational-property-for-sale/pid/421582912,VA,Dinwiddie,587.0,2900000.0,4940.37,37.1243514,-77.8235981,102.7,0.8248772380574909,690.3,1.0,,1.0,,,1.0,0.9787,0.1766,0.5,,"Wilsons, VA, 23894, Dinwiddie County",
830,0.581,landwatch,423002898,https://www.landwatch.com/okfuskee-county-oklahoma-undeveloped-land-for-sale/pid/423002898,OK,Okfuskee,800.0,2600000.0,3250.0,35.4761741,-96.3837407,299.0,0.0,,1.0,16242.1,0.500369629400533,1701.0,,1.0,0.6,0.4583,0.5,,"Boley, OK, 74833, Okfuskee County",
831,0.5809,landwatch,423691060,https://www.landwatch.com/pottawatomie-county-kansas-farms-and-ranches-for-sale/pid/423691060,KS,Pottawatomie,644.0,2897280.0,4498.88,39.1940447,-96.5747182,320.8,0.20210497790634419,2434.1,0.7768975340544375,1187.7,0.17508895492445015,855.2,,1.0,0.8773,0.2502,0.5,,"Manhattan, KS, 66502, Pottawatomie County",
832,0.5804,landwatch,419944590,https://www.landwatch.com/forrest-county-mississippi-recreational-property-for-sale/pid/419944590,MS,Forrest,542.0,2600000.0,4797.05,31.2989362,-89.3009416,51.6,1.0,199.6,0.7325120895558891,1125.5,0.49303457629003944,1681.9,,1.0,0.9413,0.2005,0.5,,"Purvis, MS, 39401, Forrest County",
833,0.5803,landwatch,419192299,https://www.landwatch.com/elbert-county-georgia-recreational-property-for-sale/pid/419192299,GA,Elbert,367.0,1247664.0,3399.63,34.1184116,-82.8425344,198.6,0.8938184990262114,497.3,0.42394435156591553,693.5,0.66167170349608,2120.3,,1.0,0.6302,0.4334,0.5,,"Elberton, GA, 30635, Elbert County",
834,0.5802,landsearch,4968519,https://www.landsearch.com/properties/n3840-rd-coalgate-ok-74538/4968519,OK,Coal,410.0,1535775.0,3745.79,34.5360247,-96.2126959,178.4,0.7279430154539219,961.8,1.0,4983.8,0.9935403588802217,2983.2,,1.0,0.7067,0.3757,0.5,,"Coalgate, OK 74538",
835,0.5797,landwatch,426113295,https://www.landwatch.com/franklin-parish-louisiana-recreational-property-for-sale/pid/426113295,LA,,540.0,2590000.0,4796.3,31.9675596,-91.6878067,22.5,0.9643428582701271,299.8,0.6297711002917808,981.7,0.2800621506710739,1128.2,,1.0,0.9378,0.2006,0.5,,"Wisner, LA, 71378",
836,0.5792,landwatch,419199435,https://www.landwatch.com/saint-helena-parish-louisiana-recreational-property-for-sale/pid/419199435,LA,,463.0,1940000.0,4190.06,30.8301202,-90.6910939,72.1,0.37576301897698405,1947.9,1.0,8202.4,0.29251506639331754,1160.5,,1.0,0.8009,0.3017,0.5,,"Greensburg, LA, 70441",
837,0.5792,landwatch,426105974,https://www.landwatch.com/meade-county-south-dakota-farms-and-ranches-for-sale/pid/426105974,SD,Meade,518.0,2399000.0,4631.27,44.596375,-102.154805,757.0,0.0,,1.0,,1.0,,,1.0,0.8987,0.2281,0.5,,"White Owl, SD, 57748, Meade County",
838,0.5789,landwatch,426121125,https://www.landwatch.com/franklin-parish-louisiana-recreational-property-for-sale/pid/426121125,LA,,369.0,1271325.0,3445.33,32.1564838,-91.7079316,22.3,0.8391824982332532,650.3,1.0,1916.3,0.16631871049749442,832.4,,1.0,0.6338,0.4258,0.5,,"Winnsboro, LA, 71295",
839,0.5786,landwatch,423842051,https://www.landwatch.com/dallas-county-alabama-timberland-property-for-sale/pid/423842051,AL,Dallas,400.0,1480000.0,3700.0,32.4236948,-87.0376127,37.4,1.0,154.3,1.0,2292.4,0.545000314985308,1817.0,,1.0,0.6889,0.3833,0.5,,"Selma, AL, 36701, Dallas County",
840,0.5782,landwatch,424944374,https://www.landwatch.com/pontotoc-county-oklahoma-farms-and-ranches-for-sale/pid/424944374,OK,Pontotoc,601.0,2944900.0,4900.0,34.7760051,-96.6684918,310.1,0.874612209630059,551.1,0.960615791213875,1444.9,0.10162313583939504,664.2,,1.0,0.9538,0.1833,0.5,,"Ada, OK, 74820, Pontotoc County",
841,0.5782,landwatch,425776927,https://www.landwatch.com/dodge-county-georgia-recreational-property-for-sale/pid/425776927,GA,Dodge,499.0,2245500.0,4500.0,32.2017404,-83.1884219,113.4,0.2537051453153606,2289.6,1.0,1823.7,0.8012185521958072,2483.2,,1.0,0.8649,0.25,0.5,,"Eastman, GA, 31023, Dodge County",
842,0.5778,landandfarm,40598540,https://www.landandfarm.com/property/the-black-belt-minter-cedar-creek-tract-40598540/,AL,Dallas,361.0,1228842.0,3403.99,32.1010659,-87.0137586,74.0,0.24669959091235294,2309.2,1.0,,1.0,,,1.0,0.6196,0.4327,0.5,,"Minter, AL, 36761",
843,0.5776,landwatch,424355468,https://www.landwatch.com/baldwin-county-alabama-recreational-property-for-sale/pid/424355468,AL,Baldwin,360.0,1224000.0,3400.0,31.0586805,-87.8423742,20.6,0.9732163576837426,275.0,1.0,9303.4,0.5910865704943626,1936.8,,1.0,0.6178,0.4333,0.5,,"Tensaw, AL, 36579, Baldwin County",
844,0.5776,landwatch,425956120,https://www.landwatch.com/klamath-county-oregon-farms-and-ranches-for-sale/pid/425956120,OR,Klamath,390.0,1420000.0,3641.03,42.2456064,-121.7720706,1403.1,0.0,,0.1515087567023975,312.1,0.513314567549485,1734.6,,1.0,0.6711,0.3932,0.5,,"Klamath Falls, OR, 97601, Klamath County",
845,0.5775,landwatch,424356534,https://www.landwatch.com/baldwin-county-alabama-recreational-property-for-sale/pid/424356534,AL,Baldwin,865.0,2897750.0,3350.0,31.0586805,-87.8423742,20.6,0.9732163576837426,275.0,1.0,9303.4,0.5910865704943626,1936.8,,1.0,0.6059,0.4417,0.5,,"Tensaw, AL, 36579, Baldwin County",
846,0.5774,landwatch,424212497,https://www.landwatch.com/kiowa-county-oklahoma-farms-and-ranches-for-sale/pid/424212497,OK,Kiowa,633.0,2950000.0,4660.35,34.9829697,-99.2518939,476.8,0.0,,1.0,11599.0,0.058511208483289986,552.1,,1.0,0.8969,0.2233,0.5,,"Lone Wolf, OK, 73655, Kiowa County",
847,0.5767,landwatch,424913806,https://www.landwatch.com/chautauqua-county-kansas-farms-and-ranches-for-sale/pid/424913806,KS,Chautauqua,363.0,1250000.0,3443.53,37.0711906,-96.088007,279.7,0.0,3015.9,1.0,,1.0,,,1.0,0.6231,0.4261,0.5,,"Peru, KS, 67360, Chautauqua County",
848,0.5767,landwatch,426217391,https://www.landwatch.com/walthall-county-mississippi-farms-and-ranches-for-sale/pid/426217391,MS,Walthall,370.0,1295000.0,3500.0,31.1320064,-90.1267348,80.9,0.45063645621306814,1738.2,0.0,24.3,0.22460935921479325,984.0,,1.0,0.6356,0.4167,0.5,,"Tylertown, MS, 39667, Walthall County",
849,0.5763,landsearch,5156873,https://www.landsearch.com/properties/addie-dairy-rd-preston-ga-31824/5156873,GA,Webster,775.0,2750000.0,3548.39,32.0662434,-84.5334857,138.7,0.7777622902884518,822.3,1.0,9104.1,0.3560648282811377,1325.8,,1.0,0.6444,0.4086,0.5,,"Preston, GA 31824",
850,0.5762,landsearch,5062211,https://www.landsearch.com/properties/502nd-ave-ewing-ne-68735/5062211,NE,Holt,400.0,1500000.0,3750.0,42.2583377,-98.3445578,565.2,0.5454893334180841,1472.6,1.0,4440.2,0.07052635145822832,583.4,,1.0,0.6889,0.375,0.5,,"Ewing, NE 68735",
851,0.5762,landwatch,426168638,https://www.landwatch.com/harper-county-kansas-farms-and-ranches-for-sale/pid/426168638,KS,Harper,550.0,2722500.0,4950.0,37.2348992,-98.2369782,437.3,0.0,,1.0,,1.0,,,1.0,0.9556,0.175,0.5,,"Attica, KS, 67009, Harper County",
852,0.5761,landandfarm,41021833,https://www.landandfarm.com/property/otter-creek-ranch-41021833/,KS,Chautauqua,704.0,2900000.0,4119.32,37.1029341,-96.4950255,282.5,0.7299567685810358,956.1,1.0,1534.9,1.0,,,1.0,0.7707,0.3134,0.5,,"Cedar Vale, KS, 67024",
853,0.5759,landwatch,426698964,https://www.landwatch.com/telfair-county-georgia-recreational-property-for-sale/pid/426698964,GA,Telfair,430.0,1718710.0,3997.0,32.0648021,-82.897351,79.2,0.597594306024762,1326.7,1.0,2017.4,0.7512758377279295,2353.3,,1.0,0.7422,0.3338,0.5,,"McRae, GA, 31055, Telfair County",
854,0.5757,landwatch,426604633,https://www.landwatch.com/dallas-county-alabama-recreational-property-for-sale/pid/426604633,AL,Dallas,430.0,1720000.0,4000.0,32.4186517,-87.2337077,51.3,1.0,180.6,1.0,3792.7,0.9074420133001175,2759.3,,1.0,0.7422,0.3333,0.5,,"Marion Junction, AL, 36759, Dallas County",
855,0.5757,landwatch,422983908,https://www.landwatch.com/pike-county-georgia-undeveloped-land-for-sale/pid/422983908,GA,Pike,759.0,2800000.0,3689.06,33.0152571,-84.3224408,225.2,1.0,183.5,1.0,6085.5,1.0,,,1.0,0.6729,0.3852,0.5,,"Meansville, GA, 30256, Pike County",
856,0.5753,landwatch,425518683,https://www.landwatch.com/charlotte-county-virginia-recreational-property-for-sale/pid/425518683,VA,Charlotte,359.0,1235000.0,3440.11,37.0887268,-78.7652224,142.5,0.8004987087750315,758.6,1.0,9779.0,1.0,3459.4,,1.0,0.616,0.4266,0.5,,"Phenix, VA, 23959, Charlotte County",
857,0.5752,landwatch,425624265,https://www.landwatch.com/allen-parish-louisiana-recreational-property-for-sale/pid/425624265,LA,,790.0,2725500.0,3450.0,30.8687105,-92.7980308,43.6,0.0,,1.0,,0.1618913882672953,820.9,,1.0,0.6178,0.425,0.5,,"Elizabeth, LA, 70638",
858,0.5746,landwatch,423244213,https://www.landwatch.com/box-butte-county-nebraska-farms-and-ranches-for-sale/pid/423244213,NE,Box Butte,455.0,1921891.0,4223.94,42.32183,-103.1048383,1312.0,0.0,,1.0,,0.3508374573441046,1312.2,,1.0,0.7867,0.296,0.5,,"Hemingford, NE, 69348, Box Butte County",
859,0.5744,landwatch,425900968,https://www.landwatch.com/henry-county-tennessee-recreational-property-for-sale/pid/425900968,TN,Henry,358.0,1235307.0,3450.58,36.4386689,-88.3443546,166.9,0.4680575947913337,1689.4,0.6620777152214209,1026.9,1.0,,,1.0,0.6142,0.4249,0.5,,"Puryear, TN, 38251, Henry County",
860,0.5744,landwatch,420282084,https://www.landwatch.com/surry-county-virginia-recreational-property-for-sale/pid/420282084,VA,Surry,483.0,2150000.0,4451.35,37.1342542,-76.7725277,8.5,1.0,109.7,1.0,5744.8,0.46202792397314413,1601.3,,1.0,0.8364,0.2581,0.5,,"Surry, VA, 23883, Surry County",
861,0.5744,landwatch,426581534,https://www.landwatch.com/henry-county-alabama-recreational-property-for-sale/pid/426581534,AL,Henry,464.0,1995200.0,4300.0,31.5735572,-85.236828,92.0,1.0,174.8,0.19731981632486112,376.2,0.8163046658516723,2522.4,,1.0,0.8027,0.2833,0.5,,"Abbeville, AL, 36310, Henry County",
862,0.5742,landwatch,420207518,https://www.landwatch.com/lake-county-oregon-farms-and-ranches-for-sale/pid/420207518,OR,Lake,561.0,2850000.0,5080.21,42.1953106,-120.3488516,1454.4,0.0,,0.6553886012326667,1017.5,0.2768492915970572,1119.8,,1.0,0.9751,0.1533,0.5,,"Lakeview, OR, 97630, Lake County",
863,0.5739,landwatch,424842993,https://www.landwatch.com/hawkins-county-tennessee-recreational-property-for-sale/pid/424842993,TN,Hawkins,588.0,2995000.0,5093.54,36.3537018,-83.2266646,340.8,1.0,193.8,1.0,3260.1,1.0,,,1.0,0.9769,0.1511,0.5,,"Mooresburg, TN, 37811, Hawkins County",
864,0.5739,landwatch,422820889,https://www.landwatch.com/ontario-county-new-york-farms-and-ranches-for-sale/pid/422820889,NY,Ontario,607.0,2999900.0,4942.17,42.6422812,-77.3838813,307.4,1.0,104.0,1.0,6555.6,1.0,,,1.0,0.9431,0.1763,0.5,,"Naples, NY, 14512, Ontario County",
865,0.5739,landwatch,422753168,https://www.landwatch.com/attala-county-mississippi-recreational-property-for-sale/pid/422753168,MS,Attala,631.0,2997450.0,4750.32,33.2005292,-89.8190361,100.7,0.7715562716205618,839.6,1.0,11808.4,0.0,337.8,,1.0,0.9004,0.2083,0.5,,"West, MS, 39192, Attala County",
866,0.5738,landwatch,425275444,https://www.landwatch.com/putnam-county-georgia-undeveloped-land-for-sale/pid/425275444,GA,Putnam,622.0,3000000.0,4823.15,33.3221886,-83.3460328,156.1,0.9651574325679272,297.6,1.0,2493.3,1.0,4003.7,,1.0,0.9164,0.1961,0.5,,"Eatonton, GA, 31024, Putnam County",
867,0.5738,landwatch,424004601,https://www.landwatch.com/nacogdoches-county-texas-recreational-property-for-sale/pid/424004601,TX,Nacogdoches,575.0,2990000.0,5200.0,31.827293,-94.5690871,127.7,0.8571854402276469,599.9,1.0,4004.3,1.0,,,1.0,1.0,0.1333,0.5,,"Garrison, TX, 75946, Nacogdoches County",
868,0.5737,landwatch,426619972,https://www.landwatch.com/camden-county-georgia-recreational-property-for-sale/pid/426619972,GA,Camden,397.0,1500000.0,3778.34,31.0741401,-81.6299832,6.9,0.4534023873645303,1730.5,1.0,,0.4832688354704207,1656.5,,1.0,0.6836,0.3703,0.5,,"Waverly, GA, 31565, Camden County",
869,0.5737,landwatch,424104319,https://www.landwatch.com/keith-county-nebraska-farms-and-ranches-for-sale/pid/424104319,NE,Keith,593.0,3000000.0,5059.02,41.118859,-101.7171147,976.3,0.0,,1.0,1631.4,0.2324410604321051,1004.3,,1.0,0.968,0.1568,0.5,,"Roscoe, NE 69153",
870,0.5737,landwatch,424717332,https://www.landwatch.com/brown-county-nebraska-farms-and-ranches-for-sale/pid/424717332,NE,Brown,633.0,3000000.0,4739.34,42.535505,-99.699911,731.3,0.6952747330089163,1053.2,0.0,24.4,0.10628303249473216,676.3,,1.0,0.8969,0.2101,0.5,,"Long Pine, NE 69217",
871,0.5735,landwatch,424381304,https://www.landwatch.com/hawkins-county-tennessee-recreational-property-for-sale/pid/424381304,TN,Hawkins,588.0,3000000.0,5102.04,36.3537018,-83.2266646,340.8,1.0,193.8,1.0,3260.1,1.0,,,1.0,0.9769,0.1497,0.5,,"Mooresburg, TN, 37811, Hawkins County",
872,0.5735,landsearch,5003229,https://www.landsearch.com/properties/291st-ave-winner-sd-57580/5003229,SD,Mellette,640.0,3000000.0,4687.5,43.3716293,-99.8497622,613.6,0.0,,0.7903687688506906,1206.5,0.24121441174339653,1027.2,,1.0,0.8844,0.2188,0.5,,"Winner, SD 57580",
873,0.5732,landwatch,426200241,https://www.landwatch.com/johnson-county-illinois-farms-and-ranches-for-sale/pid/426200241,IL,Johnson,486.0,2187000.0,4500.0,37.4210597,-88.885342,111.4,1.0,173.8,0.36468488984796715,610.6,0.42617498975142537,1508.1,,1.0,0.8418,0.25,0.5,,"Vienna, IL, 62995, Johnson County",
874,0.573,landwatch,425507936,https://www.landwatch.com/pawnee-county-oklahoma-farms-and-ranches-for-sale/pid/425507936,OK,Pawnee,575.0,2999500.0,5216.52,36.5032853,-96.732284,251.3,1.0,197.3,0.2682632281618356,475.6,0.5190499567626305,1749.5,,1.0,1.0,0.1306,0.5,,"Ralston, OK, 74650, Pawnee County",
875,0.573,landwatch,425183781,https://www.landwatch.com/sawyer-county-wisconsin-farms-and-ranches-for-sale/pid/425183781,WI,Sawyer,380.0,1390000.0,3657.89,45.8628913,-90.9407566,415.4,0.9556221343210285,324.3,1.0,28819.8,1.0,,,1.0,0.6533,0.3904,0.5,,"Winter, WI, 54896, Sawyer County",
876,0.5727,landwatch,424591842,https://www.landwatch.com/screven-county-georgia-recreational-property-for-sale/pid/424591842,GA,Screven,447.0,1877400.0,4200.0,32.5644148,-81.4763255,40.6,0.03772084110015139,2894.4,1.0,5060.2,0.0790434849467803,605.5,,1.0,0.7724,0.3,0.5,,"Newington, GA, 30446, Screven County",
877,0.5726,landwatch,425214681,https://www.landwatch.com/wilkes-county-georgia-timberland-property-for-sale/pid/425214681,GA,Wilkes,766.0,2832387.0,3697.63,33.7833889,-82.9095205,208.7,0.9343839921587416,383.7,1.0,,0.6323313239116805,2044.1,,1.0,0.6604,0.3837,0.5,,"Rayle, GA, 30660, Wilkes County",
878,0.5723,landwatch,426524478,https://www.landwatch.com/johnson-county-tennessee-recreational-property-for-sale/pid/426524478,TN,Johnson,708.0,2950000.0,4166.67,36.4644425,-81.8089902,894.8,1.0,136.8,0.2158294194439666,402.2,0.5757682251931697,1897.0,,1.0,0.7636,0.3056,0.5,,"Mountain City, TN, 37683, Johnson County",
879,0.5722,landwatch,425045544,https://www.landwatch.com/spotsylvania-county-virginia-recreational-property-for-sale/pid/425045544,VA,Spotsylvania,439.0,1820000.0,4145.79,38.1582135,-77.6018846,81.3,0.8213513126759293,700.2,0.8513105326733356,1291.8,0.1318005200554719,742.7,,1.0,0.7582,0.309,0.5,,"Spotsylvania, VA, 22551, Spotsylvania County",
880,0.572,landsearch,5175010,https://www.landsearch.com/properties/foreman-ar-71836/5175010,AR,Little River,395.0,1500000.0,3797.47,33.7266298,-94.3821402,119.0,0.7656523270849303,856.2,0.05,132.2,0.18529540457963264,881.8,,1.0,0.68,0.3671,0.5,,"Foreman, AR 71836",
881,0.5719,landsearch,5227974,https://www.landsearch.com/properties/1304-lone-tree-rd-central-city-ne-68827/5227974,NE,Merrick,449.0,1900000.0,4231.63,41.033251,-98.180509,539.3,0.0,,1.0,4948.8,1.0,,,1.0,0.776,0.2947,0.5,,"Central City, NE 68827",
882,0.571,landwatch,419467289,https://www.landwatch.com/payne-county-oklahoma-farms-and-ranches-for-sale/pid/419467289,OK,Payne,480.0,2160000.0,4500.0,35.983924,-96.7546973,280.4,1.0,114.0,0.07902428716030867,210.6,1.0,,,1.0,0.8311,0.25,0.5,,"Cushing, OK, 74023, Payne County",
883,0.5703,landwatch,425448473,https://www.landwatch.com/cumberland-county-tennessee-undeveloped-land-for-sale/pid/425448473,TN,Cumberland,353.0,1235000.0,3498.58,36.0274981,-85.0449215,565.8,0.8079391548301371,737.8,0.9045052673835323,1366.3,0.7428710317941981,2331.5,,1.0,0.6053,0.4169,0.5,,"Crossville, TN, 38571, Cumberland County",
884,0.57,landwatch,426121140,https://www.landwatch.com/saint-clair-county-alabama-recreational-property-for-sale/pid/426121140,AL,Saint Clair,540.0,2700000.0,5000.0,33.5093519,-86.2984225,140.8,0.3349041107458639,2062.3,1.0,8314.7,0.15510788135155693,803.3,,1.0,0.9378,0.1667,0.5,,"Cropwell, AL, 35054, Saint Clair County",
885,0.5699,landwatch,420410016,https://www.landwatch.com/rapides-parish-louisiana-recreational-property-for-sale/pid/420410016,LA,,700.0,2998000.0,4282.86,31.2924563,-92.4616757,24.2,0.0,,0.5278199742717615,838.9,0.16891637243858956,839.2,,1.0,0.7778,0.2862,0.5,,"Alexandria, LA, 71301",
886,0.5694,landwatch,425843320,https://www.landwatch.com/cumberland-county-virginia-recreational-property-for-sale/pid/425843320,VA,Cumberland,446.0,1900000.0,4260.09,37.5037841,-78.2377449,141.4,0.49799930983337093,1605.6,1.0,,1.0,,,1.0,0.7707,0.29,0.5,,"Cumberland, VA, 23040, Cumberland County",
887,0.5694,landwatch,424842739,https://www.landwatch.com/labette-county-kansas-undeveloped-land-for-sale/pid/424842739,KS,Labette,381.0,1425000.0,3740.16,37.2153927,-95.4043381,255.3,0.8540655924846599,608.6,1.0,6485.9,1.0,,,1.0,0.6551,0.3766,0.5,,"Mound Valley, KS, 67354, Labette County",
888,0.569,landwatch,423700340,https://www.landwatch.com/pearl-river-county-mississippi-timberland-property-for-sale/pid/423700340,MS,Pearl River,350.0,1225000.0,3500.0,30.8006789,-89.5475541,91.4,0.8272917098592707,683.6,1.0,2612.1,1.0,,,1.0,0.6,0.4167,0.5,,"Poplarville, MS, 39470, Pearl River County",
889,0.5689,landwatch,425823674,https://www.landwatch.com/cullman-county-alabama-farms-and-ranches-for-sale/pid/425823674,AL,Cullman,713.0,2994600.0,4200.0,34.056856,-86.7892113,164.9,1.0,173.1,0.1378965538452331,293.1,0.18737908033153833,887.2,,1.0,0.7547,0.3,0.5,,"Arkadelphia, AL, 35077, Cullman County",
890,0.5687,landwatch,422831493,https://www.landwatch.com/harper-county-kansas-recreational-property-for-sale/pid/422831493,KS,Harper,482.0,2200000.0,4564.32,37.013605,-98.184832,383.5,0.12544321183946072,2648.8,1.0,,1.0,,,1.0,0.8347,0.2393,0.5,,"Waldron, KS, 67150, Harper County",
891,0.5683,landwatch,416579377,https://www.landwatch.com/sullivan-county-new-york-undeveloped-land-for-sale/pid/416579377,NY,Sullivan,357.0,1275000.0,3571.43,41.5647411,-74.729287,416.6,0.8839929094695744,524.8,1.0,7522.9,0.26342074174227387,1084.9,,1.0,0.6124,0.4048,0.5,,"Forestburgh, NY, 12777, Sullivan County",
892,0.5678,landsearch,5197227,https://www.landsearch.com/properties/cox-rd-wiggins-ms-39577/5197227,MS,Stone,390.0,1500000.0,3846.15,30.8654676,-89.1267976,81.8,0.8340201589058392,664.7,1.0,19903.1,0.2822752463958192,1133.9,,1.0,0.6711,0.359,0.5,,"Wiggins, MS 39577",
893,0.5675,landwatch,333032737,https://www.landwatch.com/vernon-parish-louisiana-recreational-property-for-sale/pid/333032737,LA,,471.0,2120000.0,4501.06,31.1347848,-93.229716,73.1,0.9660741292013515,295.0,0.8364784562222162,1271.1,0.471343555742414,1625.5,,1.0,0.8151,0.2498,0.5,,"Leesville, LA, 71446",
894,0.5674,landwatch,426272779,https://www.landwatch.com/carroll-county-tennessee-farms-and-ranches-for-sale/pid/426272779,TN,Carroll,773.0,2900000.0,3751.62,35.9830625,-88.4241805,126.5,0.9722236428174144,277.8,1.0,15089.6,0.28083104690805194,1130.2,,1.0,0.648,0.3747,0.5,,"Huntingdon, TN, 38344, Carroll County",
895,0.5671,landwatch,424881927,https://www.landwatch.com/rock-county-nebraska-farms-and-ranches-for-sale/pid/424881927,NE,Rock,775.0,2900000.0,3741.94,42.5787626,-99.537779,708.9,0.0,,0.0,66.4,0.27439141535177564,1113.4,,1.0,0.6444,0.3763,0.5,,"Bassett, NE, 68714, Rock County",
896,0.567,landwatch,425414773,https://www.landwatch.com/appomattox-county-virginia-recreational-property-for-sale/pid/425414773,VA,Appomattox,367.0,1350000.0,3678.47,37.5512646,-78.9214159,197.3,0.7515044761097331,895.8,1.0,3165.1,0.7804216533338058,2429.1,,1.0,0.6302,0.3869,0.5,,"Gladstone, VA, 24553, Appomattox County",
897,0.5662,landwatch,425425091,https://www.landwatch.com/hardin-county-tennessee-recreational-property-for-sale/pid/425425091,TN,Hardin,388.0,1499000.0,3863.4,35.1978382,-88.2011052,140.0,1.0,183.7,1.0,,1.0,,,1.0,0.6676,0.3561,0.5,,"Savannah, TN, 38372, Hardin County",
898,0.566,landwatch,426204326,https://www.landwatch.com/sawyer-county-wisconsin-undeveloped-land-for-sale/pid/426204326,WI,Sawyer,360.0,1311564.0,3643.23,45.8628913,-90.9407566,415.4,0.9556221343210285,324.3,1.0,28819.8,1.0,,,1.0,0.6178,0.3928,0.5,,"Winter, WI, 54896, Sawyer County",
899,0.5658,landwatch,421570934,https://www.landwatch.com/howell-county-missouri-farms-and-ranches-for-sale/pid/421570934,MO,Howell,504.0,2419200.0,4800.0,36.5742171,-92.0626514,270.4,0.9672852240574423,291.6,0.5728733837403898,902.0,1.0,,,1.0,0.8738,0.2,0.5,,"Caulfield, MO, 65626, Howell County",
900,0.5657,landwatch,425376858,https://www.landwatch.com/sharkey-county-mississippi-hunting-property-for-sale/pid/425376858,MS,Sharkey,426.0,1780000.0,4178.4,32.9095685,-90.8795278,32.3,0.9336105090398299,385.9,1.0,19542.8,0.05863531381761526,552.5,,1.0,0.7351,0.3036,0.5,,"Rolling Fork, MS, 39159, Sharkey County",
901,0.5654,landwatch,423673056,https://www.landwatch.com/washington-county-georgia-recreational-property-for-sale/pid/423673056,GA,Washington,403.0,1612000.0,4000.0,33.2182089,-82.6883094,157.3,0.8651728760744302,577.5,0.9542060348690695,1435.9,0.6148070809942741,1998.5,,1.0,0.6942,0.3333,0.5,,"Mitchell, GA, 30820, Washington County",
902,0.5649,landwatch,421198646,https://www.landwatch.com/grady-county-oklahoma-farms-and-ranches-for-sale/pid/421198646,OK,Grady,372.0,1400000.0,3763.44,35.313265,-97.9445427,396.2,0.7990896797572076,762.5,1.0,3455.3,0.7410955336930559,2326.8,,1.0,0.6391,0.3728,0.5,,"Minco, OK, 73059, Grady County",
903,0.5649,landwatch,425062742,https://www.landwatch.com/morehouse-parish-louisiana-recreational-property-for-sale/pid/425062742,LA,,464.0,2088000.0,4500.0,32.6105711,-91.7586105,25.2,0.3617226630296112,1987.2,1.0,1805.9,0.5645726753638806,1867.9,,1.0,0.8027,0.25,0.5,,"Oak Ridge, LA, 71264",
904,0.5644,landsearch,5083614,https://www.landsearch.com/properties/holly-springs-ms-38635/5083614,MS,Marshall,452.0,1995000.0,4413.72,34.7750533,-89.4751188,183.4,0.0,,1.0,3983.3,1.0,3456.6,,1.0,0.7813,0.2644,0.5,,"Holly Springs, MS 38635",
905,0.5643,landwatch,425766626,https://www.landwatch.com/bryan-county-oklahoma-farms-and-ranches-for-sale/pid/425766626,OK,Bryan,400.0,1600000.0,4000.0,33.9744925,-96.1788711,158.9,0.0,,1.0,1785.4,1.0,,,1.0,0.6889,0.3333,0.5,,"Durant, OK, 74726, Bryan County",
906,0.5642,landwatch,425867579,https://www.landwatch.com/gregory-county-south-dakota-farms-and-ranches-for-sale/pid/425867579,SD,Gregory,368.0,1378125.0,3744.9,43.118084,-99.188541,659.2,0.0,,1.0,2344.9,1.0,,,1.0,0.632,0.3758,0.5,,"Herrick, SD, 57538, Gregory County",
907,0.5639,landwatch,426666492,https://www.landwatch.com/buckingham-county-virginia-recreational-property-for-sale/pid/426666492,VA,Buckingham,424.0,1781262.0,4201.09,37.5498891,-78.442159,189.4,0.7240283694697819,972.7,1.0,,0.582974599464729,1915.7,,1.0,0.7316,0.2998,0.5,,"Dillwyn, VA, 23936, Buckingham County",
908,0.5636,landwatch,426361384,https://www.landwatch.com/northampton-county-virginia-undeveloped-land-for-sale/pid/426361384,VA,Northampton,476.0,2200000.0,4621.85,37.269806,-75.9803528,5.4,0.8713484835398986,560.2,0.6978254555622233,1077.0,0.2864069383578521,1144.7,,1.0,0.824,0.2297,0.5,,"Cape Charles, VA, 23310, Northampton County",
909,0.5635,landwatch,424726795,https://www.landwatch.com/mccurtain-county-oklahoma-farms-and-ranches-for-sale/pid/424726795,OK,Mccurtain,423.0,1776600.0,4200.0,33.8966776,-94.825074,139.6,0.9463018076509038,350.4,0.988083701029663,1483.3,0.061463320431279056,559.8,,1.0,0.7298,0.3,0.5,,"Idabel, OK, 74745, McCurtain County",
910,0.5624,landwatch,420763708,https://www.landwatch.com/butler-county-kansas-farms-and-ranches-for-sale/pid/420763708,KS,Butler,363.0,1359000.0,3743.8,37.6646828,-96.7876856,406.2,0.0,,0.5995973865438645,939.4,1.0,,,1.0,0.6231,0.376,0.5,,"Leon, KS, 67074, Butler County",
911,0.5624,landwatch,426581535,https://www.landwatch.com/franklin-county-mississippi-recreational-property-for-sale/pid/426581535,MS,Franklin,420.0,1764000.0,4200.0,31.4962377,-91.166785,111.6,0.996159727306579,210.8,1.0,3903.7,1.0,,,1.0,0.7244,0.3,0.5,,"Roxie, MS, 39661, Franklin County",
912,0.5618,landwatch,422304490,https://www.landwatch.com/cumberland-county-kentucky-farms-and-ranches-for-sale/pid/422304490,KY,Cumberland,367.0,1390000.0,3787.47,36.7580916,-85.3665346,190.8,0.8442734568633652,636.0,0.5211827807178084,829.7,1.0,3477.6,,1.0,0.6302,0.3688,0.5,,"Burkesville, KY, 42717, Cumberland County",
913,0.5618,landandfarm,37641290,https://www.landandfarm.com/property/breathtaking-384-acres-protected-natural-beauty-in-conservation-easement-37641290/,TN,Grundy,383.0,1500000.0,3916.45,35.2507327,-85.7442527,558.4,1.0,195.7,1.0,8830.0,0.700997952346471,2222.6,,1.0,0.6587,0.3473,0.5,,"Tracy City, TN, 37387",
914,0.561,landwatch,424721526,https://www.landwatch.com/boone-county-arkansas-homes-for-sale/pid/424721526,AR,Boone,360.0,1350000.0,3750.0,36.2382913,-93.1068199,338.6,0.5539582955394307,1448.9,1.0,2285.2,0.12236339403334577,718.1,,1.0,0.6178,0.375,0.5,,"Harrison, AR, 72601, Boone County",
915,0.5609,landwatch,423484367,https://www.landwatch.com/crenshaw-county-alabama-recreational-property-for-sale/pid/423484367,AL,Crenshaw,353.0,1304335.0,3695.0,31.9386561,-86.3275844,145.2,1.0,194.1,0.5639020403236269,889.5,0.23328584106657296,1006.5,,1.0,0.6053,0.3842,0.5,,"Highland Home, AL, 36041, Crenshaw County",
916,0.5609,landwatch,423304211,https://www.landwatch.com/eastland-county-texas-farms-and-ranches-for-sale/pid/423304211,TX,Eastland,504.0,2471264.0,4903.3,32.110917,-98.9645779,512.5,0.26733873657599894,2251.5,1.0,6155.0,1.0,,,1.0,0.8738,0.1828,0.5,,"Rising Star, TX, 76471, Eastland County",
917,0.5607,landwatch,422994368,https://www.landwatch.com/stevens-county-washington-farms-and-ranches-for-sale/pid/422994368,WA,Stevens,442.0,1950000.0,4411.76,48.9262442,-117.7966078,492.0,0.0,,1.0,20803.2,1.0,,,1.0,0.7636,0.2647,0.5,,"Northport, WA, 99157, Stevens County",
918,0.5607,landwatch,425538798,https://www.landwatch.com/halifax-county-north-carolina-recreational-property-for-sale/pid/425538798,NC,Halifax,385.0,1523066.0,3956.02,36.4652084,-77.8918309,89.3,1.0,194.7,1.0,1601.4,0.6723300256733633,2148.1,,1.0,0.6622,0.3407,0.5,,"Littleton, NC, 27850, Halifax County",
919,0.5607,landwatch,424325590,https://www.landwatch.com/maries-county-missouri-recreational-property-for-sale/pid/424325590,MO,Maries,403.0,1652400.0,4100.25,38.1942233,-91.9313726,217.7,0.24218279823820843,2321.9,1.0,5379.4,0.23768756934349292,1018.0,,1.0,0.6942,0.3166,0.5,,"Vienna, MO, 65582, Maries County",
920,0.5595,landwatch,421555067,https://www.landwatch.com/amite-county-mississippi-recreational-property-for-sale/pid/421555067,MS,Amite,375.0,1462500.0,3900.0,31.2160534,-90.9845211,115.6,0.8240432027132741,692.7,1.0,1502.8,0.7487604665697444,2346.8,,1.0,0.6444,0.35,0.5,,"Gloster, MS, 39638, Amite County",
921,0.559,landwatch,426044043,https://www.landwatch.com/washington-county-alabama-recreational-property-for-sale/pid/426044043,AL,Washington,505.0,2499995.0,4950.49,31.27765,-88.295953,62.0,0.6772922381047002,1103.6,1.0,,0.9830432301427172,2955.9,,1.0,0.8756,0.1749,0.5,,"Fruitdale, AL, 36529, Washington County",
922,0.5588,landwatch,425910887,https://www.landwatch.com/lunenburg-county-virginia-recreational-property-for-sale/pid/425910887,VA,Lunenburg,834.0,3000000.0,3597.12,37.5498891,-78.442159,189.4,0.7240283694697819,972.7,1.0,,0.582974599464729,1915.7,,1.0,0.574,0.4005,0.5,,"Keysville, VA, 23936, Lunenburg County",
923,0.5587,landandfarm,40870609,https://www.landandfarm.com/property/single-family-national-millboro-va-40870609/,VA,Bath,790.0,3000000.0,3797.47,38.0073532,-79.6343642,426.7,0.5601442130614143,1431.6,1.0,2316.1,1.0,,,1.0,0.6178,0.3671,0.5,,"Millboro, VA, 24460",
924,0.5583,landandfarm,40830865,https://www.landandfarm.com/property/leflore-400-40830865/,MS,Leflore,400.0,1650000.0,4125.0,33.4104104,-90.2017043,37.3,0.0,3122.5,1.0,7859.6,0.9414916657847682,2847.9,,1.0,0.6889,0.3125,0.5,,"Sidon, MS, 38954",
925,0.5572,landwatch,426556378,https://www.landwatch.com/barry-county-missouri-recreational-property-for-sale/pid/426556378,MO,Barry,444.0,1998000.0,4500.0,36.6733878,-93.9493878,467.6,0.5802567909813374,1375.3,1.0,2192.7,0.18284421297602704,875.4,,1.0,0.7671,0.25,0.5,,"Exeter, MO, 65647, Barry County",
926,0.5563,landwatch,426518816,https://www.landwatch.com/jefferson-county-mississippi-recreational-property-for-sale/pid/426518816,MS,Jefferson,428.0,1880000.0,4392.52,31.8705012,-91.0561757,90.5,0.5820934523763821,1370.1,1.0,1757.8,1.0,,,1.0,0.7387,0.2679,0.5,,"Fayette, MS, 39096, Jefferson County",
927,0.5561,landwatch,425609452,https://www.landwatch.com/lowndes-county-alabama-recreational-property-for-sale/pid/425609452,AL,Lowndes,827.0,2995000.0,3621.52,32.1813668,-86.6500141,51.9,0.09240113196923938,2741.3,0.28107989214753204,493.5,1.0,,,1.0,0.5668,0.3964,0.5,,"Gordonville, AL, 36040, Lowndes County",
928,0.556,landwatch,426518817,https://www.landwatch.com/jefferson-county-mississippi-recreational-property-for-sale/pid/426518817,MS,Jefferson,453.0,2083000.0,4598.23,31.8705012,-91.0561757,90.5,0.5820934523763821,1370.1,1.0,1757.8,1.0,,,1.0,0.7831,0.2336,0.5,,"Lorman, MS, 39096, Jefferson County",
929,0.555,landwatch,426532126,https://www.landwatch.com/cloud-county-kansas-farms-and-ranches-for-sale/pid/426532126,KS,Cloud,388.0,1590800.0,4100.0,39.3158556,-97.5208524,444.6,0.5298527588839013,1516.4,1.0,1756.5,1.0,,,1.0,0.6676,0.3167,0.5,,"Miltonvale, KS 67466",
930,0.5544,landwatch,426655350,https://www.landwatch.com/barbour-county-alabama-farms-and-ranches-for-sale/pid/426655350,AL,Barbour,374.0,1496000.0,4000.0,31.8816082,-85.1674688,72.1,0.883633832065146,525.8,0.15662321751108632,319.3,0.10681815571559333,677.7,,1.0,0.6427,0.3333,0.5,,"Eufaula, AL, 36027, Barbour County",
931,0.5531,landwatch,426088875,https://www.landwatch.com/henry-county-kentucky-undeveloped-land-for-sale/pid/426088875,KY,Henry,414.0,1800000.0,4347.83,38.3617123,-85.179521,268.8,0.8306052125945865,674.3,1.0,1537.8,0.5388941198835857,1801.1,,1.0,0.7138,0.2754,0.5,,"Eminence, KY, 40019, Henry County",
932,0.553,landwatch,425140177,https://www.landwatch.com/presque-isle-county-michigan-timberland-property-for-sale/pid/425140177,MI,Presque Isle,373.0,1500000.0,4021.45,45.4154371,-83.8378572,199.1,0.5045348299655288,1587.3,1.0,2208.4,0.0,290.7,,1.0,0.6409,0.3298,0.5,,"Rogers City, MI, 49779, Presque Isle County",
933,0.5529,landwatch,423348004,https://www.landwatch.com/laurel-county-kentucky-recreational-property-for-sale/pid/423348004,KY,Laurel,370.0,1480000.0,4000.0,37.2316749,-84.1263465,314.3,0.9644949952432599,299.4,1.0,4127.7,1.0,,,1.0,0.6356,0.3333,0.5,,"East Bernstadt, KY, 40729, Laurel County",
934,0.5519,landwatch,418635623,https://www.landwatch.com/harney-county-oregon-farms-and-ranches-for-sale/pid/418635623,OR,Harney,454.0,2130000.0,4691.63,43.5454322,-119.1447476,1375.4,0.0,,1.0,2598.8,1.0,3202.6,,1.0,0.7849,0.2181,0.5,,"Burns, OR, 97720, Harney County",
935,0.5504,landsearch,5245753,https://www.landsearch.com/properties/1-highway-3-lambert-ms-38643/5245753,MS,Quitman,522.0,2750000.0,5268.2,33.9970864,-90.0331579,57.7,0.7254666365697291,968.7,1.0,,0.5229771523538891,1759.7,,1.0,0.9058,0.122,0.5,,"Lambert, MS 38643",
936,0.55,landwatch,425177345,https://www.landwatch.com/howard-county-nebraska-farms-and-ranches-for-sale/pid/425177345,NE,Howard,350.0,1365000.0,3900.0,41.2139921,-98.4578427,552.0,0.1558056339231395,2563.7,1.0,1589.9,0.21072261760796773,947.9,,1.0,0.6,0.35,0.5,,"Saint Paul, NE, 68873, Howard County",
937,0.5492,landwatch,426517928,https://www.landwatch.com/hughes-county-oklahoma-farms-and-ranches-for-sale/pid/426517928,OK,Hughes,488.0,2450000.0,5020.49,34.9674009,-96.2489844,226.6,0.6889102335691826,1071.1,1.0,13129.7,0.24262317238635214,1030.8,,1.0,0.8453,0.1633,0.5,,"Calvin, OK, 74531, Hughes County",
938,0.5489,landwatch,425974804,https://www.landwatch.com/hopkins-county-kentucky-farms-and-ranches-for-sale/pid/425974804,KY,Hopkins,354.0,1400000.0,3954.8,37.1894005,-87.6876311,145.6,0.6858710673992737,1079.6,0.3256802123614846,556.0,0.5409459139960896,1806.5,,1.0,0.6071,0.3409,0.5,,"Dawson Springs, KY, 42408, Hopkins County",
939,0.5488,landwatch,424061909,https://www.landwatch.com/columbus-county-north-carolina-recreational-property-for-sale/pid/424061909,NC,Columbus,396.0,1700000.0,4292.93,34.3083871,-78.7174479,24.3,0.742951868649186,919.7,0.6412305102720545,997.7,0.0,296.1,,1.0,0.6818,0.2845,0.5,,"Whiteville, NC, 28472, Columbus County",
940,0.5475,landwatch,333032750,https://www.landwatch.com/calcasieu-parish-louisiana-timberland-property-for-sale/pid/333032750,LA,,356.0,1424000.0,4000.0,30.6972412,-88.1892334,48.1,0.9436291839315761,357.8,0.497905671613488,797.1,0.2356938844541624,1012.8,,1.0,0.6107,0.3333,0.5,,"Starks, LA, 70606",
941,0.5471,landwatch,426029946,https://www.landwatch.com/atoka-county-oklahoma-farms-and-ranches-for-sale/pid/426029946,OK,Atoka,480.0,2400000.0,5000.0,34.3540904,-96.1278585,200.2,0.4968307170960522,1608.9,0.7175927687351433,1104.6,0.7629602631367591,2383.7,,1.0,0.8311,0.1667,0.5,,"Atoka, OK, 74525, Atoka County",
942,0.547,landandfarm,39623965,https://www.landandfarm.com/property/exceptional-420-acre-irrigated-farm-ranch-39623965/,TX,Gaines,420.0,1900000.0,4523.81,32.7185095,-102.6560425,1015.6,0.0,,0.5592821440504331,883.0,0.0,167.9,,1.0,0.7244,0.246,0.5,,"Seminole, TX, 79360",
943,0.5454,landwatch,423139623,https://www.landwatch.com/leflore-county-mississippi-farms-and-ranches-for-sale/pid/423139623,MS,Leflore,443.0,2100000.0,4740.41,33.5159478,-89.9164777,66.3,0.8357477415038796,659.9,1.0,2336.1,0.9907936194904342,2976.1,,1.0,0.7653,0.2099,0.5,,"Avalon, MS, 38917, Leflore County",
944,0.5452,landandfarm,39523116,https://www.landandfarm.com/property/475-ac-land-for-sale-ga-hwy-252-tract-camden-county-ga-39523116/,GA,Camden,475.0,2375000.0,5000.0,31.0199952,-81.7913378,1.4,0.28181194132230336,2210.9,1.0,4373.7,0.4989368202358627,1697.2,,1.0,0.8222,0.1667,0.5,,"White Oak, GA, 31568",
945,0.5433,landwatch,423683945,https://www.landwatch.com/jefferson-davis-parish-louisiana-recreational-property-for-sale/pid/423683945,LA,,470.0,2350000.0,5000.0,30.2424327,-92.8246136,5.7,0.0,,0.7312587005243635,1123.8,0.11260516533172134,692.8,,1.0,0.8133,0.1667,0.5,,"Welsh, LA, 70591",
946,0.5433,landwatch,425929415,https://www.landwatch.com/macon-county-georgia-farms-and-ranches-for-sale/pid/425929415,GA,Macon,407.0,1830366.0,4497.21,32.1913979,-84.1410578,128.7,1.0,194.5,0.2592995010923488,463.0,0.9870843442754328,2966.4,,1.0,0.7013,0.2505,0.5,,"Andersonville, GA, 31711, Macon County",
947,0.5432,landwatch,423995076,https://www.landwatch.com/jefferson-county-ohio-farms-and-ranches-for-sale/pid/423995076,OH,Jefferson,464.0,2299000.0,4954.74,40.2054327,-80.7172056,341.2,0.9823087059225115,249.5,0.05,127.7,1.0,,,1.0,0.8027,0.1742,0.5,,"Rayland, OH, 43943, Jefferson County",
948,0.5426,landwatch,426001031,https://www.landwatch.com/montgomery-county-kansas-farms-and-ranches-for-sale/pid/426001031,KS,Montgomery,486.0,2500000.0,5144.03,37.1595062,-95.6384067,237.8,0.05452529034559739,2847.3,0.25475958197023785,456.7,1.0,,,1.0,0.8418,0.1427,0.5,,"Liberty, KS, 67351, Montgomery County",
949,0.5422,landsearch,5169533,https://www.landsearch.com/properties/21924-e-425th-ave-flat-rock-il-62427/5169533,IL,Crawford,502.0,2650000.0,5278.88,38.8849391,-87.6717774,141.2,0.7874393968182412,795.2,0.7018432410315256,1082.6,0.2309037454503796,1000.3,,1.0,0.8702,0.1202,0.5,,"Flat Rock, IL 62427",
950,0.5421,landwatch,420116019,https://www.landwatch.com/mcpherson-county-kansas-farms-and-ranches-for-sale/pid/420116019,KS,Mcpherson,460.0,2275000.0,4945.65,38.5773534,-97.9073952,430.4,0.1455606631230838,2592.4,1.0,,1.0,,,1.0,0.7956,0.1757,0.5,,"Marquette, KS, 67464, McPherson County",
951,0.5421,landwatch,416422064,https://www.landwatch.com/wayne-county-missouri-recreational-property-for-sale/pid/416422064,MO,Wayne,525.0,2870000.0,5466.67,37.3339366,-90.5071885,176.0,0.5335980984819204,1505.9,1.0,,1.0,,,1.0,0.9111,0.0889,0.5,,"Des Arc, MO, 63636, Wayne County",
952,0.5421,landandfarm,40736471,https://www.landandfarm.com/property/375-acre-hunting-and-recreational-land-in-madison-county-ar-40736471/,AR,Madison,375.0,1600000.0,4266.67,36.0139054,-93.9976113,379.5,0.5600197342345526,1431.9,1.0,4668.1,1.0,,,1.0,0.6444,0.2889,0.5,,"Elkins, AR, 72727",
953,0.5419,landwatch,426593319,https://www.landwatch.com/love-county-oklahoma-farms-and-ranches-for-sale/pid/426593319,OK,Love,360.0,1494000.0,4150.0,34.1607803,-97.4247376,285.1,0.0,,1.0,10893.8,1.0,,,1.0,0.6178,0.3083,0.5,,"Wilson, OK, 73463, Love County",
954,0.5414,landsearch,5239223,https://www.landsearch.com/properties/113th-st-barnard-sd-57426/5239223,SD,Brown,478.0,2440000.0,5104.6,45.733136,-98.500075,422.8,0.0,,1.0,1782.4,1.0,,,1.0,0.8276,0.1492,0.5,,"Barnard, SD 57426",
955,0.5406,landwatch,426492699,https://www.landwatch.com/saline-county-illinois-recreational-property-for-sale/pid/426492699,IL,Saline,436.0,2086000.0,4784.4,37.72949,-88.5332315,110.4,1.0,186.3,1.0,,0.0,396.7,,1.0,0.7529,0.2026,0.5,,"Ledford, IL, 62946, Saline County",
956,0.5405,landwatch,424980566,https://www.landwatch.com/craig-county-oklahoma-farms-and-ranches-for-sale/pid/424980566,OK,Craig,400.0,1800000.0,4500.0,36.8098143,-94.9599335,243.5,0.17279238952231368,2516.2,1.0,7757.7,1.0,,,1.0,0.6889,0.25,0.5,,"Bluejacket, OK, 74333, Craig County",
957,0.5398,landwatch,425762273,https://www.landwatch.com/somerset-county-pennsylvania-lakefront-property-for-sale/pid/425762273,PA,Somerset,525.0,2895000.0,5514.29,39.8675601,-78.8370245,627.9,0.7581137702751104,877.3,1.0,55033.1,1.0,3232.1,,1.0,0.9111,0.081,0.5,,"Fairhope, PA, 15538, Somerset County",
958,0.5397,landwatch,422292480,https://www.landwatch.com/powell-county-kentucky-recreational-property-for-sale/pid/422292480,KY,Powell,528.0,2925000.0,5539.77,37.8406761,-83.8313792,238.7,0.840752545119464,645.9,0.16594896933920605,332.3,0.7493150899760671,2348.2,,1.0,0.9164,0.0767,0.5,,"Stanton, KY, 40380, Powell County",
959,0.5388,landwatch,425833851,https://www.landwatch.com/cumberland-county-virginia-recreational-property-for-sale/pid/425833851,VA,Cumberland,368.0,1575000.0,4279.89,37.5037841,-78.2377449,141.4,0.49799930983337093,1605.6,1.0,,1.0,,,1.0,0.632,0.2867,0.5,,"Cumberland, VA, 23040, Cumberland County",
960,0.538,landwatch,426493509,https://www.landwatch.com/talbot-county-georgia-recreational-property-for-sale/pid/426493509,GA,Talbot,366.0,1566600.0,4280.33,32.7129065,-84.5018599,200.2,0.6906716966890778,1066.1,1.0,,1.0,,,1.0,0.6284,0.2866,0.5,,"Talbotton, GA, 31827, Talbot County",
961,0.5376,landwatch,425183762,https://www.landwatch.com/roane-county-tennessee-recreational-property-for-sale/pid/425183762,TN,Roane,396.0,1793050.0,4527.9,35.8481763,-84.5062133,240.0,0.6239787984287762,1252.9,0.8432807841916962,1280.6,0.47299141362247865,1629.8,,1.0,0.6818,0.2453,0.5,,"Kingston, TN, 37763, Roane County",
962,0.5372,landwatch,421611609,https://www.landwatch.com/rock-county-nebraska-farms-and-ranches-for-sale/pid/421611609,NE,Rock,480.0,2500000.0,5208.33,42.5787626,-99.537779,708.9,0.0,,0.0,66.4,0.27439141535177564,1113.4,,1.0,0.8311,0.1319,0.5,,"Bassett, NE, 68714, Rock County",
963,0.5371,landwatch,424993987,https://www.landwatch.com/casey-county-kentucky-farms-and-ranches-for-sale/pid/424993987,KY,Casey,500.0,2685000.0,5370.0,37.2962448,-84.9526466,237.6,0.9163283386468961,434.3,1.0,6190.7,0.36295974178351276,1343.7,,1.0,0.8667,0.105,0.5,,"Liberty, KY, 42539, Casey County",
964,0.5368,landwatch,424033559,https://www.landwatch.com/claiborne-county-tennessee-undeveloped-land-for-sale/pid/424033559,TN,Claiborne,457.0,2300000.0,5032.82,36.4674122,-83.8411845,367.4,0.9970395938546006,208.3,0.7518874203981222,1152.6,1.0,,,1.0,0.7902,0.1612,0.5,,"Speedwell, TN, 37870, Claiborne County",
965,0.5367,landwatch,426168642,https://www.landwatch.com/bedford-county-virginia-farms-and-ranches-for-sale/pid/426168642,VA,Bedford,421.0,1999000.0,4748.22,37.4008785,-79.7087467,301.3,0.9410395376380272,365.1,0.7403030033757888,1136.4,0.858808788739444,2632.9,,1.0,0.7262,0.2086,0.5,,"Montvale, VA, 24122, Bedford County",
966,0.5365,landwatch,425697745,https://www.landwatch.com/spokane-county-washington-farms-and-ranches-for-sale/pid/425697745,WA,Spokane,369.0,1600000.0,4336.04,47.3448634,-117.5479372,726.1,0.0,,1.0,,1.0,,,1.0,0.6338,0.2773,0.5,,"Spangle, WA, 99031, Spokane County",
967,0.5363,landwatch,425401992,https://www.landwatch.com/montgomery-county-kansas-farms-and-ranches-for-sale/pid/425401992,KS,Montgomery,389.0,1749999.0,4498.71,37.0413923,-95.6220092,225.7,0.21521411063909712,2397.4,0.09339009405218493,230.7,0.2501294252601979,1050.3,,1.0,0.6693,0.2502,0.5,,"Coffeyville, KS, 67337, Montgomery County",
968,0.5361,landwatch,426661281,https://www.landwatch.com/warren-county-kentucky-farms-and-ranches-for-sale/pid/426661281,KY,Warren,444.0,2195000.0,4943.69,37.0075189,-86.4538977,141.5,0.8321017839731106,670.1,0.0838004012659027,217.3,0.0,203.5,,1.0,0.7671,0.1761,0.5,,"Bowling Green, KY, 42101, Warren County",
969,0.535,landwatch,424776238,https://www.landwatch.com/real-county-texas-farms-and-ranches-for-sale/pid/424776238,TX,Real,477.0,2495000.0,5230.61,30.0326,-100.1173438,626.2,0.0,,1.0,4278.9,1.0,,,1.0,0.8258,0.1282,0.5,,"Rocksprings, TX, 78880, Real County",
970,0.5342,landwatch,425872109,https://www.landwatch.com/dallas-county-missouri-farms-and-ranches-for-sale/pid/425872109,MO,Dallas,352.0,1495000.0,4247.16,37.727891,-92.9353409,324.7,0.0,,1.0,,1.0,,,1.0,0.6036,0.2921,0.5,,"Windyville, MO, 65783, Dallas County",
971,0.5338,landwatch,422710168,https://www.landwatch.com/hamilton-county-florida-undeveloped-land-for-sale/pid/422710168,FL,Hamilton,373.0,1650000.0,4423.59,30.5011654,-82.9856298,25.2,0.9370419069028725,376.3,0.2321927710118246,425.1,0.7386226280666637,2320.4,,1.0,0.6409,0.2627,0.5,,"Jasper, FL, 32052, Hamilton County",
972,0.5333,landwatch,423840293,https://www.landwatch.com/butler-county-kansas-farms-and-ranches-for-sale/pid/423840293,KS,Butler,391.0,1790000.0,4578.01,37.6646828,-96.7876856,406.2,0.0,,0.5995973865438645,939.4,1.0,,,1.0,0.6729,0.237,0.5,,"Leon, KS, 67074, Butler County",
973,0.5323,landwatch,425426957,https://www.landwatch.com/edgecombe-county-north-carolina-undeveloped-land-for-sale/pid/425426957,NC,Edgecombe,404.0,1900210.0,4703.49,35.8967646,-77.5394906,15.1,1.0,199.4,0.351578046027237,592.2,0.055313953293499044,543.8,,1.0,0.696,0.2161,0.5,,"Tarboro, NC, 27886, Edgecombe County",
974,0.532,landwatch,425115285,https://www.landwatch.com/montgomery-county-kansas-farms-and-ranches-for-sale/pid/425115285,KS,Montgomery,354.0,1525386.0,4309.0,37.2851045,-95.9216656,251.1,0.746469812938871,909.9,0.5487551533185251,868.3,0.33462815102736554,1270.0,,1.0,0.6071,0.2818,0.5,,"Elk City, KS, 67344, Montgomery County",
975,0.531,landwatch,425766953,https://www.landwatch.com/scotts-bluff-county-nebraska-farms-and-ranches-for-sale/pid/425766953,NE,Scotts Bluff,375.0,1687500.0,4500.0,41.2085613,-96.0870996,354.0,0.8107802601594029,729.8,0.17256152752583998,341.6,0.05,483.2,,1.0,0.6444,0.25,0.5,,"Minatare, NE, 69356, Scotts Bluff County",
976,0.5309,landwatch,426263602,https://www.landwatch.com/carroll-county-mississippi-recreational-property-for-sale/pid/426263602,MS,Carroll,427.0,2100000.0,4918.03,33.379285,-90.000254,110.0,0.6202251320157188,1263.4,1.0,6637.9,0.25824718763155324,1071.4,,1.0,0.7369,0.1803,0.5,,"Carrollton, MS, 38923, Carroll County",
977,0.5305,landwatch,424553951,https://www.landwatch.com/vernon-county-missouri-farms-and-ranches-for-sale/pid/424553951,MO,Vernon,353.0,1530000.0,4334.28,37.6948777,-94.4623891,277.3,0.28309748367004917,2207.3,1.0,,1.0,,,1.0,0.6053,0.2776,0.5,,"Bronaugh, MO, 64728, Vernon County",
978,0.5303,landwatch,425857616,https://www.landwatch.com/oscoda-county-michigan-commercial-property-for-sale/pid/425857616,MI,Oscoda,376.0,1700000.0,4521.28,44.8663877,-84.2913408,379.1,0.0,3086.2,0.0,6.4,0.6063654072894299,1976.6,,1.0,0.6462,0.2465,0.5,,"Lewiston, MI, 49756, Oscoda County",
979,0.5299,landwatch,426205698,https://www.landwatch.com/east-baton-rouge-parish-louisiana-recreational-property-for-sale/pid/426205698,LA,,435.0,2175800.0,5001.84,30.2629608,-91.0971363,4.8,0.20079079139395628,2437.8,0.05,124.5,0.05,445.4,,1.0,0.7511,0.1664,0.5,,"Saint Gabriel, LA, 70776",
980,0.5298,landwatch,425515880,https://www.landwatch.com/stewart-county-tennessee-farms-and-ranches-for-sale/pid/425515880,TN,Stewart,395.0,1849999.0,4683.54,36.3478192,-87.7818082,202.9,1.0,196.4,0.9350479886065728,1409.1,1.0,,,1.0,0.68,0.2194,0.5,,"Tennessee Ridge, TN, 37178, Stewart County",
981,0.5281,landsearch,5023643,https://www.landsearch.com/properties/886-mound-rd-cuthbert-ga-39840/5023643,GA,Randolph,515.0,2925000.0,5679.61,31.7728988,-84.799195,142.5,0.9384025745413416,372.5,1.0,65077.5,0.0,249.1,,1.0,0.8933,0.0534,0.5,,"Cuthbert, GA 39840",
982,0.5281,landwatch,426220600,https://www.landwatch.com/stewart-county-georgia-timberland-property-for-sale/pid/426220600,GA,Stewart,367.0,1650000.0,4495.91,32.0872777,-84.6618949,173.6,0.792920133407983,779.8,1.0,33349.9,0.4109938122341578,1468.6,,1.0,0.6302,0.2507,0.5,,"Richland, GA, 31825, Stewart County",
983,0.5281,landwatch,423125995,https://www.landwatch.com/tripp-county-south-dakota-farms-and-ranches-for-sale/pid/423125995,SD,Tripp,455.0,2366000.0,5200.0,43.3716293,-99.8497622,613.6,0.0,,0.7903687688506906,1206.5,0.24121441174339653,1027.2,,1.0,0.7867,0.1333,0.5,,"Winner, SD, 57580, Tripp County",
984,0.5271,landwatch,421725032,https://www.landwatch.com/deuel-county-south-dakota-farms-and-ranches-for-sale/pid/421725032,SD,Deuel,515.0,3000000.0,5825.24,44.7537529,-96.6840488,555.4,0.5966978105969785,1329.2,1.0,3089.3,0.11894736429718561,709.3,,1.0,0.8933,0.05,0.5,,"Clear Lake, SD, 57226, Deuel County",
985,0.527,landwatch,424078237,https://www.landwatch.com/madison-county-florida-undeveloped-land-for-sale/pid/424078237,FL,Madison,440.0,2245000.0,5102.27,29.9821587,-84.3875418,1.9,0.8482558045241758,624.9,1.0,,1.0,,,1.0,0.76,0.1496,0.5,,"Greenville, FL, 32346, Madison County",
986,0.5255,landwatch,426299087,https://www.landwatch.com/anderson-county-kansas-farms-and-ranches-for-sale/pid/426299087,KS,Anderson,360.0,1617930.0,4494.25,38.1927519,-95.33477,322.4,0.5775999490043674,1382.7,1.0,,1.0,,,1.0,0.6178,0.251,0.5,,"Welda, KS, 66091, Anderson County",
987,0.5252,landwatch,425275521,https://www.landwatch.com/hardeman-county-tennessee-farms-and-ranches-for-sale/pid/425275521,TN,Hardeman,485.0,2667500.0,5500.0,35.2537783,-88.9880673,130.5,0.7999258963271721,760.2,1.0,2057.2,0.48342120125010735,1656.9,,1.0,0.84,0.0833,0.5,,"Bolivar, TN, 38008, Hardeman County",
988,0.5252,landsearch,5142687,https://www.landsearch.com/properties/haskell-street-rd-elmore-city-ok-73433/5142687,OK,Garvin,359.0,1612751.0,4492.34,34.6237987,-97.4090821,288.4,0.0,,1.0,1708.8,1.0,,,1.0,0.616,0.2513,0.5,,"Elmore City, OK 73433",
989,0.5249,landwatch,426151691,https://www.landwatch.com/saint-francis-county-arkansas-recreational-property-for-sale/pid/426151691,AR,Saint Francis,434.0,2212600.0,5098.16,35.025488,-90.68411,61.5,0.7476169346700803,906.7,0.8082878458009431,1231.6,0.8825740013446968,2694.7,,1.0,0.7493,0.1503,0.5,,"Forrest City, AR, 72336, Saint Francis County",
990,0.5243,landsearch,5139952,https://www.landsearch.com/properties/n-s-pearson-rd-richland-ms-39218/5139952,MS,Rankin,420.0,2100000.0,5000.0,32.2194257,-90.1559436,87.4,0.37212548382737354,1958.0,1.0,2089.9,0.783498776662521,2437.1,,1.0,0.7244,0.1667,0.5,,"Richland, MS 39218",
991,0.524,landwatch,418866556,https://www.landwatch.com/tift-county-georgia-farms-and-ranches-for-sale/pid/418866556,GA,Tift,486.0,2690000.0,5534.98,31.455562,-83.50118,107.7,0.6918842852626376,1062.7,0.8835788021388616,1337.0,0.17277544847541793,849.2,,1.0,0.8418,0.0775,0.5,,"Tifton, GA, 31794, Tift County",
992,0.5215,landwatch,426234696,https://www.landwatch.com/wilkes-county-north-carolina-undeveloped-land-for-sale/pid/426234696,NC,Wilkes,405.0,2000000.0,4938.27,36.202125,-81.3383881,396.2,1.0,197.4,1.0,7860.1,1.0,3641.5,,1.0,0.6978,0.177,0.5,,"Purlear, NC, 28665, Wilkes County",
993,0.5214,landwatch,425500204,https://www.landwatch.com/avoyelles-parish-louisiana-recreational-property-for-sale/pid/425500204,LA,,375.0,1762500.0,4700.0,31.1398858,-92.0842468,22.8,0.0,,1.0,4045.9,0.0,311.4,,1.0,0.6444,0.2167,0.5,,"Marksville, LA, 71351",
994,0.5207,landwatch,338532221,https://www.landwatch.com/okanogan-county-washington-farms-and-ranches-for-sale/pid/338532221,WA,Okanogan,431.0,2225000.0,5162.41,48.140121,-120.019759,391.7,0.0,,1.0,,1.0,,,1.0,0.744,0.1396,0.5,,"Methow, WA, 98834, Okanogan County",
995,0.5198,landwatch,413160614,https://www.landwatch.com/okanogan-county-washington-farms-and-ranches-for-sale/pid/413160614,WA,Okanogan,430.0,2225000.0,5174.42,48.140121,-120.019759,391.7,0.0,,1.0,,1.0,,,1.0,0.7422,0.1376,0.5,,"Methow, WA, 98834, Okanogan County",
996,0.5195,landwatch,425337354,https://www.landwatch.com/hughes-county-oklahoma-recreational-property-for-sale/pid/425337354,OK,Hughes,470.0,2585000.0,5500.0,35.0858355,-96.3960696,268.8,0.0,,0.5586437709685562,882.1,0.28123708931089497,1131.2,,1.0,0.8133,0.0833,0.5,,"Holdenville, OK, 74848, Hughes County",
997,0.5195,landandfarm,31289108,https://www.landandfarm.com/property/the-shook-land-31289108/,AL,Barbour,495.0,2970000.0,6000.0,31.8816082,-85.1674688,72.1,0.883633832065146,525.8,0.15662321751108632,319.3,0.10681815571559333,677.7,,1.0,0.8578,0.05,0.5,,"Springhill, AL, 36027",
998,0.5193,landwatch,417499684,https://www.landwatch.com/westmoreland-county-virginia-farms-and-ranches-for-sale/pid/417499684,VA,Westmoreland,426.0,2195000.0,5152.58,38.0993882,-76.6365272,5.6,0.7942489291337889,776.1,1.0,,1.0,,,1.0,0.7351,0.1412,0.5,,"Hague, VA, 22469, Westmoreland County",
999,0.519,landwatch,423757392,https://www.landwatch.com/jackson-county-florida-farms-and-ranches-for-sale/pid/423757392,FL,Jackson,351.0,1600000.0,4558.4,30.7927241,-85.2083811,27.0,0.687736077160396,1074.3,0.9663353082890938,1452.9,0.6907470642259664,2195.9,,1.0,0.6018,0.2403,0.5,,"Marianna, FL, 32446, Jackson County",
1000,0.5179,landwatch,423545645,https://www.landwatch.com/harney-county-oregon-farms-and-ranches-for-sale/pid/423545645,OR,Harney,459.0,2500000.0,5446.62,42.8942736,-118.7142901,1710.8,0.0,,1.0,113718.2,1.0,,,1.0,0.7938,0.0922,0.5,,"Princeton, OR, 97721, Harney County",
1001,0.5177,landwatch,426698345,https://www.landwatch.com/douglas-county-missouri-farms-and-ranches-for-sale/pid/426698345,MO,Douglas,376.0,1800000.0,4787.23,36.792155,-92.323624,284.2,0.699452944656471,1041.5,1.0,,1.0,,,1.0,0.6462,0.2021,0.5,,"Drury, MO, 65638, Douglas County",
1002,0.5168,landwatch,421974921,https://www.landwatch.com/grundy-county-tennessee-farms-and-ranches-for-sale/pid/421974921,TN,Grundy,400.0,1999000.0,4997.5,35.3532951,-85.8389954,307.5,0.9906865471521502,226.1,1.0,3792.0,1.0,,,1.0,0.6889,0.1671,0.5,,"Altamont, TN, 37301, Grundy County",
1003,0.5167,landwatch,424803506,https://www.landwatch.com/keith-county-nebraska-recreational-property-for-sale/pid/424803506,NE,Keith,395.0,1959000.0,4959.49,41.118859,-101.7171147,976.3,0.0,,1.0,1631.4,0.2324410604321051,1004.3,,1.0,0.68,0.1734,0.5,,"Ogallala, NE, 69153, Keith County",
1004,0.5158,landwatch,425014410,https://www.landwatch.com/bulloch-county-georgia-farms-and-ranches-for-sale/pid/425014410,GA,Bulloch,481.0,2725000.0,5665.28,32.3420087,-81.6265947,36.9,0.4165637238907518,1833.6,1.0,6600.5,0.2733443222261982,1110.7,,1.0,0.8329,0.0558,0.5,,"Brooklet, GA, 30415, Bulloch County",
1005,0.5138,landwatch,426353078,https://www.landwatch.com/choctaw-county-oklahoma-farms-and-ranches-for-sale/pid/426353078,OK,Choctaw,480.0,2775000.0,5781.25,33.907643,-96.536022,204.4,0.0,3542.9,0.2730174500851494,482.2,1.0,,,1.0,0.8311,0.05,0.5,,"Fort Towson, OK, 74753, Choctaw County",
1006,0.5136,landwatch,425393990,https://www.landwatch.com/holmes-county-mississippi-farms-and-ranches-for-sale/pid/425393990,MS,Holmes,427.0,2255000.0,5281.03,33.3053285,-90.2152011,34.0,0.6711489621372739,1120.8,1.0,7310.5,1.0,,,1.0,0.7369,0.1198,0.5,,"Cruger, MS, 38924, Holmes County",
1007,0.5133,landwatch,419173562,https://www.landwatch.com/saginaw-county-michigan-farms-and-ranches-for-sale/pid/419173562,MI,Saginaw,464.0,2590000.0,5581.9,43.1570961,-84.4266445,200.6,0.8074437687027287,739.2,1.0,,1.0,,,1.0,0.8027,0.0697,0.5,,"Bannister, MI, 48807, Saginaw County",
1008,0.5128,landwatch,424736177,https://www.landwatch.com/rutherford-county-north-carolina-undeveloped-land-for-sale/pid/424736177,NC,Rutherford,393.0,1975000.0,5025.45,35.4294175,-81.8069163,342.7,0.8017341216956348,755.1,1.0,,1.0,,,1.0,0.6764,0.1624,0.5,,"Bostic, NC, 28018, Rutherford County",
1009,0.512,landwatch,425839892,https://www.landwatch.com/howell-county-missouri-farms-and-ranches-for-sale/pid/425839892,MO,Howell,369.0,1790000.0,4850.95,36.7237957,-91.8659659,336.8,0.5168016706391032,1553.0,0.7500703576907108,1150.1,0.0,315.3,,1.0,0.6338,0.1915,0.5,,"West Plains, MO, 65775, Howell County",
1010,0.5107,landwatch,425270817,https://www.landwatch.com/chautauqua-county-kansas-farms-and-ranches-for-sale/pid/425270817,KS,Chautauqua,400.0,2050000.0,5125.0,37.1029341,-96.4950255,282.5,0.7299567685810358,956.1,1.0,1534.9,1.0,,,1.0,0.6889,0.1458,0.5,,"Cedar Vale, KS, 67024, Chautauqua County",
1011,0.5103,landwatch,424251773,https://www.landwatch.com/presque-isle-county-michigan-homes-for-sale/pid/424251773,MI,Presque Isle,440.0,2400000.0,5454.55,45.3952421,-84.2315528,242.9,0.8838516026987463,525.2,1.0,1649.6,1.0,,,1.0,0.76,0.0909,0.5,,"Onaway, MI, 49765, Presque Isle County",
1012,0.51,landwatch,423431125,https://www.landwatch.com/oktibbeha-county-mississippi-recreational-property-for-sale/pid/423431125,MS,Oktibbeha,454.0,2530000.0,5572.69,33.4512472,-88.810635,109.2,0.7857830084066462,799.8,0.18290093489379952,356.1,0.18296481494097006,875.7,,1.0,0.7849,0.0712,0.5,,"Starkville, MS, 39759, Oktibbeha County",
1013,0.5097,landwatch,425359529,https://www.landwatch.com/custer-county-south-dakota-farms-and-ranches-for-sale/pid/425359529,SD,Custer,402.0,2075000.0,5161.69,43.351402,-103.8130876,1085.3,0.0,,1.0,2369.9,1.0,,,1.0,0.6924,0.1397,0.5,,"Custer, SD, 57735, Custer County",
1014,0.5093,landwatch,426028700,https://www.landwatch.com/autauga-county-alabama-recreational-property-for-sale/pid/426028700,AL,Autauga,367.0,1795000.0,4891.01,32.4827974,-86.4923596,110.4,0.8140721536524488,720.6,0.3349035118116953,568.9,0.7371624653018629,2316.6,,1.0,0.6302,0.1848,0.5,,"Prattville, AL, 36067, Autauga County",
1015,0.5089,landwatch,416566794,https://www.landwatch.com/baldwin-county-alabama-farms-and-ranches-for-sale/pid/416566794,AL,Baldwin,467.0,2661900.0,5700.0,30.3575243,-87.540957,16.7,0.8096742995829246,732.9,1.0,1592.3,0.8378673035348982,2578.5,,1.0,0.808,0.05,0.5,,"Elberta, AL, 36530, Baldwin County",
1016,0.5074,landwatch,425728088,https://www.landwatch.com/hamilton-county-tennessee-timberland-property-for-sale/pid/425728088,TN,Hamilton,438.0,2408120.0,5497.99,35.2508281,-85.1652338,239.6,1.0,190.5,0.2875149558340679,502.5,0.12228645510483427,717.9,,1.0,0.7564,0.0837,0.5,,"Soddy Daisy, TN, 37379, Hamilton County",
1017,0.5074,landwatch,424924434,https://www.landwatch.com/chambers-county-alabama-recreational-property-for-sale/pid/424924434,AL,Chambers,407.0,2136750.0,5250.0,33.0369702,-85.3526926,248.9,0.8785500140797483,540.1,0.7990126359163441,1218.6,0.05,411.7,,1.0,0.7013,0.125,0.5,,"Five Points, AL, 36855, Chambers County",
1018,0.5058,landsearch,5069031,https://www.landsearch.com/properties/2998-county-road-140-estillfork-al-35745/5069031,AL,Jackson,383.0,1950000.0,5091.38,34.945261,-86.1881875,533.2,0.8823704621242856,529.4,1.0,,1.0,,,1.0,0.6587,0.1514,0.5,,"Estillfork, AL 35745",
1019,0.5057,landwatch,425272498,https://www.landwatch.com/chautauqua-county-kansas-homes-for-sale/pid/425272498,KS,Chautauqua,395.0,2050000.0,5189.87,37.1029341,-96.4950255,282.5,0.7299567685810358,956.1,1.0,1534.9,1.0,,,1.0,0.68,0.135,0.5,,"Cedar Vale, KS, 67024, Chautauqua County",
1020,0.5055,landwatch,426021655,https://www.landwatch.com/wayne-county-tennessee-farms-and-ranches-for-sale/pid/426021655,TN,Wayne,351.0,1699900.0,4843.02,35.3355906,-87.7501239,248.9,0.8615167438993752,587.8,0.0,27.9,0.4615542022723717,1600.0,,1.0,0.6018,0.1928,0.5,,"Waynesboro, TN, 38485, Wayne County",
1021,0.505,landwatch,424913805,https://www.landwatch.com/lawrence-county-ohio-farms-and-ranches-for-sale/pid/424913805,OH,Lawrence,357.0,1750000.0,4901.96,38.4544893,-82.4524726,248.9,0.9669392233342985,292.6,1.0,1927.1,0.05,410.8,,1.0,0.6124,0.183,0.5,,"Chesapeake, OH, 45619, Lawrence County",
1022,0.5041,landwatch,425605266,https://www.landwatch.com/hardeman-county-tennessee-farms-and-ranches-for-sale/pid/425605266,TN,Hardeman,411.0,2200000.0,5352.8,35.0538491,-89.0211616,147.8,1.0,193.0,1.0,,1.0,,,1.0,0.7084,0.1079,0.5,,"Saulsbury, TN, 38067, Hardeman County",
1023,0.5033,landwatch,425697918,https://www.landwatch.com/walla-walla-county-washington-farms-and-ranches-for-sale/pid/425697918,WA,Walla Walla,416.0,2250000.0,5408.65,46.0643113,-118.3195856,308.1,0.0,,0.9095844178799309,1373.4,0.3438481431429082,1294.0,,1.0,0.7173,0.0986,0.5,,"Walla Walla, WA, 99362, Walla Walla County",
1024,0.5028,landwatch,425401978,https://www.landwatch.com/chickasaw-county-mississippi-farms-and-ranches-for-sale/pid/425401978,MS,Chickasaw,386.0,1999000.0,5178.76,34.0465536,-89.0369836,108.1,0.7388254540218429,931.3,1.0,,0.307651432734472,1199.9,,1.0,0.664,0.1369,0.5,,"Houlka, MS, 38850, Chickasaw County",
1025,0.5017,landwatch,424022176,https://www.landwatch.com/lewis-county-kentucky-homes-for-sale/pid/424022176,KY,Lewis,385.0,2000000.0,5194.81,38.6061714,-83.1711951,163.3,0.9245138833925834,411.4,1.0,2566.6,0.16571232728237997,830.9,,1.0,0.6622,0.1342,0.5,,"Garrison, KY, 41141, Lewis County",
1026,0.4997,landwatch,425747285,https://www.landwatch.com/union-county-illinois-farms-and-ranches-for-sale/pid/425747285,IL,Union,365.0,1852500.0,5075.34,37.4279746,-89.3105698,136.6,0.984616532690032,243.1,1.0,,1.0,,,1.0,0.6267,0.1541,0.5,,"Jonesboro, IL, 62952, Union County",
1027,0.4997,landwatch,425501815,https://www.landwatch.com/adair-county-missouri-timberland-property-for-sale/pid/425501815,MO,Adair,421.0,2326025.0,5525.0,40.187458,-92.581963,294.8,0.44725614563149185,1747.7,1.0,1876.5,0.7848510389819953,2440.6,,1.0,0.7262,0.0792,0.5,,"Kirksville, MO, 63501, Adair County",
1028,0.4994,landwatch,426698434,https://www.landwatch.com/dent-county-missouri-farms-and-ranches-for-sale/pid/426698434,MO,Dent,370.0,1895000.0,5121.62,37.6426774,-91.5369474,359.1,0.9153602316331606,437.0,1.0,3064.3,0.0,218.4,,1.0,0.6356,0.1464,0.5,,"Salem, MO, 65560, Dent County",
1029,0.499,landwatch,424220362,https://www.landwatch.com/gadsden-county-florida-undeveloped-land-for-sale/pid/424220362,FL,Gadsden,441.0,2646000.0,6000.0,30.561578,-84.6090314,69.7,0.9743695037295861,271.8,1.0,,0.5940060308465261,1944.4,,1.0,0.7618,0.05,0.5,,"Quincy, FL, 32351, Gadsden County",
1030,0.4988,landwatch,425297266,https://www.landwatch.com/lincoln-county-oklahoma-farms-and-ranches-for-sale/pid/425297266,OK,Lincoln,400.0,2150000.0,5375.0,35.7080707,-96.8644134,291.8,0.239871306616513,2328.4,0.05,112.9,0.5032012991621858,1708.3,,1.0,0.6889,0.1042,0.5,,"Chandler, OK, 74834, Lincoln County",
1031,0.4986,landwatch,423632011,https://www.landwatch.com/haywood-county-tennessee-farms-and-ranches-for-sale/pid/423632011,TN,Haywood,417.0,2300000.0,5515.59,35.4523789,-89.3684835,88.5,0.9449536722740788,354.1,1.0,4314.3,0.9458225094570749,2859.1,,1.0,0.7191,0.0807,0.5,,"Stanton, TN, 38069, Haywood County",
1032,0.4983,landwatch,425299498,https://www.landwatch.com/columbia-county-new-york-lakefront-property-for-sale/pid/425299498,NY,Columbia,367.0,1880000.0,5122.62,42.4036052,-73.4269021,318.8,1.0,121.4,1.0,,0.7354791657994088,2312.2,,1.0,0.6302,0.1462,0.5,,"Canaan, NY, 12029, Columbia County",
1033,0.4976,landwatch,421288697,https://www.landwatch.com/jefferson-county-oklahoma-farms-and-ranches-for-sale/pid/421288697,OK,Jefferson,393.0,2100000.0,5343.51,34.1779391,-97.5936374,275.0,0.43502943005990136,1781.9,0.4563151017982958,738.8,1.0,,,1.0,0.6764,0.1094,0.5,,"Ringling, OK, 73456, Jefferson County",
1034,0.497,landwatch,426270151,https://www.landwatch.com/pearl-river-county-mississippi-recreational-property-for-sale/pid/426270151,MS,Pearl River,354.0,1786266.0,5045.95,30.8006789,-89.5475541,91.4,0.8272917098592707,683.6,1.0,2612.1,1.0,,,1.0,0.6071,0.159,0.5,,"Poplarville, MS, 39470, Pearl River County",
1035,0.4967,landwatch,424305688,https://www.landwatch.com/screven-county-georgia-farms-and-ranches-for-sale/pid/424305688,GA,Screven,435.0,2523000.0,5800.0,32.7426925,-81.6351302,75.1,0.2313740065655736,2352.2,0.7185803755989264,1106.0,0.6501347199819254,2090.4,,1.0,0.7511,0.05,0.5,,"Sylvania, GA, 30467, Screven County",
1036,0.4965,landwatch,423920810,https://www.landwatch.com/crawford-county-arkansas-timberland-property-for-sale/pid/423920810,AR,Crawford,380.0,2000000.0,5263.16,35.5356167,-94.0570455,141.8,0.8863942262768374,518.1,0.46380643896427126,749.3,0.22268384092220564,979.0,,1.0,0.6533,0.1228,0.5,,"Mulberry, AR, 72947, Crawford County",
1037,0.4957,landsearch,4761702,https://www.landsearch.com/properties/snows-arena-rd-garvin-ok-74736/4761702,OK,McCurtain,378.0,1990000.0,5264.55,33.8861304,-94.8528076,146.6,0.8009999433070933,757.2,1.0,3754.3,0.21040621508139606,947.1,,1.0,0.6498,0.1226,0.5,,"Garvin, OK 74736",
1038,0.4954,landwatch,425065020,https://www.landwatch.com/texas-county-missouri-farms-and-ranches-for-sale/pid/425065020,MO,Texas,425.0,2400000.0,5647.06,37.3544447,-92.2753226,377.5,0.7013146818182155,1036.3,1.0,,1.0,,,1.0,0.7333,0.0588,0.5,,"Graff, MO, 65660, Texas County",
1039,0.4951,landwatch,425172760,https://www.landwatch.com/taylor-county-georgia-recreational-property-for-sale/pid/425172760,GA,Taylor,431.0,2585000.0,5997.68,32.414313,-84.260719,137.1,0.9450106053829395,354.0,0.8600710220478832,1304.1,1.0,,,1.0,0.744,0.05,0.5,,"Rupert, GA, 31081, Taylor County",
1040,0.4946,landwatch,422023703,https://www.landwatch.com/camden-county-georgia-recreational-property-for-sale/pid/422023703,GA,Camden,380.0,2015000.0,5302.63,31.0199952,-81.7913378,1.4,0.28181194132230336,2210.9,1.0,4373.7,0.4989368202358627,1697.2,,1.0,0.6533,0.1162,0.5,,"White Oak, GA, 31568, Camden County",
1041,0.494,landwatch,424863228,https://www.landwatch.com/henry-county-missouri-farms-and-ranches-for-sale/pid/424863228,MO,Henry,428.0,2485000.0,5806.07,38.2713334,-93.9861449,254.2,0.1521046273835629,2574.1,1.0,2700.3,1.0,,,1.0,0.7387,0.05,0.5,,"Montrose, MO, 64770, Henry County",
1042,0.4936,landwatch,420208408,https://www.landwatch.com/douglas-county-missouri-farms-and-ranches-for-sale/pid/420208408,MO,Douglas,427.0,2550000.0,5971.9,36.9333135,-92.6782829,397.4,0.534354809354737,1503.8,1.0,3618.1,0.6525260660481476,2096.6,,1.0,0.7369,0.05,0.5,,"Ava, MO, 65608, Douglas County",
1043,0.4921,landwatch,424893911,https://www.landwatch.com/hawkins-county-tennessee-undeveloped-land-for-sale/pid/424893911,TN,Hawkins,405.0,2250000.0,5555.56,36.4990748,-82.8441489,477.6,1.0,187.8,0.05,111.3,0.49952989973121975,1698.8,,1.0,0.6978,0.0741,0.5,,"Surgoinsville, TN, 37873, Hawkins County",
1044,0.4913,landwatch,423929442,https://www.landwatch.com/rusk-county-wisconsin-homes-for-sale/pid/423929442,WI,Rusk,421.0,2500000.0,5938.24,45.4920311,-90.8476429,394.0,0.6214334710106546,1260.0,1.0,20212.2,1.0,,,1.0,0.7262,0.05,0.5,,"Glen Flora, WI, 54526, Rusk County",
1045,0.4913,landwatch,426114429,https://www.landwatch.com/klamath-county-oregon-farms-and-ranches-for-sale/pid/426114429,OR,Klamath,421.0,2400000.0,5700.71,42.25092,-121.539516,1363.8,0.0,,1.0,4332.6,1.0,,,1.0,0.7262,0.05,0.5,,"Dairy, OR, 97625, Klamath County",
1046,0.491,landwatch,423367505,https://www.landwatch.com/phillips-county-arkansas-farms-and-ranches-for-sale/pid/423367505,AR,Phillips,420.0,2394000.0,5700.0,34.5576197,-90.9216756,60.5,0.0,3936.6,1.0,,1.0,,,1.0,0.7244,0.05,0.5,,"Marvell, AR, 72366, Phillips County",
1047,0.4896,landwatch,426307206,https://www.landwatch.com/monona-county-iowa-farms-and-ranches-for-sale/pid/426307206,IA,Monona,398.0,2210000.0,5552.76,42.089277,-95.920999,,0.6100813422277176,1291.8,1.0,20849.0,1.0,,,1.0,0.6853,0.0745,0.5,,"Castana, IA, 51010, Monona County",
1048,0.489,landwatch,422675990,https://www.landwatch.com/klamath-county-oregon-farms-and-ranches-for-sale/pid/422675990,OR,Klamath,415.0,2400000.0,5783.13,42.1274959,-121.9293339,1247.2,0.0,,0.14511195329097448,303.2,1.0,,,1.0,0.7156,0.05,0.5,,"Keno, OR, 97627, Klamath County",
1049,0.4856,landwatch,425196364,https://www.landwatch.com/schuyler-county-missouri-farms-and-ranches-for-sale/pid/425196364,MO,Schuyler,406.0,2354800.0,5800.0,40.4124393,-92.5663613,304.2,0.0,,0.7274052083618772,1118.4,0.05,493.1,,1.0,0.6996,0.05,0.5,,"Queen City, MO, 63561, Schuyler County",
1050,0.4852,landwatch,426258294,https://www.landwatch.com/prairie-county-arkansas-farms-and-ranches-for-sale/pid/426258294,AR,Prairie,380.0,2090000.0,5500.0,34.9758414,-91.4983069,60.8,0.8814899176664734,531.8,0.7108490377184308,1095.2,0.32012933425794754,1232.3,,1.0,0.6533,0.0833,0.5,,"Childers, AR, 72040, Prairie County",
1051,0.4845,landwatch,421752137,https://www.landwatch.com/monroe-county-arkansas-farms-and-ranches-for-sale/pid/421752137,AR,Monroe,378.0,2079000.0,5500.0,34.8961905,-91.1953757,61.3,0.7249942692309292,970.0,0.0,90.3,0.09803605468625834,654.9,,1.0,0.6498,0.0833,0.5,,"Monroe, AR, 72021, Monroe County",
1052,0.4845,landwatch,425108319,https://www.landwatch.com/jefferson-county-oregon-homes-for-sale/pid/425108319,OR,Jefferson,403.0,2375000.0,5893.3,44.6661994,-121.1143295,782.0,0.0,,0.6476970182478261,1006.8,0.0,260.7,,1.0,0.6942,0.05,0.5,,"Madras, OR, 97741, Jefferson County",
1053,0.4845,landwatch,425597120,https://www.landwatch.com/wright-county-missouri-farms-and-ranches-for-sale/pid/425597120,MO,Wright,392.0,2200000.0,5612.24,37.5379255,-92.4081761,359.3,0.549803741347979,1460.5,0.05,126.5,1.0,,,1.0,0.6747,0.0646,0.5,,"Falcon, MO, 65470, Wright County",
1054,0.4841,landwatch,424353951,https://www.landwatch.com/marathon-county-wisconsin-farms-and-ranches-for-sale/pid/424353951,WI,Marathon,402.0,2375000.0,5907.96,45.0374501,-90.0328216,405.7,0.8719685200289786,558.5,1.0,11467.7,1.0,,,1.0,0.6924,0.05,0.5,,"Athens, WI, 54411, Marathon County",
1055,0.4841,landwatch,425597622,https://www.landwatch.com/muhlenberg-county-kentucky-timberland-property-for-sale/pid/425597622,KY,Muhlenberg,402.0,2406000.0,5985.07,37.1838764,-87.1804753,152.0,0.9644679936829524,299.5,1.0,7990.7,0.4688235529198443,1618.9,,1.0,0.6924,0.05,0.5,,"Greenville, KY, 42345, Muhlenberg County",
1056,0.4837,landwatch,421570356,https://www.landwatch.com/howell-county-missouri-farms-and-ranches-for-sale/pid/421570356,MO,Howell,401.0,2400000.0,5985.04,36.5742171,-92.0626514,270.4,0.9672852240574423,291.6,0.5728733837403898,902.0,1.0,,,1.0,0.6907,0.05,0.5,,"Caulfield, MO, 65626, Howell County",
1057,0.483,landwatch,422322232,https://www.landwatch.com/gibson-county-indiana-recreational-property-for-sale/pid/422322232,IN,Gibson,375.0,2065000.0,5506.67,38.328628,-87.3261503,140.4,0.70205177380586,1034.3,0.05,124.9,1.0,,,1.0,0.6444,0.0822,0.5,,"Oakland City, IN, 47660, Gibson County",
1058,0.4829,landwatch,426431193,https://www.landwatch.com/highland-county-virginia-farms-and-ranches-for-sale/pid/426431193,VA,Highland,366.0,1990000.0,5437.16,38.2509805,-79.5226299,734.9,0.7187941795861084,987.4,1.0,4121.2,1.0,,,1.0,0.6284,0.0938,0.5,,"Williamsville, VA, 24487, Highland County",
1059,0.4826,landwatch,426438067,https://www.landwatch.com/lee-county-alabama-recreational-property-for-sale/pid/426438067,AL,Lee,373.0,2051500.0,5500.0,32.7630554,-85.2841244,198.3,1.0,190.4,0.4294628831625201,701.2,0.46310684624477605,1604.1,,1.0,0.6409,0.0833,0.5,,"Yarbrough, AL, 36852, Lee County",
1060,0.4822,landwatch,425531663,https://www.landwatch.com/twiggs-county-georgia-recreational-property-for-sale/pid/425531663,GA,Twiggs,366.0,1995000.0,5450.82,32.3887244,-83.3426428,111.9,0.19384267228119856,2457.2,0.5566878200924602,879.4,0.4886271523444285,1670.4,,1.0,0.6284,0.0915,0.5,,"Cochran, GA, 31014, Twiggs County",
1061,0.4814,landsearch,5252893,https://www.landsearch.com/properties/s-burmac-rd-burrton-ks-67020/5252893,KS,Harvey,395.0,2283340.0,5780.61,37.9904006,-97.6417371,438.1,1.0,167.7,1.0,3228.5,1.0,,,1.0,0.68,0.05,0.5,,"Burrton, KS 67020",
1062,0.4807,landwatch,426467549,https://www.landwatch.com/white-county-arkansas-farms-and-ranches-for-sale/pid/426467549,AR,White,368.0,2024000.0,5500.0,35.4486644,-91.4988832,140.7,0.4211666782918648,1820.7,1.0,4017.6,1.0,,,1.0,0.632,0.0833,0.5,,"Bradford, AR, 72020, White County",
1063,0.4791,landwatch,423556205,https://www.landwatch.com/custer-county-nebraska-farms-and-ranches-for-sale/pid/423556205,NE,Custer,389.0,2250000.0,5784.06,41.4233409,-100.1973969,825.2,0.9883626191348588,232.6,0.6500444684703718,1010.1,0.14751887161372026,783.5,,1.0,0.6693,0.05,0.5,,"Arnold, NE, 69120, Custer County",
1064,0.4786,landwatch,426430301,https://www.landwatch.com/morgan-county-ohio-recreational-property-for-sale/pid/426430301,OH,Morgan,375.0,2100000.0,5600.0,39.5659147,-81.6310406,246.0,0.5545893778091595,1447.1,0.6923327101843136,1069.3,0.6869001802374967,2185.9,,1.0,0.6444,0.0667,0.5,,"Beverly, OH, 45715, Morgan County",
1065,0.4783,landwatch,426209203,https://www.landwatch.com/thurston-county-nebraska-recreational-property-for-sale/pid/426209203,NE,Thurston,378.0,2128000.0,5629.63,42.2373471,-96.4725993,364.3,0.9607212898799328,310.0,1.0,2330.2,0.21469007563924908,958.2,,1.0,0.6498,0.0617,0.5,,"Winnebago, NE, 68071, Thurston County",
1066,0.4742,landwatch,423287816,https://www.landwatch.com/humphreys-county-mississippi-farms-and-ranches-for-sale/pid/423287816,MS,Humphreys,376.0,2180800.0,5800.0,33.2616953,-90.5971965,34.9,0.0,,1.0,14499.1,0.26605960202701234,1091.8,,1.0,0.6462,0.05,0.5,,"Isola, MS, 38754, Humphreys County",
1067,0.4738,landwatch,425906239,https://www.landwatch.com/woodruff-county-arkansas-farms-and-ranches-for-sale/pid/425906239,AR,Woodruff,375.0,2250000.0,6000.0,35.2467365,-91.3541646,59.1,0.9674895858550294,291.0,0.1975002781337447,376.5,1.0,,,1.0,0.6444,0.05,0.5,,"Augusta, AR, 72006, Woodruff County",
1068,0.4738,landwatch,422366204,https://www.landwatch.com/morgan-county-kentucky-farms-and-ranches-for-sale/pid/422366204,KY,Morgan,375.0,2250000.0,6000.0,37.9137617,-83.5213635,376.6,0.5762595884342581,1386.5,0.5735425372496733,903.0,0.8911745177274442,2717.1,,1.0,0.6444,0.05,0.5,,"Wellington, KY, 40387, Morgan County",
1069,0.4719,landwatch,425761623,https://www.landwatch.com/taney-county-missouri-undeveloped-land-for-sale/pid/425761623,MO,Taney,370.0,2220000.0,6000.0,36.6490516,-93.2510762,227.7,1.0,86.5,0.335857641199882,570.2,0.5645290590955637,1867.8,,1.0,0.6356,0.05,0.5,,"Branson, MO, 65616, Taney County",
1070,0.4708,landwatch,426716688,https://www.landwatch.com/haywood-county-tennessee-farms-and-ranches-for-sale/pid/426716688,TN,Haywood,367.0,2196000.0,5983.65,35.4523789,-89.3684835,88.5,0.9449536722740788,354.1,1.0,4314.3,0.9458225094570749,2859.1,,1.0,0.6302,0.05,0.5,,"Stanton, TN, 38069, Haywood County",
1071,0.4647,landwatch,426546893,https://www.landwatch.com/linn-county-missouri-farms-and-ranches-for-sale/pid/426546893,MO,Linn,351.0,2068755.0,5893.89,39.8044755,-92.8758415,276.9,0.3480764320830423,2025.4,1.0,4693.4,1.0,,,1.0,0.6018,0.05,0.5,,"Bucklin, MO, 64631, Linn County",
