rank,total_score,passes,source,listing_id,state,county,acres,price_usd,price_per_acre,title,url,lat,lon,score_state,score_acreage,score_price,score_water,score_access
1,0.7929,True,landsearch,5230364,IN,Jasper,240.0,1.0,0.0,"Rensselaer, IN 47978",https://www.landsearch.com/properties/3583-w-600-n-rensselaer-in-47978/5230364,,,1.0,0.867,1.0,0.5,0.5
2,0.7872,True,landwatch,425904284,MI,Berrien,245.0,66000.0,269.39,"Berrien Center, MI, 49102, Berrien County",https://www.landwatch.com/berrien-county-michigan-undeveloped-land-for-sale/pid/425904284,,,1.0,0.9,0.955,0.5,0.5
3,0.7872,True,landandfarm,40534165,MI,Berrien,245.0,66000.0,269.39,"Berrien Center, MI, 49102",https://www.landandfarm.com/property/land-berrien-center-mi-40534165/,,,1.0,0.9,0.955,0.5,0.5
4,0.7847,True,landwatch,423216758,WI,Waushara,264.0,171800.0,650.76,"Auroraville, WI, 54923, Waushara County",https://www.landwatch.com/waushara-county-wisconsin-recreational-property-for-sale/pid/423216758,,,1.0,0.973,0.892,0.5,0.5
5,0.7847,True,landandfarm,37846639,WI,Waushara,264.0,171800.0,650.76,"Auroraville, WI, 54923",https://www.landandfarm.com/property/264-acre-pond-hunting-land-37846639/,,,1.0,0.973,0.892,0.5,0.5
6,0.769,True,landwatch,422789478,MI,Chippewa,280.0,139999.0,500.0,"Trout Lake, MI, 49793, Chippewa County",https://www.landwatch.com/chippewa-county-michigan-recreational-property-for-sale/pid/422789478,,,1.0,0.867,0.917,0.5,0.5
7,0.769,True,landandfarm,37419359,MI,Chippewa,280.0,139999.0,500.0,"Trout Lake, MI, 49793",https://www.landandfarm.com/property/chippewa-county-280-acres-37419359/,,,1.0,0.867,0.917,0.5,0.5
8,0.7657,True,landsearch,5209010,NE,Wayne,299.0,1.0,0.0,"Wayne, NE 68062",https://www.landsearch.com/properties/584th-avenue-and-12th-rd-wayne-ne-68062/5209010,,,1.0,0.74,1.0,0.5,0.5
9,0.7653,True,landsearch,5121826,IA,Lee,533.0,1.0,0.0,"Montrose, IA 52639",https://www.landsearch.com/properties/239th-ave-montrose-ia-52639/5121826,,,1.0,0.738,1.0,0.5,0.5
10,0.765,True,landwatch,425527124,MN,Rock,283.0,139900.0,494.35,"Hills, MN, 56138, Rock County",https://www.landwatch.com/rock-county-minnesota-commercial-property-for-sale/pid/425527124,,,1.0,0.847,0.918,0.5,0.5
11,0.765,True,landandfarm,40157005,MN,Rock,283.0,139900.0,494.35,"Hills, MN, 56138",https://www.landandfarm.com/property/commercial-hills-mn-40157005/,,,1.0,0.847,0.918,0.5,0.5
12,0.7643,True,landwatch,426474449,MI,Ontonagon,240.0,144000.0,600.0,"Ontonagon, MI, 49953, Ontonagon County",https://www.landwatch.com/ontonagon-county-michigan-undeveloped-land-for-sale/pid/426474449,,,1.0,0.867,0.9,0.5,0.5
13,0.7643,True,landandfarm,41104330,MI,Ontonagon,240.0,144000.0,600.0,"Ontonagon, MI, 49953",https://www.landandfarm.com/property/vacant-land-ontonagon-mi-41104330/,,,1.0,0.867,0.9,0.5,0.5
14,0.7643,True,landsearch,4992826,IA,Greene,300.0,1.0,0.0,"Grand Junction, IA 50107",https://www.landsearch.com/properties/highway-44-grand-junction-ia-50107/4992826,,,1.0,0.733,1.0,0.5,0.5
15,0.7628,True,landwatch,423482951,MI,Marquette,252.0,249900.0,991.67,"Republic, MI, 49879, Marquette County",https://www.landwatch.com/marquette-county-michigan-recreational-property-for-sale/pid/423482951,,,1.0,0.947,0.835,0.5,0.5
16,0.7628,True,landwatch,420016676,MI,Marquette,252.0,249900.0,991.67,"Republic, MI, 49879, Marquette County",https://www.landwatch.com/marquette-county-michigan-undeveloped-land-for-sale/pid/420016676,,,1.0,0.947,0.835,0.5,0.5
17,0.7628,True,landandfarm,38112832,MI,Marquette,252.0,249900.0,991.67,"Republic, MI, 49879",https://www.landandfarm.com/property/252-acres-on-helen-lake-road-38112832/,,,1.0,0.947,0.835,0.5,0.5
18,0.7628,True,landandfarm,34646556,MI,Marquette,252.0,249900.0,991.67,"Republic, MI, 49879",https://www.landandfarm.com/property/vacant-land-republic-mi-34646556/,,,1.0,0.947,0.835,0.5,0.5
19,0.7627,True,landwatch,425464461,IA,Clarke,233.0,98500.0,422.75,"Osceola, IA, 50213, Clarke County",https://www.landwatch.com/clarke-county-iowa-homes-for-sale/pid/425464461,,,1.0,0.82,0.93,0.5,0.5
20,0.7627,True,landandfarm,40094342,IA,Clarke,233.0,98500.0,422.75,"Osceola, IA, 50213",https://www.landandfarm.com/property/single-family-ranch-osceola-ia-40094342/,,,1.0,0.82,0.93,0.5,0.5
21,0.7619,True,landandfarm,36749917,OK,Pushmataha,260.0,325000.0,1250.0,"Antlers, OK, 74523",https://www.landandfarm.com/property/260-acres-oklahoma-off-n4220-36749917/,,,1.0,1.0,0.792,0.5,0.5
22,0.7581,True,landwatch,424022360,MN,Saint Louis,249.0,249000.0,1000.0,"Duluth, MN, 55803, Saint Louis County",https://www.landwatch.com/saint-louis-county-minnesota-land-for-sale/pid/424022360,,,1.0,0.927,0.833,0.5,0.5
23,0.7581,True,landandfarm,38652241,MN,Saint Louis,249.0,249000.0,1000.0,"Duluth, MN, 55803",https://www.landandfarm.com/property/residential-duluth-mn-38652241/,,,1.0,0.927,0.833,0.5,0.5
24,0.7569,True,landwatch,424131592,MI,Alger,240.0,181000.0,754.17,"Deerton, MI, 49822, Alger County",https://www.landwatch.com/alger-county-michigan-undeveloped-land-for-sale/pid/424131592,,,1.0,0.867,0.874,0.5,0.5
25,0.7569,True,landandfarm,38761473,MI,Alger,240.0,181000.0,754.17,"Deerton, MI, 49822",https://www.landandfarm.com/property/vacant-land-deerton-mi-38761473/,,,1.0,0.867,0.874,0.5,0.5
26,0.7548,True,landwatch,419870886,MI,Marquette,280.0,224000.0,800.0,"Ishpeming, MI, 49849, Marquette County",https://www.landwatch.com/marquette-county-michigan-undeveloped-land-for-sale/pid/419870886,,,1.0,0.867,0.867,0.5,0.5
27,0.7548,True,landandfarm,34500766,MI,Marquette,280.0,224000.0,800.0,"Ishpeming, MI, 49849",https://www.landandfarm.com/property/vacant-land-ishpeming-mi-34500766/,,,1.0,0.867,0.867,0.5,0.5
28,0.7508,True,landsearch,5177977,NE,Kimball,241.0,220000.0,912.86,"Kimball, NE 69145",https://www.landsearch.com/properties/kimball-ne-69145/5177977,,,1.0,0.873,0.848,0.5,0.5
29,0.7494,True,landwatch,424263930,MI,Marquette,240.0,218900.0,912.08,"Big Bay, MI, 49808, Marquette County",https://www.landwatch.com/marquette-county-michigan-undeveloped-land-for-sale/pid/424263930,,,1.0,0.867,0.848,0.5,0.5
30,0.7494,True,landwatch,416316919,MI,Marquette,240.0,218900.0,912.08,"Big Bay, MI, 49808, Marquette County",https://www.landwatch.com/marquette-county-michigan-undeveloped-land-for-sale/pid/416316919,,,1.0,0.867,0.848,0.5,0.5
31,0.7494,True,landandfarm,38893811,MI,Marquette,240.0,218900.0,912.08,"Big Bay, MI, 49808",https://www.landandfarm.com/property/240-acres-in-marquette-county-38893811/,,,1.0,0.867,0.848,0.5,0.5
32,0.7494,True,landandfarm,30946799,MI,Marquette,240.0,218900.0,912.08,"Big Bay, MI, 49808",https://www.landandfarm.com/property/240-acres-in-marquette-county-30946799/,,,1.0,0.867,0.848,0.5,0.5
33,0.7478,True,landwatch,426565949,MI,Baraga,280.0,264900.0,946.07,"L'Anse, MI, 49946, Baraga County",https://www.landwatch.com/baraga-county-michigan-undeveloped-land-for-sale/pid/426565949,,,1.0,0.867,0.842,0.5,0.5
34,0.7478,True,landandfarm,41195830,MI,Baraga,280.0,264900.0,946.07,"L'Anse, MI, 49946",https://www.landandfarm.com/property/280-acres-in-baraga-county-mi-41195830/,,,1.0,0.867,0.842,0.5,0.5
35,0.7457,True,landwatch,425765916,IN,Lake,5004.0,75000.0,14.99,"East Chicago, IN, 46312, Lake County",https://www.landwatch.com/lake-county-indiana-homes-for-sale/pid/425765916,,,1.0,0.65,0.998,0.5,0.5
36,0.7457,True,landandfarm,40395797,IN,Lake,5004.0,75000.0,14.99,"East Chicago, IN, 46312",https://www.landandfarm.com/property/5-004-acres-in-lake-county-in-40395797/,,,1.0,0.65,0.998,0.5,0.5
37,0.7457,True,landwatch,426663518,ND,Ward,17010.0,262500.0,15.43,"Minot, ND, 58701, Ward County",https://www.landwatch.com/ward-county-north-dakota-homes-for-sale/pid/426663518,,,1.0,0.65,0.997,0.5,0.5
38,0.7457,True,landandfarm,41293399,ND,Ward,17010.0,262500.0,15.43,"Minot, ND, 58701",https://www.landandfarm.com/property/17-010-acres-in-ward-county-nd-41293399/,,,1.0,0.65,0.997,0.5,0.5
39,0.7451,True,landwatch,426545162,ND,Ward,6250.0,169900.0,27.18,"Minot, ND, 58701, Ward County",https://www.landwatch.com/ward-county-north-dakota-homes-for-sale/pid/426545162,,,1.0,0.65,0.995,0.5,0.5
40,0.7451,True,landandfarm,41175043,ND,Ward,6250.0,169900.0,27.18,"Minot, ND, 58701",https://www.landandfarm.com/property/6-250-acres-in-ward-county-nd-41175043/,,,1.0,0.65,0.995,0.5,0.5
41,0.7449,True,landwatch,426545313,MI,Allegan,15682.0,495000.0,31.56,"Saugatuck, MI, 49453, Allegan County",https://www.landwatch.com/allegan-county-michigan-lakefront-property-for-sale/pid/426545313,,,1.0,0.65,0.995,0.5,0.5
42,0.7449,True,landandfarm,41175194,MI,Allegan,15682.0,495000.0,31.56,"Saugatuck, MI, 49453",https://www.landandfarm.com/property/15-682-acres-in-allegan-county-mi-41175194/,,,1.0,0.65,0.995,0.5,0.5
43,0.7446,True,landwatch,426645026,ND,Ward,14375.0,539000.0,37.5,"Surrey, ND, 58785, Ward County",https://www.landwatch.com/ward-county-north-dakota-homes-for-sale/pid/426645026,,,1.0,0.65,0.994,0.5,0.5
44,0.7446,True,landandfarm,41274907,ND,Ward,14375.0,539000.0,37.5,"Surrey, ND, 58785",https://www.landandfarm.com/property/14-375-acres-in-ward-county-nd-41274907/,,,1.0,0.65,0.994,0.5,0.5
45,0.7444,True,landwatch,426508289,MS,Holmes,3936.0,167000.0,42.43,"West, MS, 39192, Holmes County",https://www.landwatch.com/holmes-county-mississippi-recreational-property-for-sale/pid/426508289,,,1.0,0.65,0.993,0.5,0.5
46,0.7444,True,landwatch,426188802,MS,Holmes,3936.0,167000.0,42.43,"West, MS, 39192, Holmes County",https://www.landwatch.com/holmes-county-mississippi-recreational-property-for-sale/pid/426188802,,,1.0,0.65,0.993,0.5,0.5
47,0.7444,True,landandfarm,41138170,MS,Holmes,3936.0,167000.0,42.43,"West, MS, 39192",https://www.landandfarm.com/property/wilderness-west-equity-share-41138170/,,,1.0,0.65,0.993,0.5,0.5
48,0.7444,True,landandfarm,40818683,MS,Holmes,3936.0,167000.0,42.43,"West, MS, 39192",https://www.landandfarm.com/property/wilderness-west-equity-share-40818683/,,,1.0,0.65,0.993,0.5,0.5
49,0.7438,True,landwatch,426628225,NE,Kimball,480.0,456000.0,950.0,"Bushnell, NE, 69128, Kimball County",https://www.landwatch.com/kimball-county-nebraska-farms-and-ranches-for-sale/pid/426628225,,,1.0,0.849,0.842,0.5,0.5
50,0.7438,True,landandfarm,41258106,NE,Kimball,480.0,456000.0,950.0,"Bushnell, NE, 69128",https://www.landandfarm.com/property/kimball-county-crp-41258106/,,,1.0,0.849,0.842,0.5,0.5
51,0.7436,True,landandfarm,38304539,MS,Bolivar,13000.0,775000.0,59.62,"Beulah, MS, 38726",https://www.landandfarm.com/property/merigold-hunting-club-equity-share-38304539/,,,1.0,0.65,0.99,0.5,0.5
52,0.7429,True,landwatch,426545824,NY,Suffolk,7405.0,549999.0,74.27,"Shirley, NY, 11967, Suffolk County",https://www.landwatch.com/suffolk-county-new-york-homes-for-sale/pid/426545824,,,1.0,0.65,0.988,0.5,0.5
53,0.7429,True,landandfarm,41175705,NY,Suffolk,7405.0,549999.0,74.27,"Shirley, NY, 11967",https://www.landandfarm.com/property/7-405-acres-in-suffolk-county-ny-41175705/,,,1.0,0.65,0.988,0.5,0.5
54,0.7426,True,landwatch,426663519,ND,Ward,7692.0,625000.0,81.25,"Minot, ND, 58701, Ward County",https://www.landwatch.com/ward-county-north-dakota-homes-for-sale/pid/426663519,,,1.0,0.65,0.986,0.5,0.5
55,0.7426,True,landandfarm,41293400,ND,Ward,7692.0,625000.0,81.25,"Minot, ND, 58701",https://www.landandfarm.com/property/7-692-acres-in-ward-county-nd-41293400/,,,1.0,0.65,0.986,0.5,0.5
56,0.7422,True,landwatch,426174350,KS,Ellis,262.0,420000.0,1603.05,"Ellis, KS, 67637, Ellis County",https://www.landwatch.com/ellis-county-kansas-farms-and-ranches-for-sale/pid/426174350,,,1.0,0.987,0.733,0.5,0.5
57,0.7422,True,landandfarm,40804231,KS,Ellis,262.0,420000.0,1603.05,"Ellis, KS, 67637",https://www.landandfarm.com/property/diverse-property-just-off-the-saline-river-40804231/,,,1.0,0.987,0.733,0.5,0.5
58,0.7414,True,landwatch,420016677,MI,Marquette,480.0,480000.0,1000.0,"Michigamme, MI, 49861, Marquette County",https://www.landwatch.com/marquette-county-michigan-undeveloped-land-for-sale/pid/420016677,,,1.0,0.849,0.833,0.5,0.5
59,0.7414,True,landandfarm,34646557,MI,Marquette,480.0,480000.0,1000.0,"Michigamme, MI, 49861",https://www.landandfarm.com/property/vacant-land-michigamme-mi-34646557/,,,1.0,0.849,0.833,0.5,0.5
60,0.741,True,landwatch,424954214,MS,Coahoma,7000.0,795000.0,113.57,"Clarksdale, MS, 38614, Coahoma County",https://www.landwatch.com/coahoma-county-mississippi-recreational-property-for-sale/pid/424954214,,,1.0,0.65,0.981,0.5,0.5
61,0.741,True,landandfarm,39584095,MS,Coahoma,7000.0,795000.0,113.57,"Clarksdale, MS, 38614",https://www.landandfarm.com/property/miller-point-timber-co-39584095/,,,1.0,0.65,0.981,0.5,0.5
62,0.7407,True,landwatch,426484409,IL,Cook,7500.0,900000.0,120.0,"Oak Park, IL, 60304, Cook County",https://www.landwatch.com/cook-county-illinois-homes-for-sale/pid/426484409,,,1.0,0.65,0.98,0.5,0.5
63,0.7407,True,landandfarm,41114290,IL,Cook,7500.0,900000.0,120.0,"Oak Park, IL, 60304",https://www.landandfarm.com/property/7-500-acres-in-cook-county-il-41114290/,,,1.0,0.65,0.98,0.5,0.5
64,0.7404,True,landwatch,425453299,NC,Carteret,7472.0,950000.0,127.14,"Stacy, NC, 28581, Carteret County",https://www.landwatch.com/carteret-county-north-carolina-recreational-property-for-sale/pid/425453299,,,1.0,0.65,0.979,0.5,0.5
65,0.7404,True,landandfarm,40083180,NC,Carteret,7472.0,950000.0,127.14,"Stacy, NC, 28581",https://www.landandfarm.com/property/lukens-island-equity-share-hunt-club-40083180/,,,1.0,0.65,0.979,0.5,0.5
66,0.7401,True,landwatch,425266342,NY,Suffolk,6147.0,815000.0,132.59,"Lindenhurst, NY, 11757, Suffolk County",https://www.landwatch.com/suffolk-county-new-york-homes-for-sale/pid/425266342,,,1.0,0.65,0.978,0.5,0.5
67,0.7401,True,landandfarm,39896223,NY,Suffolk,6147.0,815000.0,132.59,"Lindenhurst, NY, 11757",https://www.landandfarm.com/property/6-147-acres-in-suffolk-county-ny-39896223/,,,1.0,0.65,0.978,0.5,0.5
68,0.7401,True,landwatch,426545853,NY,Nassau,11265.0,1499000.0,133.07,"Sea Cliff, NY, 11579, Nassau County",https://www.landwatch.com/nassau-county-new-york-homes-for-sale/pid/426545853,,,1.0,0.65,0.978,0.5,0.5
69,0.7401,True,landandfarm,41175734,NY,Nassau,11265.0,1499000.0,133.07,"Sea Cliff, NY, 11579",https://www.landandfarm.com/property/11-265-acres-in-nassau-county-ny-41175734/,,,1.0,0.65,0.978,0.5,0.5
70,0.7392,True,landwatch,426106584,KY,Whitley,260.0,449000.0,1726.92,"Williamsburg, KY, 40769, Whitley County",https://www.landwatch.com/whitley-county-kentucky-recreational-property-for-sale/pid/426106584,,,1.0,1.0,0.712,0.5,0.5
71,0.7392,True,landandfarm,40736465,KY,Whitley,260.0,449000.0,1726.92,"Williamsburg, KY, 40769",https://www.landandfarm.com/property/premier-recreational-retreat-bordering-national-forest-40736465/,,,1.0,1.0,0.712,0.5,0.5
72,0.7382,True,landwatch,426437302,KY,Greenup,3625.0,629000.0,173.52,"Ashland, KY, 41102, Greenup County",https://www.landwatch.com/greenup-county-kentucky-farms-and-ranches-for-sale/pid/426437302,,,1.0,0.65,0.971,0.5,0.5
73,0.7382,True,landandfarm,41067183,KY,Greenup,3625.0,629000.0,173.52,"Ashland, KY, 41102",https://www.landandfarm.com/property/74-muncy-lane-41067183/,,,1.0,0.65,0.971,0.5,0.5
74,0.7361,True,landwatch,425842846,KY,Wayne,278.0,348000.0,1251.8,"Monticello, KY, 42633, Wayne County",https://www.landwatch.com/wayne-county-kentucky-undeveloped-land-for-sale/pid/425842846,,,1.0,0.88,0.791,0.5,0.5
75,0.7361,True,landandfarm,40472727,KY,Wayne,278.0,348000.0,1251.8,"Monticello, KY, 42633",https://www.landandfarm.com/property/278-acres-parmleysville-rd-monticello-ky-40472727/,,,1.0,0.88,0.791,0.5,0.5
76,0.736,True,landwatch,426644029,NE,Cheyenne,483.0,529000.0,1095.24,"Sidney, NE, 69162, Cheyenne County",https://www.landwatch.com/cheyenne-county-nebraska-farms-and-ranches-for-sale/pid/426644029,,,1.0,0.845,0.817,0.5,0.5
77,0.736,True,landandfarm,41273910,NE,Cheyenne,483.0,529000.0,1095.24,"Sidney, NE, 69162",https://www.landandfarm.com/property/cow-creek-cropland-grassland-crp-with-close-proximity-to-i80-41273910/,,,1.0,0.845,0.817,0.5,0.5
78,0.7357,True,landandfarm,38314188,MS,Issaquena,5560.0,1250000.0,224.82,"Fitler, MS, 39159",https://www.landandfarm.com/property/magna-vista-3-38314188/,,,1.0,0.65,0.963,0.5,0.5
79,0.7357,True,landwatch,425588963,NY,Nassau,6000.0,1349000.0,224.83,"Elmont, NY, 11003, Nassau County",https://www.landwatch.com/nassau-county-new-york-homes-for-sale/pid/425588963,,,1.0,0.65,0.963,0.5,0.5
80,0.7357,True,landandfarm,40218844,NY,Nassau,6000.0,1349000.0,224.83,"Elmont, NY, 11003",https://www.landandfarm.com/property/6-000-acres-in-nassau-county-ny-40218844/,,,1.0,0.65,0.963,0.5,0.5
81,0.7357,True,landwatch,424335057,MS,Washington,1550.0,350000.0,225.81,"Winn Road Greenville, MS 38703",https://www.landwatch.com/washington-county-mississippi-hunting-property-for-sale/pid/424335057,,,1.0,0.65,0.962,0.5,0.5
82,0.7351,True,landwatch,423070928,MI,Ontonagon,463.0,449000.0,969.76,"Bruce Crossing, MI, 49912, Ontonagon County",https://www.landwatch.com/ontonagon-county-michigan-recreational-property-for-sale/pid/423070928,,,1.0,0.813,0.838,0.5,0.5
83,0.7351,True,landandfarm,37700809,MI,Ontonagon,463.0,449000.0,969.76,"Bruce Crossing, MI, 49912",https://www.landandfarm.com/property/versatile-hunting-and-recreational-land-with-pond-creek-and-build-sites-37700809/,,,1.0,0.813,0.838,0.5,0.5
84,0.7342,True,landwatch,426508938,NY,Nassau,10000.0,2575000.0,257.5,"East Williston, NY, 11596, Nassau County",https://www.landwatch.com/nassau-county-new-york-homes-for-sale/pid/426508938,,,1.0,0.65,0.957,0.5,0.5
85,0.7342,True,landandfarm,41138819,NY,Nassau,10000.0,2575000.0,257.5,"East Williston, NY, 11596",https://www.landandfarm.com/property/single-family-colonial-east-williston-ny-41138819/,,,1.0,0.65,0.957,0.5,0.5
86,0.734,True,landwatch,425972810,NY,Queens,2500.0,650000.0,260.0,"Jamaica, NY, 11412, Queens County",https://www.landwatch.com/queens-county-new-york-homes-for-sale/pid/425972810,,,1.0,0.65,0.957,0.5,0.5
87,0.734,True,landandfarm,40602691,NY,Queens,2500.0,650000.0,260.0,"Jamaica, NY, 11412",https://www.landandfarm.com/property/2-500-acres-in-queens-county-ny-40602691/,,,1.0,0.65,0.957,0.5,0.5
88,0.7339,True,landwatch,426287542,TN,Hardeman,1840.0,485000.0,263.59,"Grand Junction, TN, 38039, Hardeman County",https://www.landwatch.com/hardeman-county-tennessee-recreational-property-for-sale/pid/426287542,,,1.0,0.65,0.956,0.5,0.5
89,0.7339,True,landandfarm,40917423,TN,Hardeman,1840.0,485000.0,263.59,"Grand Junction, TN, 38039",https://www.landandfarm.com/property/the-zoo-equity-shares-40917423/,,,1.0,0.65,0.956,0.5,0.5
90,0.7338,True,landwatch,426534096,NY,Queens,5000.0,1328000.0,265.6,"Bayside, NY, 11364, Queens County",https://www.landwatch.com/queens-county-new-york-homes-for-sale/pid/426534096,,,1.0,0.65,0.956,0.5,0.5
91,0.7335,True,landwatch,426177434,TN,Hardeman,1842.0,500000.0,271.44,"Grand Junction, TN, 38039, Hardeman County",https://www.landwatch.com/hardeman-county-tennessee-farms-and-ranches-for-sale/pid/426177434,,,1.0,0.65,0.955,0.5,0.5
92,0.7335,True,landandfarm,40807315,TN,Hardeman,1842.0,500000.0,271.44,"Grand Junction, TN, 38039",https://www.landandfarm.com/property/the-zoo-rare-offering-at-1842-acre-premier-hunting-club-40807315/,,,1.0,0.65,0.955,0.5,0.5
93,0.7333,True,landwatch,426539596,IA,Clinton,360.0,7000.0,19.44,"DeWitt, IA, 52742, Clinton County",https://www.landwatch.com/clinton-county-iowa-undeveloped-land-for-sale/pid/426539596,,,1.0,0.593,0.997,0.5,0.5
94,0.7333,True,landandfarm,41169477,IA,Clinton,360.0,7000.0,19.44,"DeWitt, IA, 52742",https://www.landandfarm.com/property/vacant-land-dewitt-ia-41169477/,,,1.0,0.593,0.997,0.5,0.5
95,0.733,True,landwatch,426426374,NY,Nassau,5500.0,1553000.0,282.36,"New Hyde Park, NY, 11040, Nassau County",https://www.landwatch.com/nassau-county-new-york-homes-for-sale/pid/426426374,,,1.0,0.65,0.953,0.5,0.5
96,0.733,True,landandfarm,41056255,NY,Nassau,5500.0,1553000.0,282.36,"New Hyde Park, NY, 11040",https://www.landandfarm.com/property/single-family-colonial-new-hyde-park-ny-41056255/,,,1.0,0.65,0.953,0.5,0.5
97,0.7325,True,landwatch,426013325,NY,Nassau,6000.0,1758000.0,293.0,"Great Neck, NY, 11021, Nassau County",https://www.landwatch.com/nassau-county-new-york-homes-for-sale/pid/426013325,,,1.0,0.65,0.951,0.5,0.5
98,0.7325,True,landandfarm,40643206,NY,Nassau,6000.0,1758000.0,293.0,"Great Neck, NY, 11021",https://www.landandfarm.com/property/6-000-acres-in-nassau-county-ny-40643206/,,,1.0,0.65,0.951,0.5,0.5
99,0.7322,True,landwatch,426171832,NY,Nassau,5500.0,1649000.0,299.82,"Valley Stream, NY, 11581, Nassau County",https://www.landwatch.com/nassau-county-new-york-homes-for-sale/pid/426171832,,,1.0,0.65,0.95,0.5,0.5
100,0.7322,True,landandfarm,40801713,NY,Nassau,5500.0,1649000.0,299.82,"Valley Stream, NY, 11581",https://www.landandfarm.com/property/single-family-colonial-valley-stream-ny-40801713/,,,1.0,0.65,0.95,0.5,0.5
101,0.7318,True,landwatch,424966038,MS,Warren,6500.0,2000000.0,307.69,"Vicksburg, MS, 39183, Warren County",https://www.landwatch.com/warren-county-mississippi-recreational-property-for-sale/pid/424966038,,,1.0,0.65,0.949,0.5,0.5
102,0.7318,True,landandfarm,39595919,MS,Warren,6500.0,2000000.0,307.69,"Vicksburg, MS, 39183",https://www.landandfarm.com/property/own-a-share-of-tara-wildlife-39595919/,,,1.0,0.65,0.949,0.5,0.5
103,0.7313,True,landandfarm,39872858,KY,Breathitt,237.0,285000.0,1202.53,"Jackson, KY, 41339",https://www.landandfarm.com/property/land-jackson-ky-39872858/,,,1.0,0.847,0.8,0.5,0.5
104,0.731,True,landwatch,426416706,NJ,Middlesex,1851.0,599000.0,323.61,"South Plainfield, NJ, 07080, Middlesex County",https://www.landwatch.com/middlesex-county-new-jersey-homes-for-sale/pid/426416706,,,1.0,0.65,0.946,0.5,0.5
105,0.731,True,landandfarm,41046587,NJ,Middlesex,1851.0,599000.0,323.61,"South Plainfield, NJ, 07080",https://www.landandfarm.com/property/single-family-split-level-south-plainfield-nj-41046587/,,,1.0,0.65,0.946,0.5,0.5
106,0.731,True,landwatch,425116119,MN,Becker,290.0,290000.0,1000.0,"Ogema, MN, 56569, Becker County",https://www.landwatch.com/becker-county-minnesota-recreational-property-for-sale/pid/425116119,,,1.0,0.8,0.833,0.5,0.5
107,0.731,True,landandfarm,39746000,MN,Becker,290.0,290000.0,1000.0,"Ogema, MN, 56569",https://www.landandfarm.com/property/290-acres-of-hunting-land-in-becker-county-mn-39746000/,,,1.0,0.8,0.833,0.5,0.5
108,0.7302,True,landwatch,426397057,NE,Cheyenne,440.0,375000.0,852.27,"Sidney, NE, 69162, Cheyenne County",https://www.landwatch.com/cheyenne-county-nebraska-farms-and-ranches-for-sale/pid/426397057,,,1.0,0.764,0.858,0.5,0.5
109,0.7302,True,landandfarm,41026938,NE,Cheyenne,440.0,375000.0,852.27,"Sidney, NE, 69162",https://www.landandfarm.com/property/colton-valley-pasture-and-cropland-41026938/,,,1.0,0.764,0.858,0.5,0.5
110,0.7295,True,landwatch,420841462,MI,Marquette,497.0,544900.0,1096.38,"Ishpeming, MI, 49849, Marquette County",https://www.landwatch.com/marquette-county-michigan-undeveloped-land-for-sale/pid/420841462,,,1.0,0.815,0.817,0.5,0.5
111,0.7295,True,landandfarm,35471342,MI,Marquette,497.0,544900.0,1096.38,"Ishpeming, MI, 49849",https://www.landandfarm.com/property/497-acres-in-marquette-county-35471342/,,,1.0,0.815,0.817,0.5,0.5
112,0.7295,True,landwatch,423281374,MI,Schoolcraft,480.0,600000.0,1250.0,"Gulliver, MI, 49840, Schoolcraft County",https://www.landwatch.com/schoolcraft-county-michigan-undeveloped-land-for-sale/pid/423281374,,,1.0,0.849,0.792,0.5,0.5
113,0.7295,True,landandfarm,37911255,MI,Schoolcraft,480.0,600000.0,1250.0,"Gulliver, MI, 49840",https://www.landandfarm.com/property/land-gulliver-mi-37911255/,,,1.0,0.849,0.792,0.5,0.5
114,0.7295,True,landwatch,425855961,NY,Queens,2640.0,938000.0,355.3,"Jamaica, NY, 11435, Queens County",https://www.landwatch.com/queens-county-new-york-homes-for-sale/pid/425855961,,,1.0,0.65,0.941,0.5,0.5
115,0.7295,True,landandfarm,40485842,NY,Queens,2640.0,938000.0,355.3,"Jamaica, NY, 11435",https://www.landandfarm.com/property/single-family-briarwood-ny-40485842/,,,1.0,0.65,0.941,0.5,0.5
116,0.7293,True,landwatch,426668203,NY,Queens,2500.0,899000.0,359.6,"Richmond Hill, NY, 11419, Queens County",https://www.landwatch.com/queens-county-new-york-homes-for-sale/pid/426668203,,,1.0,0.65,0.94,0.5,0.5
117,0.7293,True,landandfarm,41298084,NY,Queens,2500.0,899000.0,359.6,"Richmond Hill, NY, 11419",https://www.landandfarm.com/property/single-family-colonial-richmond-hill-ny-41298084/,,,1.0,0.65,0.94,0.5,0.5
118,0.7288,True,landwatch,425375939,NY,Saint Lawrence,261.0,499900.0,1915.33,"Oswegatchie, NY, 13670, Saint Lawrence County",https://www.landwatch.com/saint-lawrence-county-new-york-recreational-property-for-sale/pid/425375939,,,1.0,0.993,0.681,0.5,0.5
119,0.7288,True,landwatch,425372083,NY,Saint Lawrence,261.0,499900.0,1915.33,"Oswegatchie, NY, 13670, Saint Lawrence County",https://www.landwatch.com/saint-lawrence-county-new-york-undeveloped-land-for-sale/pid/425372083,,,1.0,0.993,0.681,0.5,0.5
120,0.7288,True,landandfarm,40005820,NY,Saint Lawrence,261.0,499900.0,1915.33,"Oswegatchie, NY, 13670",https://www.landandfarm.com/property/261-acres-adirondack-riverfront-land-fine-ny-40005820/,,,1.0,0.993,0.681,0.5,0.5
121,0.7288,True,landandfarm,40001964,NY,Saint Lawrence,261.0,499900.0,1915.33,"Oswegatchie, NY, 13670",https://www.landandfarm.com/property/vacant-land-oswegatchie-ny-40001964/,,,1.0,0.993,0.681,0.5,0.5
122,0.7287,True,landwatch,425618106,KY,Clay,461.0,500000.0,1084.6,"Manchester, KY, 40962, Clay County",https://www.landwatch.com/clay-county-kentucky-farms-and-ranches-for-sale/pid/425618106,,,1.0,0.808,0.819,0.5,0.5
123,0.7279,True,landwatch,426588492,NY,Nassau,1800.0,699000.0,388.33,"Long Beach, NY, 11561, Nassau County",https://www.landwatch.com/nassau-county-new-york-homes-for-sale/pid/426588492,,,1.0,0.65,0.935,0.5,0.5
124,0.7279,True,landandfarm,41218373,NY,Nassau,1800.0,699000.0,388.33,"Long Beach, NY, 11561",https://www.landandfarm.com/property/single-family-long-beach-ny-41218373/,,,1.0,0.65,0.935,0.5,0.5
125,0.7278,True,landwatch,424131523,MI,Iron,240.0,328000.0,1366.67,"Iron River, MI, 49935, Iron County",https://www.landwatch.com/iron-county-michigan-undeveloped-land-for-sale/pid/424131523,,,1.0,0.867,0.772,0.5,0.5
126,0.7278,True,landandfarm,38761404,MI,Iron,240.0,328000.0,1366.67,"Iron River, MI, 49935",https://www.landandfarm.com/property/vacant-land-iron-river-mi-38761404/,,,1.0,0.867,0.772,0.5,0.5
127,0.727,True,landwatch,426343451,KY,Estill,486.0,610000.0,1255.14,"Irvine, KY, 40336, Estill County",https://www.landwatch.com/estill-county-kentucky-recreational-property-for-sale/pid/426343451,,,1.0,0.838,0.791,0.5,0.5
128,0.727,True,landandfarm,40973332,KY,Estill,486.0,610000.0,1255.14,"Irvine, KY, 40336",https://www.landandfarm.com/property/beautiful-estill-powell-county-recreational-hunting-land-40973332/,,,1.0,0.838,0.791,0.5,0.5
129,0.7267,True,landandfarm,39770061,NY,Queens,1920.0,795000.0,414.06,"Richmond Hill, NY, 11418",https://www.landandfarm.com/property/1-920-acres-in-queens-county-39770061/,,,1.0,0.65,0.931,0.5,0.5
130,0.7266,True,landwatch,425553461,NJ,Morris,999.0,275000.0,275.28,"Morris Plains, NJ, 07950, Morris County",https://www.landwatch.com/morris-county-new-jersey-homes-for-sale/pid/425553461,,,1.0,0.619,0.954,0.5,0.5
131,0.7266,True,landandfarm,40183342,NJ,Morris,999.0,275000.0,275.28,"Morris Plains, NJ, 07950",https://www.landandfarm.com/property/one-floor-unit-single-family-parsippany-troy-hills-twp-nj-40183342/,,,1.0,0.619,0.954,0.5,0.5
132,0.7266,True,landwatch,426600917,IL,Cook,1440.0,599900.0,416.6,"Mount Prospect, IL, 60056, Cook County",https://www.landwatch.com/cook-county-illinois-homes-for-sale/pid/426600917,,,1.0,0.65,0.931,0.5,0.5
133,0.7266,True,landandfarm,41230798,IL,Cook,1440.0,599900.0,416.6,"Mount Prospect, IL, 60056",https://www.landandfarm.com/property/1-440-acres-in-cook-county-41230798/,,,1.0,0.65,0.931,0.5,0.5
134,0.7261,True,landwatch,426260646,IL,Cook,1440.0,615999.0,427.78,"Mount Prospect, IL, 60056, Cook County",https://www.landwatch.com/cook-county-illinois-homes-for-sale/pid/426260646,,,1.0,0.65,0.929,0.5,0.5
135,0.7261,True,landandfarm,40890527,IL,Cook,1440.0,615999.0,427.78,"Mount Prospect, IL, 60056",https://www.landandfarm.com/property/1-440-acres-in-cook-county-40890527/,,,1.0,0.65,0.929,0.5,0.5
136,0.7252,True,landwatch,426055439,KS,Trego,236.0,306800.0,1300.0,"Ogallah, KS, 67656, Trego County",https://www.landwatch.com/trego-county-kansas-farms-and-ranches-for-sale/pid/426055439,,,1.0,0.84,0.783,0.5,0.5
137,0.7252,True,landandfarm,40685320,KS,Trego,236.0,306800.0,1300.0,"Ogallah, KS, 67656",https://www.landandfarm.com/property/affordable-cropland-crp-grassland-and-excellent-upland-hunting-40685320/,,,1.0,0.84,0.783,0.5,0.5
138,0.7252,True,landwatch,424048390,MI,Marquette,280.0,398000.0,1421.43,"Republic, MI, 49879, Marquette County",https://www.landwatch.com/marquette-county-michigan-undeveloped-land-for-sale/pid/424048390,,,1.0,0.867,0.763,0.5,0.5
139,0.7252,True,landandfarm,38678271,MI,Marquette,280.0,398000.0,1421.43,"Republic, MI, 49879",https://www.landandfarm.com/property/vacant-land-republic-mi-38678271/,,,1.0,0.867,0.763,0.5,0.5
140,0.7247,True,landwatch,426651248,NY,Queens,1967.0,899000.0,457.04,"Flushing, NY, 11355, Queens County",https://www.landwatch.com/queens-county-new-york-homes-for-sale/pid/426651248,,,1.0,0.65,0.924,0.5,0.5
141,0.7247,True,landandfarm,41281129,NY,Queens,1967.0,899000.0,457.04,"Flushing, NY, 11355",https://www.landandfarm.com/property/single-family-colonial-flushing-ny-41281129/,,,1.0,0.65,0.924,0.5,0.5
142,0.7246,True,landandfarm,15568097,NY,Washington,265.0,499000.0,1883.02,"Fort Ann, NY, 12827",https://www.landandfarm.com/property/private-property-with-acreage-15568097/,,,1.0,0.967,0.686,0.5,0.5
143,0.7243,True,landwatch,426059489,NY,Kings,1800.0,838000.0,465.56,"Brooklyn, NY, 11234, Kings County",https://www.landwatch.com/kings-county-new-york-homes-for-sale/pid/426059489,,,1.0,0.65,0.922,0.5,0.5
144,0.7243,True,landandfarm,40689370,NY,Kings,1800.0,838000.0,465.56,"Brooklyn, NY, 11234",https://www.landandfarm.com/property/1-800-acres-in-kings-county-40689370/,,,1.0,0.65,0.922,0.5,0.5
145,0.724,True,landwatch,423417803,MN,Ramsey,6060.0,2850000.0,470.3,"Saint Paul, MN, 55116, Ramsey County",https://www.landwatch.com/ramsey-county-minnesota-homes-for-sale/pid/423417803,,,1.0,0.65,0.922,0.5,0.5
146,0.724,True,landandfarm,38047684,MN,Ramsey,6060.0,2850000.0,470.3,"Saint Paul, MN, 55116",https://www.landandfarm.com/property/6-060-acres-in-ramsey-county-38047684/,,,1.0,0.65,0.922,0.5,0.5
147,0.7229,True,landwatch,426108912,NY,Nassau,4000.0,1975000.0,493.75,"Long Beach, NY, 11561, Nassau County",https://www.landwatch.com/nassau-county-new-york-homes-for-sale/pid/426108912,,,1.0,0.65,0.918,0.5,0.5
148,0.7229,True,landandfarm,40738793,NY,Nassau,4000.0,1975000.0,493.75,"Long Beach, NY, 11561",https://www.landandfarm.com/property/4-000-acres-in-nassau-county-ny-40738793/,,,1.0,0.65,0.918,0.5,0.5
149,0.7214,True,landwatch,426589523,OK,Beaver,240.0,360000.0,1500.0,"Balko, OK, 73932, Beaver County",https://www.landwatch.com/beaver-county-oklahoma-farms-and-ranches-for-sale/pid/426589523,,,1.0,0.867,0.75,0.5,0.5
150,0.7214,True,landwatch,425614390,NY,Otsego,240.0,360000.0,1500.0,"Mount Vision, NY, 13810, Otsego County",https://www.landwatch.com/otsego-county-new-york-farms-and-ranches-for-sale/pid/425614390,,,1.0,0.867,0.75,0.5,0.5
151,0.7214,True,landandfarm,41219404,OK,Beaver,240.0,360000.0,1500.0,"Balko, OK, 73932",https://www.landandfarm.com/property/farm-and-ranch-setup-in-beaver-county-oklahoma-41219404/,,,1.0,0.867,0.75,0.5,0.5
152,0.7214,True,landandfarm,40244271,NY,Otsego,240.0,360000.0,1500.0,"Mount Vision, NY, 13810",https://www.landandfarm.com/property/farms-mount-vision-ny-40244271/,,,1.0,0.867,0.75,0.5,0.5
153,0.7207,True,landwatch,426512348,VA,Tazewell,260.0,549900.0,2115.0,"Bluefield, VA, 24605, Tazewell County",https://www.landwatch.com/tazewell-county-virginia-recreational-property-for-sale/pid/426512348,,,1.0,1.0,0.647,0.5,0.5
154,0.7207,True,landandfarm,41142229,VA,Tazewell,260.0,549900.0,2115.0,"Bluefield, VA, 24605",https://www.landandfarm.com/property/260-acres-tazewell-county-va-hunting-land-41142229/,,,1.0,1.0,0.647,0.5,0.5
155,0.7207,True,landwatch,426289687,NJ,Atlantic,929.0,395000.0,425.19,"Atlantic City, NJ, 08401, Atlantic County",https://www.landwatch.com/atlantic-county-new-jersey-undeveloped-land-for-sale/pid/426289687,,,1.0,0.624,0.929,0.5,0.5
156,0.7207,True,landandfarm,40919568,NJ,Atlantic,929.0,395000.0,425.19,"Atlantic City, NJ, 08401",https://www.landandfarm.com/property/condo-atlantic-city-nj-40919568/,,,1.0,0.624,0.929,0.5,0.5
157,0.7205,True,landwatch,426538142,IL,Lee,317.0,129900.0,409.78,"Dixon, IL, 61021, Lee County",https://www.landwatch.com/lee-county-illinois-homes-for-sale/pid/426538142,,,1.0,0.62,0.932,0.5,0.5
158,0.7205,True,landandfarm,41168023,IL,Lee,317.0,129900.0,409.78,"Dixon, IL, 61021",https://www.landandfarm.com/property/house-2-story-dixon-il-41168023/,,,1.0,0.62,0.932,0.5,0.5
159,0.7199,True,landwatch,424104833,KY,Clinton,487.0,679000.0,1394.25,"Albany, KY, 42602, Clinton County",https://www.landwatch.com/clinton-county-kentucky-undeveloped-land-for-sale/pid/424104833,,,1.0,0.836,0.768,0.5,0.5
160,0.7199,True,landandfarm,38734714,KY,Clinton,487.0,679000.0,1394.25,"Albany, KY, 42602",https://www.landandfarm.com/property/vacant-land-albany-ky-38734714/,,,1.0,0.836,0.768,0.5,0.5
161,0.7197,True,landwatch,424409284,WI,Langlade,280.0,429900.0,1535.36,"Gleason, WI, 54435, Langlade County",https://www.landwatch.com/langlade-county-wisconsin-recreational-property-for-sale/pid/424409284,,,1.0,0.867,0.744,0.5,0.5
162,0.7197,True,landandfarm,39039165,WI,Langlade,280.0,429900.0,1535.36,"Gleason, WI, 54435",https://www.landandfarm.com/property/whitetail-grouse-hunting-land-280-acres-in-wisconsin-39039165/,,,1.0,0.867,0.744,0.5,0.5
163,0.719,True,landwatch,423143058,MS,Chickasaw,240.0,372000.0,1550.0,"Houston, MS, 38841, Chickasaw County",https://www.landwatch.com/chickasaw-county-mississippi-timberland-property-for-sale/pid/423143058,,,1.0,0.867,0.742,0.5,0.5
164,0.719,True,landwatch,425668066,MI,Alcona,255.0,510000.0,2000.0,"Hubbard Lake, MI, 48762, Alcona County",https://www.landwatch.com/alcona-county-michigan-hunting-property-for-sale/pid/425668066,,,1.0,0.967,0.667,0.5,0.5
165,0.719,True,landandfarm,40297947,MI,Alcona,255.0,510000.0,2000.0,"Hubbard Lake, MI, 48762",https://www.landandfarm.com/property/hunters-dream-property-255-wooded-acres-across-from-hubbard-lake-40297947/,,,1.0,0.967,0.667,0.5,0.5
166,0.7189,True,landwatch,424131578,MI,Iron,288.0,378000.0,1312.5,"Amasa, MI, 49903, Iron County",https://www.landwatch.com/iron-county-michigan-land-for-sale/pid/424131578,,,1.0,0.813,0.781,0.5,0.5
167,0.7189,True,landandfarm,38761459,MI,Iron,288.0,378000.0,1312.5,"Amasa, MI, 49903",https://www.landandfarm.com/property/residential-amasa-mi-38761459/,,,1.0,0.813,0.781,0.5,0.5
168,0.7188,True,landwatch,425982338,AL,Tuscaloosa,223.0,233000.0,1044.84,"Northport, AL, 35475, Tuscaloosa County",https://www.landwatch.com/tuscaloosa-county-alabama-recreational-property-for-sale/pid/425982338,,,1.0,0.753,0.826,0.5,0.5
169,0.7188,True,landandfarm,40612219,AL,Tuscaloosa,223.0,233000.0,1044.84,"Northport, AL, 35475",https://www.landandfarm.com/property/bear-creek-hunting-and-recreation-tract-near-northport-40612219/,,,1.0,0.753,0.826,0.5,0.5
170,0.7187,True,landwatch,426151692,AR,Saint Francis,434.0,450000.0,1036.87,"Forrest City, AR, 72336, Saint Francis County",https://www.landwatch.com/saint-francis-county-arkansas-recreational-property-for-sale/pid/426151692,,,1.0,0.751,0.827,0.5,0.5
171,0.7187,True,landandfarm,40781573,AR,Saint Francis,434.0,450000.0,1036.87,"Forrest City, AR, 72336",https://www.landandfarm.com/property/the-confluence-equity-share-40781573/,,,1.0,0.751,0.827,0.5,0.5
172,0.7186,True,landwatch,422463116,IL,Henderson,485.0,699000.0,1441.24,"Lomax, IL, 61454, Henderson County",https://www.landwatch.com/henderson-county-illinois-recreational-property-for-sale/pid/422463116,,,1.0,0.84,0.76,0.5,0.5
173,0.7186,True,landandfarm,37092997,IL,Henderson,485.0,699000.0,1441.24,"Lomax, IL, 61454",https://www.landandfarm.com/property/chain-of-mississippi-river-islands-on-illinois-iowa-border-with-new-cabin-a-37092997/,,,1.0,0.84,0.76,0.5,0.5
174,0.7183,True,landwatch,422540573,TX,Crockett,4652.0,2750000.0,591.14,"Ozona, TX, 76943, Crockett County",https://www.landwatch.com/crockett-county-texas-farms-and-ranches-for-sale/pid/422540573,,,1.0,0.65,0.901,0.5,0.5
175,0.7183,True,landandfarm,37170454,TX,Crockett,4652.0,2750000.0,591.14,"Ozona, TX, 76943",https://www.landandfarm.com/property/canyons-ranch-37170454/,,,1.0,0.65,0.901,0.5,0.5
176,0.7175,True,landwatch,424409233,MI,Schoolcraft,412.0,350000.0,849.51,"Gulliver, MI, 49840, Schoolcraft County",https://www.landwatch.com/schoolcraft-county-michigan-recreational-property-for-sale/pid/424409233,,,1.0,0.704,0.858,0.5,0.5
177,0.7175,True,landandfarm,39039114,MI,Schoolcraft,412.0,350000.0,849.51,"Gulliver, MI, 49840",https://www.landandfarm.com/property/beautiful-hunting-homesteading-acreage-39039114/,,,1.0,0.704,0.858,0.5,0.5
178,0.7171,True,landwatch,423674404,AL,Lamar,252.0,491500.0,1950.4,"Millport, AL, 35576, Lamar County",https://www.landwatch.com/lamar-county-alabama-recreational-property-for-sale/pid/423674404,,,1.0,0.947,0.675,0.5,0.5
179,0.7171,True,landandfarm,38304285,AL,Lamar,252.0,491500.0,1950.4,"Millport, AL, 35576",https://www.landandfarm.com/property/lamar-252-38304285/,,,1.0,0.947,0.675,0.5,0.5
180,0.7171,True,landwatch,425593813,KS,Osborne,247.0,445000.0,1801.62,"Osborne, KS, 67472, Osborne County",https://www.landwatch.com/osborne-county-kansas-farms-and-ranches-for-sale/pid/425593813,,,1.0,0.913,0.7,0.5,0.5
181,0.7171,True,landandfarm,40223694,KS,Osborne,247.0,445000.0,1801.62,"Osborne, KS, 67472",https://www.landandfarm.com/property/do-it-all-property-in-osborne-county-40223694/,,,1.0,0.913,0.7,0.5,0.5
182,0.7169,True,landwatch,421213721,IL,Alexander,278.0,459910.0,1654.35,"Miller City, IL, 62962, Alexander County",https://www.landwatch.com/alexander-county-illinois-recreational-property-for-sale/pid/421213721,,,1.0,0.88,0.724,0.5,0.5
183,0.7169,True,landandfarm,35843601,IL,Alexander,278.0,459910.0,1654.35,"Miller City, IL, 62962",https://www.landandfarm.com/property/278-1-acres-located-in-alexander-county-ils-dogtooth-bend-35843601/,,,1.0,0.88,0.724,0.5,0.5
184,0.7167,True,landandfarm,38606732,OK,Ellis,478.0,717000.0,1500.0,"Gage, OK, 73843",https://www.landandfarm.com/property/478-acres-in-ellis-county-38606732/,,,1.0,0.845,0.75,0.5,0.5
185,0.7167,True,landwatch,423661813,SD,Bennett,478.0,717150.0,1500.31,"Batesland, SD, 57751, Bennett County",https://www.landwatch.com/bennett-county-south-dakota-farms-and-ranches-for-sale/pid/423661813,,,1.0,0.845,0.75,0.5,0.5
186,0.7167,True,landandfarm,38291694,SD,Bennett,478.0,717150.0,1500.31,"Batesland, SD, 57751",https://www.landandfarm.com/property/bennett-county-sd-478-1-acres-38291694/,,,1.0,0.845,0.75,0.5,0.5
187,0.7167,True,landwatch,426665774,NY,Nassau,1597.0,998000.0,624.92,"Glen Cove, NY, 11542, Nassau County",https://www.landwatch.com/nassau-county-new-york-homes-for-sale/pid/426665774,,,1.0,0.65,0.896,0.5,0.5
188,0.7167,True,landandfarm,41295655,NY,Nassau,1597.0,998000.0,624.92,"Glen Cove, NY, 11542",https://www.landandfarm.com/property/2-seaman-glen-cove-ny-11542-41295655/,,,1.0,0.65,0.896,0.5,0.5
189,0.7164,True,landwatch,421529122,NE,Banner,410.0,350000.0,853.66,"Harrisburg, NE, 69345, Banner County",https://www.landwatch.com/banner-county-nebraska-farms-and-ranches-for-sale/pid/421529122,,,1.0,0.7,0.858,0.5,0.5
190,0.7164,True,landandfarm,36159002,NE,Banner,410.0,350000.0,853.66,"Harrisburg, NE, 69345",https://www.landandfarm.com/property/highway-71-farm-36159002/,,,1.0,0.7,0.858,0.5,0.5
191,0.7156,True,landwatch,421037132,SD,Perkins,480.0,740000.0,1541.67,"Bison, SD, 57620, Perkins County",https://www.landwatch.com/perkins-county-south-dakota-farms-and-ranches-for-sale/pid/421037132,,,1.0,0.849,0.743,0.5,0.5
192,0.7156,True,landandfarm,35667012,SD,Perkins,480.0,740000.0,1541.67,"Bison, SD, 57620",https://www.landandfarm.com/property/hafner-ranch-35667012/,,,1.0,0.849,0.743,0.5,0.5
193,0.7147,True,landwatch,426565099,AL,Jackson,265.0,554000.0,2090.57,"Paint Rock, AL, 35764, Jackson County",https://www.landwatch.com/jackson-county-alabama-recreational-property-for-sale/pid/426565099,,,1.0,0.967,0.652,0.5,0.5
194,0.7147,True,landandfarm,41194980,AL,Jackson,265.0,554000.0,2090.57,"Paint Rock, AL, 35764",https://www.landandfarm.com/property/jackson-county-alabama-hunting-land-on-bingham-mountain-41194980/,,,1.0,0.967,0.652,0.5,0.5
195,0.7137,True,landwatch,425771094,NC,Pender,239.0,390000.0,1631.8,"Burgaw, NC, 28425, Pender County",https://www.landwatch.com/pender-county-north-carolina-recreational-property-for-sale/pid/425771094,,,1.0,0.86,0.728,0.5,0.5
196,0.7137,True,landandfarm,40400975,NC,Pender,239.0,390000.0,1631.8,"Burgaw, NC, 28425",https://www.landandfarm.com/property/northeast-cape-fear-river-hunting-land-40400975/,,,1.0,0.86,0.728,0.5,0.5
197,0.7136,True,landwatch,425256922,NY,Saint Lawrence,485.0,750000.0,1546.39,"Richville, NY, 13681, Saint Lawrence County",https://www.landwatch.com/saint-lawrence-county-new-york-farms-and-ranches-for-sale/pid/425256922,,,1.0,0.84,0.742,0.5,0.5
198,0.7136,True,landwatch,425262851,NY,Saint Lawrence,485.0,750000.0,1546.39,"Richville, NY, 13681, Saint Lawrence County",https://www.landwatch.com/saint-lawrence-county-new-york-lakefront-property-for-sale/pid/425262851,,,1.0,0.84,0.742,0.5,0.5
199,0.7136,True,landandfarm,39886803,NY,Saint Lawrence,485.0,750000.0,1546.39,"Richville, NY, 13681",https://www.landandfarm.com/property/485-acres-with-home-and-outbuildings-hermon-ny-39886803/,,,1.0,0.84,0.742,0.5,0.5
200,0.7136,True,landandfarm,39892732,NY,Saint Lawrence,485.0,750000.0,1546.39,"Richville, NY, 13681",https://www.landandfarm.com/property/residential-richville-ny-39892732/,,,1.0,0.84,0.742,0.5,0.5
201,0.7131,True,landwatch,423934241,AR,Clark,240.0,402000.0,1675.0,"Arkadelphia, AR, 71923, Clark County",https://www.landwatch.com/clark-county-arkansas-recreational-property-for-sale/pid/423934241,,,1.0,0.867,0.721,0.5,0.5
202,0.7128,True,landwatch,419838325,NY,Saint Lawrence,300.0,324500.0,1081.67,"De Kalb Junction, NY, 13630, Saint Lawrence County",https://www.landwatch.com/saint-lawrence-county-new-york-farms-and-ranches-for-sale/pid/419838325,,,1.0,0.733,0.82,0.5,0.5
203,0.7128,True,landandfarm,34468205,NY,Saint Lawrence,300.0,324500.0,1081.67,"De Kalb Junction, NY, 13630",https://www.landandfarm.com/property/large-north-country-property-34468205/,,,1.0,0.733,0.82,0.5,0.5
204,0.7124,True,landwatch,426644028,NY,Broome,258.0,575000.0,2228.68,"Windsor, NY, 13865, Broome County",https://www.landwatch.com/broome-county-new-york-recreational-property-for-sale/pid/426644028,,,1.0,0.987,0.629,0.5,0.5
205,0.7124,True,landandfarm,41273909,NY,Broome,258.0,575000.0,2228.68,"Windsor, NY, 13865",https://www.landandfarm.com/property/rare-chance-to-own-a-large-parcel-with-2-ponds-on-dead-end-road-41273909/,,,1.0,0.987,0.629,0.5,0.5
206,0.7124,True,landwatch,426599980,IA,Clarke,207.0,145000.0,700.48,"Murray, IA, 50174, Clarke County",https://www.landwatch.com/clarke-county-iowa-homes-for-sale/pid/426599980,,,1.0,0.647,0.883,0.5,0.5
207,0.7124,True,landandfarm,41229861,IA,Clarke,207.0,145000.0,700.48,"Murray, IA, 50174",https://www.landandfarm.com/property/manufactured-murray-ia-41229861/,,,1.0,0.647,0.883,0.5,0.5
208,0.7121,True,landwatch,425294696,MN,Beltrami,280.0,474900.0,1696.07,"Grygla, MN, 56727, Beltrami County",https://www.landwatch.com/beltrami-county-minnesota-undeveloped-land-for-sale/pid/425294696,,,1.0,0.867,0.717,0.5,0.5
209,0.7121,True,landandfarm,39924577,MN,Beltrami,280.0,474900.0,1696.07,"Grygla, MN, 56727",https://www.landandfarm.com/property/lots-land-spruce-grove-twp-mn-39924577/,,,1.0,0.867,0.717,0.5,0.5
210,0.7121,True,landwatch,424487166,NY,Saint Lawrence,280.0,475000.0,1696.43,"Piercefield, NY, 12973, Saint Lawrence County",https://www.landwatch.com/saint-lawrence-county-new-york-homes-for-sale/pid/424487166,,,1.0,0.867,0.717,0.5,0.5
211,0.7121,True,landandfarm,39117047,NY,Saint Lawrence,280.0,475000.0,1696.43,"Piercefield, NY, 12973",https://www.landandfarm.com/property/single-family-other-piercefield-ny-39117047/,,,1.0,0.867,0.717,0.5,0.5
212,0.7121,True,landandfarm,33961796,AL,Washington,490.0,749995.0,1530.6,"Deer Park, AL, 36539",https://www.landandfarm.com/property/tibbie-490-acres-33961796/,,,1.0,0.83,0.745,0.5,0.5
213,0.7112,True,landwatch,425766105,KS,Rush,283.0,460000.0,1625.44,"Timken, KS, 67575, Rush County",https://www.landwatch.com/rush-county-kansas-farms-and-ranches-for-sale/pid/425766105,,,1.0,0.847,0.729,0.5,0.5
214,0.7112,True,landandfarm,40395986,KS,Rush,283.0,460000.0,1625.44,"Timken, KS, 67575",https://www.landandfarm.com/property/affordable-cropland-and-pasture-in-rush-county-40395986/,,,1.0,0.847,0.729,0.5,0.5
215,0.7105,True,landwatch,426106591,KS,Phillips,480.0,792000.0,1650.0,"Logan, KS, 67646, Phillips County",https://www.landwatch.com/phillips-county-kansas-farms-and-ranches-for-sale/pid/426106591,,,1.0,0.849,0.725,0.5,0.5
216,0.7105,True,landandfarm,40736472,KS,Phillips,480.0,792000.0,1650.0,"Logan, KS, 67646",https://www.landandfarm.com/property/phillips-county-ks-pasture-480-40736472/,,,1.0,0.849,0.725,0.5,0.5
217,0.7102,True,landwatch,425673354,NC,Bertie,238.0,399000.0,1676.47,"Windsor, NC, 27983, Bertie County",https://www.landwatch.com/bertie-county-north-carolina-farms-and-ranches-for-sale/pid/425673354,,,1.0,0.853,0.721,0.5,0.5
218,0.7102,True,landandfarm,40303235,NC,Bertie,238.0,399000.0,1676.47,"Windsor, NC, 27983",https://www.landandfarm.com/property/cashie-river-hunting-tract-sans-souci-40303235/,,,1.0,0.853,0.721,0.5,0.5
219,0.71,True,landwatch,423218028,NE,Kimball,309.0,269000.0,870.55,"Bushnell, NE, 69128, Kimball County",https://www.landwatch.com/kimball-county-nebraska-farms-and-ranches-for-sale/pid/423218028,,,1.0,0.673,0.855,0.5,0.5
220,0.71,True,landandfarm,37847909,NE,Kimball,309.0,269000.0,870.55,"Bushnell, NE, 69128",https://www.landandfarm.com/property/half-section-of-cropland-located-near-i80-with-good-access-37847909/,,,1.0,0.673,0.855,0.5,0.5
221,0.7099,True,landsearch,4492537,MI,Chippewa,364.0,199999.0,549.45,"Hulbert, MI 49748",https://www.landsearch.com/properties/s-hendrie-river-rd-hulbert-mi-49748/4492537,,,1.0,0.602,0.908,0.5,0.5
222,0.7099,True,landwatch,425027723,MI,Chippewa,364.0,199999.0,549.45,"Hulbert, MI, 49748, Chippewa County",https://www.landwatch.com/chippewa-county-michigan-undeveloped-land-for-sale/pid/425027723,,,1.0,0.602,0.908,0.5,0.5
223,0.7099,True,landwatch,424239321,MI,Chippewa,364.0,199999.0,549.45,"Hulbert, MI, 49748, Chippewa County",https://www.landwatch.com/chippewa-county-michigan-undeveloped-land-for-sale/pid/424239321,,,1.0,0.602,0.908,0.5,0.5
224,0.7099,True,landandfarm,39657604,MI,Chippewa,364.0,199999.0,549.45,"Hulbert, MI, 49748",https://www.landandfarm.com/property/land-hulbert-mi-39657604/,,,1.0,0.602,0.908,0.5,0.5
225,0.7099,True,landandfarm,38869202,MI,Chippewa,364.0,199999.0,549.45,"Hulbert, MI, 49748",https://www.landandfarm.com/property/wood-land-mi-38869202/,,,1.0,0.602,0.908,0.5,0.5
226,0.7095,True,landwatch,425080423,MI,Gogebic,431.0,517200.0,1200.0,"Watersmeet, MI, 49969, Gogebic County",https://www.landwatch.com/gogebic-county-michigan-undeveloped-land-for-sale/pid/425080423,,,1.0,0.744,0.8,0.5,0.5
227,0.7095,True,landandfarm,39710304,MI,Gogebic,431.0,517200.0,1200.0,"Watersmeet, MI, 49969",https://www.landandfarm.com/property/land-watersmeet-mi-39710304/,,,1.0,0.744,0.8,0.5,0.5
228,0.7095,True,landwatch,423772120,NY,Saint Lawrence,432.0,523000.0,1210.65,"Colton, NY, 13625, Saint Lawrence County",https://www.landwatch.com/saint-lawrence-county-new-york-timberland-property-for-sale/pid/423772120,,,1.0,0.747,0.798,0.5,0.5
229,0.7095,True,landandfarm,38402001,NY,Saint Lawrence,432.0,523000.0,1210.65,"Colton, NY, 13625",https://www.landandfarm.com/property/chapp-hill-38402001/,,,1.0,0.747,0.798,0.5,0.5
230,0.7079,True,landwatch,425447169,NY,Cattaraugus,268.0,574900.0,2145.15,"West Valley, NY, 14171, Cattaraugus County",https://www.landwatch.com/cattaraugus-county-new-york-recreational-property-for-sale/pid/425447169,,,1.0,0.947,0.642,0.5,0.5
231,0.7079,True,landandfarm,40077050,NY,Cattaraugus,268.0,574900.0,2145.15,"West Valley, NY, 14171",https://www.landandfarm.com/property/267-acres-house-with-woodlands-pond-and-creek-in-west-valley-ny-40077050/,,,1.0,0.947,0.642,0.5,0.5
232,0.7075,True,landwatch,421757351,NE,Kimball,312.0,260000.0,833.33,"Kimball, NE, 69128, Kimball County",https://www.landwatch.com/kimball-county-nebraska-farms-and-ranches-for-sale/pid/421757351,,,1.0,0.653,0.861,0.5,0.5
233,0.7075,True,landandfarm,36387232,NE,Kimball,312.0,260000.0,833.33,"Kimball, NE, 69128",https://www.landandfarm.com/property/l-2500153-312-37-acres-kimball-county-nebraska-36387232/,,,1.0,0.653,0.861,0.5,0.5
234,0.7074,True,landsearch,5083755,KS,Sheridan,468.0,748800.0,1600.0,"Quinter, KS 67740",https://www.landsearch.com/properties/e-rd-100-s-quinter-ks-67740/5083755,,,1.0,0.823,0.733,0.5,0.5
235,0.7074,True,landwatch,425896428,KS,Sheridan,468.0,748800.0,1600.0,"Quinter, KS, 67740, Sheridan County",https://www.landwatch.com/sheridan-county-kansas-farms-and-ranches-for-sale/pid/425896428,,,1.0,0.823,0.733,0.5,0.5
236,0.7074,True,landandfarm,40526309,KS,Sheridan,468.0,748800.0,1600.0,"Quinter, KS, 67740",https://www.landandfarm.com/property/productive-grass-tillable-40526309/,,,1.0,0.823,0.733,0.5,0.5
237,0.7069,True,landwatch,426462168,VA,Lee,277.0,525000.0,1895.31,"Jonesville, VA, 24263, Lee County",https://www.landwatch.com/lee-county-virginia-recreational-property-for-sale/pid/426462168,,,1.0,0.887,0.684,0.5,0.5
238,0.7069,True,landandfarm,41092049,VA,Lee,277.0,525000.0,1895.31,"Jonesville, VA, 24263",https://www.landandfarm.com/property/rare-large-acreage-mountain-tract-with-custom-hunting-cabin-41092049/,,,1.0,0.887,0.684,0.5,0.5
239,0.7058,True,landwatch,418746875,WI,Price,510.0,749900.0,1470.39,"Park Falls, WI, 54552, Price County",https://www.landwatch.com/price-county-wisconsin-recreational-property-for-sale/pid/418746875,,,1.0,0.787,0.755,0.5,0.5
240,0.7058,True,landandfarm,33376755,WI,Price,510.0,749900.0,1470.39,"Park Falls, WI, 54552",https://www.landandfarm.com/property/0-bass-lake-road-town-of-lake-price-county-wisconsin-510-acres-33376755/,,,1.0,0.787,0.755,0.5,0.5
241,0.7056,True,landwatch,426588127,NE,Holt,479.0,835200.0,1743.63,"Ave. East of Inman, NE",https://www.landwatch.com/holt-county-nebraska-farms-and-ranches-for-sale/pid/426588127,,,1.0,0.847,0.709,0.5,0.5
242,0.7056,True,landandfarm,41218008,NE,Holt,479.0,835200.0,1743.63,"Ave. East of Inman, NE",https://www.landandfarm.com/property/479-49-acres-in-holt-county-ne-41218008/,,,1.0,0.847,0.709,0.5,0.5
243,0.7052,True,landwatch,425365406,NY,Herkimer,217.0,249900.0,1151.61,"Salisbury Center, NY, 13454, Herkimer County",https://www.landwatch.com/herkimer-county-new-york-undeveloped-land-for-sale/pid/425365406,,,1.0,0.713,0.808,0.5,0.5
244,0.7052,True,landandfarm,39995287,NY,Herkimer,217.0,249900.0,1151.61,"Salisbury Center, NY, 13454",https://www.landandfarm.com/property/vacant-land-salisbury-center-ny-39995287/,,,1.0,0.713,0.808,0.5,0.5
245,0.705,True,landsearch,5058631,MS,Simpson,255.0,585000.0,2294.12,"Braxton, MS 39044",https://www.landsearch.com/properties/christian-heights-rd-braxton-ms-39044/5058631,,,1.0,0.967,0.618,0.5,0.5
246,0.705,True,landwatch,425775931,MS,Simpson,255.0,585000.0,2294.12,"Braxton, MS, 39044, Simpson County",https://www.landwatch.com/simpson-county-mississippi-recreational-property-for-sale/pid/425775931,,,1.0,0.967,0.618,0.5,0.5
247,0.705,True,landandfarm,40405812,MS,Simpson,255.0,585000.0,2294.12,"Braxton, MS, 39044",https://www.landandfarm.com/property/255-acre-hunting-recreation-tract-simpson-county-ms-40405812/,,,1.0,0.967,0.618,0.5,0.5
248,0.7049,True,landwatch,419816910,MI,Houghton,400.0,399900.0,999.75,"Lake Linden, MI, 49945, Houghton County",https://www.landwatch.com/houghton-county-michigan-undeveloped-land-for-sale/pid/419816910,,,1.0,0.678,0.833,0.5,0.5
249,0.7049,True,landandfarm,34446790,MI,Houghton,400.0,399900.0,999.75,"Lake Linden, MI, 49945",https://www.landandfarm.com/property/vacant-land-lake-linden-mi-34446790/,,,1.0,0.678,0.833,0.5,0.5
250,0.7048,True,landwatch,426525029,MI,Houghton,200.0,129900.0,649.5,"Houghton, MI, 49931, Houghton County",https://www.landwatch.com/houghton-county-michigan-homes-for-sale/pid/426525029,,,1.0,0.6,0.892,0.5,0.5
251,0.7048,True,landwatch,426365409,MI,Houghton,200.0,129900.0,649.5,"Houghton, MI, 49931, Houghton County",https://www.landwatch.com/houghton-county-michigan-lakefront-property-for-sale/pid/426365409,,,1.0,0.6,0.892,0.5,0.5
252,0.7048,True,landandfarm,41154910,MI,Houghton,200.0,129900.0,649.5,"Houghton, MI, 49931",https://www.landandfarm.com/property/residential-houghton-mi-41154910/,,,1.0,0.6,0.892,0.5,0.5
253,0.7048,True,landandfarm,40995290,MI,Houghton,200.0,129900.0,649.5,"Houghton, MI, 49931",https://www.landandfarm.com/property/cottage-single-family-houghton-mi-40995290/,,,1.0,0.6,0.892,0.5,0.5
254,0.7039,True,landwatch,426214621,KY,Lewis,222.0,295000.0,1328.83,"Vanceburg, KY, 41179, Lewis County",https://www.landwatch.com/lewis-county-kentucky-recreational-property-for-sale/pid/426214621,,,1.0,0.747,0.779,0.5,0.5
255,0.7039,True,landandfarm,40844502,KY,Lewis,222.0,295000.0,1328.83,"Vanceburg, KY, 41179",https://www.landandfarm.com/property/buck-lick-branch-creek-hunting-farm-40844502/,,,1.0,0.747,0.779,0.5,0.5
256,0.7037,True,landwatch,424984020,NY,Oneida,276.0,549900.0,1992.39,"Camden, NY, 13316, Oneida County",https://www.landwatch.com/oneida-county-new-york-recreational-property-for-sale/pid/424984020,,,1.0,0.893,0.668,0.5,0.5
257,0.7037,True,landandfarm,39613901,NY,Oneida,276.0,549900.0,1992.39,"Camden, NY, 13316",https://www.landandfarm.com/property/large-private-recreational-property-with-trail-system-and-cabin-39613901/,,,1.0,0.893,0.668,0.5,0.5
258,0.7031,True,landandfarm,38314184,MS,Tallahatchie,1484.0,1350000.0,909.7,"Oxberry, MS, 38940",https://www.landandfarm.com/property/lone-cypress-38314184/,,,1.0,0.65,0.848,0.5,0.5
259,0.7028,True,landwatch,424131494,MI,Houghton,400.0,418000.0,1045.0,"Lake Linden, MI, 49945, Houghton County",https://www.landwatch.com/houghton-county-michigan-undeveloped-land-for-sale/pid/424131494,,,1.0,0.678,0.826,0.5,0.5
260,0.7028,True,landandfarm,38761375,MI,Houghton,400.0,418000.0,1045.0,"Lake Linden, MI, 49945",https://www.landandfarm.com/property/vacant-land-lake-linden-mi-38761375/,,,1.0,0.678,0.826,0.5,0.5
261,0.7019,True,landwatch,422465587,PA,Greene,492.0,849000.0,1725.61,"West Finley, PA, 15377, Greene County",https://www.landwatch.com/greene-county-pennsylvania-recreational-property-for-sale/pid/422465587,,,1.0,0.825,0.712,0.5,0.5
262,0.7019,True,landandfarm,37095468,PA,Greene,492.0,849000.0,1725.61,"West Finley, PA, 15377",https://www.landandfarm.com/property/large-acreage-in-greene-county-with-amazing-views-and-waterfalls-37095468/,,,1.0,0.825,0.712,0.5,0.5
263,0.7017,True,landwatch,422534036,IA,Iowa,2023.0,1900000.0,939.2,"Sioux City, IA, 51106, Iowa County",https://www.landwatch.com/iowa-county-iowa-commercial-property-for-sale/pid/422534036,,,1.0,0.65,0.843,0.5,0.5
264,0.7017,True,landandfarm,37163917,IA,Iowa,2023.0,1900000.0,939.2,"Sioux City, IA, 51106",https://www.landandfarm.com/property/commercial-sioux-city-ia-37163917/,,,1.0,0.65,0.843,0.5,0.5
265,0.7015,True,landandfarm,39544775,TN,Chester,241.0,469385.0,1947.66,"Henderson, TN, 38340",https://www.landandfarm.com/property/deberry-tract-39544775/,,,1.0,0.873,0.675,0.5,0.5
266,0.701,True,landsearch,5203891,MS,Union,239.0,454100.0,1900.0,"New Albany, MS 38652",https://www.landsearch.com/properties/county-road-87-new-albany-ms-38652/5203891,,,1.0,0.86,0.683,0.5,0.5
267,0.7005,True,landwatch,426565098,AL,Jackson,245.0,512000.0,2089.8,"Trenton, AL, 35774, Jackson County",https://www.landwatch.com/jackson-county-alabama-recreational-property-for-sale/pid/426565098,,,1.0,0.9,0.652,0.5,0.5
268,0.7005,True,landandfarm,41194979,AL,Jackson,245.0,512000.0,2089.8,"Trenton, AL, 35774",https://www.landandfarm.com/property/245-acres-jackson-county-alabama-hunting-land-with-bingham-creek-on-trento-41194979/,,,1.0,0.9,0.652,0.5,0.5
269,0.6995,True,landwatch,426379865,KS,Kearny,546.0,686000.0,1256.41,"Lakin, KS, 67860, Kearny County",https://www.landwatch.com/kearny-county-kansas-farms-and-ranches-for-sale/pid/426379865,,,1.0,0.71,0.791,0.5,0.5
270,0.699,True,landsearch,5108676,KY,Lawrence,2214.0,2204000.0,995.48,"Louisa, KY 41230",https://www.landsearch.com/properties/2214a-state-highway-2033-louisa-ky-41230/5108676,,,1.0,0.65,0.834,0.5,0.5
271,0.699,True,landwatch,426013904,KY,Lawrence,2214.0,2204000.0,995.48,"Louisa, KY, 41230, Lawrence County",https://www.landwatch.com/lawrence-county-kentucky-undeveloped-land-for-sale/pid/426013904,,,1.0,0.65,0.834,0.5,0.5
272,0.6988,True,landwatch,426449587,NY,Kings,2000.0,1999999.0,1000.0,"Brooklyn, NY, 11225, Kings County",https://www.landwatch.com/kings-county-new-york-homes-for-sale/pid/426449587,,,1.0,0.65,0.833,0.5,0.5
273,0.6988,True,landandfarm,41079468,NY,Kings,2000.0,1999999.0,1000.0,"Brooklyn, NY, 11225",https://www.landandfarm.com/property/single-family-brooklyn-ny-41079468/,,,1.0,0.65,0.833,0.5,0.5
274,0.6984,True,landwatch,420613540,MI,Marquette,232.0,404500.0,1743.53,"Marquette, MI, 49855, Marquette County",https://www.landwatch.com/marquette-county-michigan-undeveloped-land-for-sale/pid/420613540,,,1.0,0.813,0.709,0.5,0.5
275,0.6984,True,landandfarm,35243420,MI,Marquette,232.0,404500.0,1743.53,"Marquette, MI, 49855",https://www.landandfarm.com/property/vacant-land-marquette-mi-35243420/,,,1.0,0.813,0.709,0.5,0.5
276,0.6976,True,landwatch,420919722,MI,Marquette,200.0,160000.0,800.0,"Ishpeming, MI, 49849, Marquette County",https://www.landwatch.com/marquette-county-michigan-undeveloped-land-for-sale/pid/420919722,,,1.0,0.6,0.867,0.5,0.5
277,0.6976,True,landandfarm,35549602,MI,Marquette,200.0,160000.0,800.0,"Ishpeming, MI, 49849",https://www.landandfarm.com/property/vacant-land-ishpeming-mi-35549602/,,,1.0,0.6,0.867,0.5,0.5
278,0.6972,True,landwatch,425985207,NE,Lincoln,255.0,627075.0,2459.12,"Wellfleet, NE 69170",https://www.landwatch.com/lincoln-county-nebraska-farms-and-ranches-for-sale/pid/425985207,,,1.0,0.967,0.59,0.5,0.5
279,0.6972,True,landandfarm,40615088,NE,Lincoln,255.0,627075.0,2459.12,"Wellfleet, NE 69170",https://www.landandfarm.com/property/254-acres-lincoln-county-wellfleet-grazing-and-hunting-ranch-40615088/,,,1.0,0.967,0.59,0.5,0.5
280,0.6971,True,landwatch,419895883,NC,Robeson,297.0,445499.0,1500.0,"Lumberton, NC, 28358, Robeson County",https://www.landwatch.com/robeson-county-north-carolina-recreational-property-for-sale/pid/419895883,,,1.0,0.753,0.75,0.5,0.5
281,0.6971,True,landandfarm,34525763,NC,Robeson,297.0,445499.0,1500.0,"Lumberton, NC, 28358",https://www.landandfarm.com/property/robeson-702-34525763/,,,1.0,0.753,0.75,0.5,0.5
282,0.6955,True,landwatch,426613818,MI,Ontonagon,305.0,395000.0,1295.08,"Mass City, MI, 49948, Ontonagon County",https://www.landwatch.com/ontonagon-county-michigan-undeveloped-land-for-sale/pid/426613818,,,1.0,0.7,0.784,0.5,0.5
283,0.6955,True,landandfarm,41243699,MI,Ontonagon,305.0,395000.0,1295.08,"Mass City, MI, 49948",https://www.landandfarm.com/property/305-acres-in-ontonagon-county-41243699/,,,1.0,0.7,0.784,0.5,0.5
284,0.6954,True,landwatch,426500438,IA,Polk,1446.0,1550000.0,1071.92,"Urbandale, IA, 50323, Polk County",https://www.landwatch.com/polk-county-iowa-homes-for-sale/pid/426500438,,,1.0,0.65,0.821,0.5,0.5
285,0.6954,True,landandfarm,41130319,IA,Polk,1446.0,1550000.0,1071.92,"Urbandale, IA, 50323",https://www.landandfarm.com/property/single-family-ranch-urbandale-ia-41130319/,,,1.0,0.65,0.821,0.5,0.5
286,0.6954,True,landwatch,423739652,MN,Itasca,473.0,899000.0,1900.63,"Swan River, MN, 55784, Itasca County",https://www.landwatch.com/itasca-county-minnesota-recreational-property-for-sale/pid/423739652,,,1.0,0.834,0.683,0.5,0.5
287,0.6954,True,landandfarm,38369533,MN,Itasca,473.0,899000.0,1900.63,"Swan River, MN, 55784",https://www.landandfarm.com/property/exceptional-mn-hunting-land-38369533/,,,1.0,0.834,0.683,0.5,0.5
288,0.6949,True,landwatch,424153871,ND,Nelson,317.0,299999.0,946.37,"Lakota, ND, 58344, Nelson County",https://www.landwatch.com/nelson-county-north-dakota-recreational-property-for-sale/pid/424153871,,,1.0,0.62,0.842,0.5,0.5
289,0.6949,True,landandfarm,38783752,ND,Nelson,317.0,299999.0,946.37,"Lakota, ND, 58344",https://www.landandfarm.com/property/premier-hunting-property-with-mchugh-slough-access-in-nelson-county-38783752/,,,1.0,0.62,0.842,0.5,0.5
290,0.6939,True,landwatch,422350847,AR,Columbia,240.0,498500.0,2077.08,"McNeil, AR, 71752, Columbia County",https://www.landwatch.com/columbia-county-arkansas-recreational-property-for-sale/pid/422350847,,,1.0,0.867,0.654,0.5,0.5
291,0.6939,True,landandfarm,36980728,AR,Columbia,240.0,498500.0,2077.08,"McNeil, AR, 71752",https://www.landandfarm.com/property/columbia-240-36980728/,,,1.0,0.867,0.654,0.5,0.5
292,0.6937,True,landwatch,426511881,NY,Queens,1056.0,799000.0,756.63,"Jamaica, NY, 11419, Queens County",https://www.landwatch.com/queens-county-new-york-homes-for-sale/pid/426511881,,,1.0,0.572,0.874,0.5,0.5
293,0.6937,True,landandfarm,41141762,NY,Queens,1056.0,799000.0,756.63,"Jamaica, NY, 11419",https://www.landandfarm.com/property/single-family-modern-richmond-hill-s-ny-41141762/,,,1.0,0.572,0.874,0.5,0.5
294,0.6935,True,landwatch,418087658,MS,Union,243.0,529000.0,2176.95,"New Albany, MS, 38849, Union County",https://www.landwatch.com/union-county-mississippi-recreational-property-for-sale/pid/418087658,,,1.0,0.887,0.637,0.5,0.5
295,0.6935,True,landandfarm,32717538,MS,Union,243.0,529000.0,2176.95,"New Albany, MS, 38849",https://www.landandfarm.com/property/loblolly-farms-gobbler-ridge-242-8ac-32717538/,,,1.0,0.887,0.637,0.5,0.5
296,0.693,True,landwatch,424663483,VA,Franklin,278.0,599500.0,2156.47,"Penhook, VA, 24137, Franklin County",https://www.landwatch.com/franklin-county-virginia-undeveloped-land-for-sale/pid/424663483,,,1.0,0.88,0.641,0.5,0.5
297,0.693,True,landandfarm,39293364,VA,Franklin,278.0,599500.0,2156.47,"Penhook, VA, 24137",https://www.landandfarm.com/property/land-penhook-va-39293364/,,,1.0,0.88,0.641,0.5,0.5
298,0.693,True,landwatch,418327291,MI,Baraga,400.0,500000.0,1250.0,"Michigamme, MI, 49861, Baraga County",https://www.landwatch.com/baraga-county-michigan-lakefront-property-for-sale/pid/418327291,,,1.0,0.678,0.792,0.5,0.5
299,0.693,True,landandfarm,32957171,MI,Baraga,400.0,500000.0,1250.0,"Michigamme, MI, 49861",https://www.landandfarm.com/property/camp-single-family-michigamme-mi-32957171/,,,1.0,0.678,0.792,0.5,0.5
300,0.6925,True,landwatch,422989234,VA,Pittsylvania,261.0,699000.0,2678.16,"Pittsville, VA, 24139, Pittsylvania County",https://www.landwatch.com/pittsylvania-county-virginia-farms-and-ranches-for-sale/pid/422989234,,,1.0,0.993,0.554,0.5,0.5
301,0.6925,True,landandfarm,37619115,VA,Pittsylvania,261.0,699000.0,2678.16,"Pittsville, VA, 24139",https://www.landandfarm.com/property/pigg-river-leesville-lake-vista-with-old-farm-charm-37619115/,,,1.0,0.993,0.554,0.5,0.5
302,0.6925,True,landwatch,423447159,NC,Bladen,203.0,202700.0,998.52,"Elizabethtown, NC, 28337, Bladen County",https://www.landwatch.com/bladen-county-north-carolina-recreational-property-for-sale/pid/423447159,,,1.0,0.62,0.834,0.5,0.5
303,0.6925,True,landandfarm,38077040,NC,Bladen,203.0,202700.0,998.52,"Elizabethtown, NC, 28337",https://www.landandfarm.com/property/acres-of-timber-and-recreational-land-bordering-bladen-lakes-state-forest-38077040/,,,1.0,0.62,0.834,0.5,0.5
304,0.6919,True,landsearch,5078602,MN,Kittson,417.0,599000.0,1436.45,"Lancaster, MN 56735",https://www.landsearch.com/properties/355th-st-lancaster-mn-56735/5078602,,,1.0,0.715,0.761,0.5,0.5
305,0.6913,True,landwatch,426374860,KS,Rooks,467.0,900000.0,1927.19,"Stockton, KS, 67669, Rooks County",https://www.landwatch.com/rooks-county-kansas-farms-and-ranches-for-sale/pid/426374860,,,1.0,0.821,0.679,0.5,0.5
306,0.6913,True,landandfarm,41004741,KS,Rooks,467.0,900000.0,1927.19,"Stockton, KS, 67669",https://www.landandfarm.com/property/high-quality-tillable-and-pasture-in-northern-rooks-county-41004741/,,,1.0,0.821,0.679,0.5,0.5
307,0.6911,True,landwatch,426222148,MN,Pine,210.0,259900.0,1237.62,"Bruno, MN, 55712, Pine County",https://www.landwatch.com/pine-county-minnesota-recreational-property-for-sale/pid/426222148,,,1.0,0.667,0.794,0.5,0.5
308,0.6911,True,landandfarm,40852029,MN,Pine,210.0,259900.0,1237.62,"Bruno, MN, 55712",https://www.landandfarm.com/property/quality-hunting-with-base-camp-near-nemadji-state-forest-40852029/,,,1.0,0.667,0.794,0.5,0.5
309,0.6904,True,landwatch,426012465,IL,Alexander,518.0,889000.0,1716.22,"Cairo, IL, 62914, Alexander County",https://www.landwatch.com/alexander-county-illinois-recreational-property-for-sale/pid/426012465,,,1.0,0.77,0.714,0.5,0.5
310,0.6904,True,landandfarm,40642346,IL,Alexander,518.0,889000.0,1716.22,"Cairo, IL, 62914",https://www.landandfarm.com/property/518-48-acre-mississippi-river-island-with-hunting-and-income-40642346/,,,1.0,0.77,0.714,0.5,0.5
311,0.689,True,landwatch,426062326,NC,Duplin,1369.0,1650000.0,1205.26,"Mount Olive, NC, 28365, Duplin County",https://www.landwatch.com/duplin-county-north-carolina-recreational-property-for-sale/pid/426062326,,,1.0,0.65,0.799,0.5,0.5
312,0.689,True,landandfarm,40692207,NC,Duplin,1369.0,1650000.0,1205.26,"Mount Olive, NC, 28365",https://www.landandfarm.com/property/turnkey-goshen-cabin-tract-40692207/,,,1.0,0.65,0.799,0.5,0.5
313,0.6885,True,landsearch,5166414,AL,Winston,259.0,715000.0,2760.62,"Double Springs, AL 35553",https://www.landsearch.com/properties/county-road-429-double-springs-al-35553/5166414,,,1.0,0.993,0.54,0.5,0.5
314,0.6884,True,landwatch,416937380,KS,Pratt,235.0,480000.0,2042.55,"Preston, KS, 67583, Pratt County",https://www.landwatch.com/pratt-county-kansas-farms-and-ranches-for-sale/pid/416937380,,,1.0,0.833,0.66,0.5,0.5
315,0.6884,True,landandfarm,31567260,KS,Pratt,235.0,480000.0,2042.55,"Preston, KS, 67583",https://www.landandfarm.com/property/-ks-634-31567260/,,,1.0,0.833,0.66,0.5,0.5
316,0.6883,True,landsearch,5242723,MN,Itasca,290.0,550000.0,1896.55,"Nashwauk, MN 55769",https://www.landsearch.com/properties/47529-day-brook-river-rd-nashwauk-mn-55769/5242723,,,1.0,0.8,0.684,0.5,0.5
317,0.6883,True,landwatch,426630104,MN,Itasca,290.0,550000.0,1896.55,"Nashwauk, MN, 55769, Itasca County",https://www.landwatch.com/itasca-county-minnesota-lakefront-property-for-sale/pid/426630104,,,1.0,0.8,0.684,0.5,0.5
318,0.6881,True,landwatch,423756295,TN,Mcnairy,247.0,595000.0,2408.91,"Bethel Springs, TN, 38315, McNairy County",https://www.landwatch.com/mcnairy-county-tennessee-recreational-property-for-sale/pid/423756295,,,1.0,0.913,0.599,0.5,0.5
319,0.6881,True,landandfarm,38386176,TN,McNairy,247.0,595000.0,2408.91,"Bethel Springs, TN, 38315",https://www.landandfarm.com/property/mcnairy-246-7-38386176/,,,1.0,0.913,0.599,0.5,0.5
320,0.6878,True,landwatch,425758484,TN,Perry,969.0,1162800.0,1200.0,"Linden, TN, 37096, Perry County",https://www.landwatch.com/perry-county-tennessee-recreational-property-for-sale/pid/425758484,,,1.0,0.643,0.8,0.5,0.5
321,0.6878,True,landandfarm,40388365,TN,Perry,969.0,1162800.0,1200.0,"Linden, TN, 37096",https://www.landandfarm.com/property/mayberry-prong-tract-40388365/,,,1.0,0.643,0.8,0.5,0.5
322,0.6876,True,landwatch,425507932,KS,Pawnee,313.0,382034.0,1220.56,"Burdett, KS, 67523, Pawnee County",https://www.landwatch.com/pawnee-county-kansas-farms-and-ranches-for-sale/pid/425507932,,,1.0,0.647,0.797,0.5,0.5
323,0.6876,True,landwatch,425858573,AR,Newton,242.0,549500.0,2270.66,"Kingston, AR, 72742, Newton County",https://www.landwatch.com/newton-county-arkansas-recreational-property-for-sale/pid/425858573,,,1.0,0.88,0.622,0.5,0.5
324,0.6876,True,landandfarm,40488454,AR,Newton,242.0,549500.0,2270.66,"Kingston, AR, 72742",https://www.landandfarm.com/property/242-acres-with-abundant-springs-creek-and-large-trail-system-40488454/,,,1.0,0.88,0.622,0.5,0.5
325,0.6875,True,landwatch,425098296,VA,Buckingham,262.0,721000.0,2751.91,"Arvonia, VA, 23004, Buckingham County",https://www.landwatch.com/buckingham-county-virginia-recreational-property-for-sale/pid/425098296,,,1.0,0.987,0.541,0.5,0.5
326,0.6875,True,landandfarm,39728177,VA,Buckingham,262.0,721000.0,2751.91,"Arvonia, VA, 23004",https://www.landandfarm.com/property/c43-tanager-et2-2023-39728177/,,,1.0,0.987,0.541,0.5,0.5
327,0.6875,True,landwatch,426222125,KY,Owsley,311.0,399000.0,1282.96,"Ricetown, KY, 41364, Owsley County",https://www.landwatch.com/owsley-county-kentucky-recreational-property-for-sale/pid/426222125,,,1.0,0.66,0.786,0.5,0.5
328,0.6875,True,landandfarm,40852006,KY,Owsley,311.0,399000.0,1282.96,"Ricetown, KY, 41364",https://www.landandfarm.com/property/ultimate-outdoor-escape-good-access-clear-streams-daniel-boone-nationa-40852006/,,,1.0,0.66,0.786,0.5,0.5
329,0.6874,True,landandfarm,40425185,WI,Clark,240.0,531432.0,2214.3,"Christie, WI, 54456",https://www.landandfarm.com/property/land-wi-40425185/,,,1.0,0.867,0.631,0.5,0.5
330,0.6874,True,landandfarm,40425187,WI,Clark,240.0,531432.0,2214.3,"Christie, WI, 54456",https://www.landandfarm.com/property/land-wi-40425187/,,,1.0,0.867,0.631,0.5,0.5
331,0.6873,True,landwatch,424811753,MS,Yazoo,916.0,989000.0,1079.69,"Yazoo City, MS, 39194, Yazoo County",https://www.landwatch.com/yazoo-county-mississippi-recreational-property-for-sale/pid/424811753,,,1.0,0.614,0.82,0.5,0.5
332,0.6873,True,landandfarm,39441634,MS,Yazoo,916.0,989000.0,1079.69,"Yazoo City, MS, 39194",https://www.landandfarm.com/property/meadowbrook-timber-company-equity-share-39441634/,,,1.0,0.614,0.82,0.5,0.5
333,0.6871,True,landwatch,426471467,VA,Albemarle,347.0,300000.0,864.55,"Schuyler, VA, 22969, Albemarle County",https://www.landwatch.com/albemarle-county-virginia-undeveloped-land-for-sale/pid/426471467,,,1.0,0.565,0.856,0.5,0.5
334,0.6871,True,landandfarm,41098927,VA,Albemarle,347.0,300000.0,864.55,"Schuyler, VA, 22969",https://www.landandfarm.com/property/land-schuyler-va-41098927/,,,1.0,0.565,0.856,0.5,0.5
335,0.6869,True,landwatch,425501792,NE,Dawes,1284.0,1605000.0,1250.0,"Crawford, NE, 69339, Dawes County",https://www.landwatch.com/dawes-county-nebraska-farms-and-ranches-for-sale/pid/425501792,,,1.0,0.65,0.792,0.5,0.5
336,0.6869,True,landandfarm,40131673,NE,Dawes,1284.0,1605000.0,1250.0,"Crawford, NE, 69339",https://www.landandfarm.com/property/whitney-ranch-40131673/,,,1.0,0.65,0.792,0.5,0.5
337,0.6865,True,landandfarm,40225017,MO,Wayne,284.0,600000.0,2112.68,"Piedmont, MO, 63957",https://www.landandfarm.com/property/wayne-co-mo-284-acres-40225017/,,,1.0,0.84,0.648,0.5,0.5
338,0.6864,True,landwatch,424810226,MI,Marquette,276.0,650000.0,2355.07,"Republic, MI, 49879, Marquette County",https://www.landwatch.com/marquette-county-michigan-undeveloped-land-for-sale/pid/424810226,,,1.0,0.893,0.607,0.5,0.5
339,0.6864,True,landwatch,424810221,MI,Marquette,276.0,650000.0,2355.07,"Republic, MI, 49879, Marquette County",https://www.landwatch.com/marquette-county-michigan-lakefront-property-for-sale/pid/424810221,,,1.0,0.893,0.607,0.5,0.5
340,0.6864,True,landandfarm,39440102,MI,Marquette,276.0,650000.0,2355.07,"Republic, MI, 49879",https://www.landandfarm.com/property/log-home-chalet-single-family-republic-mi-39440102/,,,1.0,0.893,0.607,0.5,0.5
341,0.6864,True,landandfarm,39440107,MI,Marquette,276.0,650000.0,2355.07,"Republic, MI, 49879",https://www.landandfarm.com/property/vacant-land-republic-mi-39440107/,,,1.0,0.893,0.607,0.5,0.5
342,0.686,True,landsearch,5232763,AL,Walker,463.0,926257.0,2000.56,"Townley, AL 35587",https://www.landsearch.com/properties/beech-grove-rd-townley-al-35587/5232763,,,1.0,0.813,0.667,0.5,0.5
343,0.686,True,landwatch,426577468,AL,Walker,463.0,926257.0,2000.56,"Townley, AL, 35587, Walker County",https://www.landwatch.com/walker-county-alabama-recreational-property-for-sale/pid/426577468,,,1.0,0.813,0.667,0.5,0.5
344,0.686,True,landandfarm,41207349,AL,Walker,463.0,926257.0,2000.56,"Townley, AL, 35587",https://www.landandfarm.com/property/walker-county-sporting-tract-41207349/,,,1.0,0.813,0.667,0.5,0.5
345,0.6857,True,landwatch,422438765,OK,Grant,240.0,540000.0,2250.0,"Medford, OK, 73759, Grant County",https://www.landwatch.com/grant-county-oklahoma-farms-and-ranches-for-sale/pid/422438765,,,1.0,0.867,0.625,0.5,0.5
346,0.6857,True,landandfarm,37068646,OK,Grant,240.0,540000.0,2250.0,"Medford, OK, 73759",https://www.landandfarm.com/property/waterfowl-whitetail-hunting-production-ag-farm-37068646/,,,1.0,0.867,0.625,0.5,0.5
347,0.6855,True,landsearch,5119209,NE,Box Butte,593.0,652600.0,1100.51,"Hemingford, NE 69348",https://www.landsearch.com/properties/county-road-86-hemingford-ne-69348/5119209,,,1.0,0.61,0.817,0.5,0.5
348,0.6855,True,landwatch,426036162,NE,Box Butte,593.0,652600.0,1100.51,"Hemingford, NE, 69348, Box Butte County",https://www.landwatch.com/box-butte-county-nebraska-farms-and-ranches-for-sale/pid/426036162,,,1.0,0.61,0.817,0.5,0.5
349,0.6855,True,landandfarm,40666043,NE,Box Butte,593.0,652600.0,1100.51,"Hemingford, NE, 69348",https://www.landandfarm.com/property/hemingford-habitat-farm-40666043/,,,1.0,0.61,0.817,0.5,0.5
350,0.6853,True,landsearch,5058686,NY,St. Lawrence,206.0,255000.0,1237.86,"Russell, NY 13684",https://www.landsearch.com/properties/silver-hill-rd-russell-ny-13684/5058686,,,1.0,0.64,0.794,0.5,0.5
351,0.6853,True,landwatch,425794466,NY,Saint Lawrence,206.0,255000.0,1237.86,"Russell, NY, 13684, Saint Lawrence County",https://www.landwatch.com/saint-lawrence-county-new-york-recreational-property-for-sale/pid/425794466,,,1.0,0.64,0.794,0.5,0.5
352,0.6853,True,landwatch,425803083,NY,New York,206.0,255000.0,1237.86,"Russell, NY, 13684, New York County",https://www.landwatch.com/new-york-county-new-york-undeveloped-land-for-sale/pid/425803083,,,1.0,0.64,0.794,0.5,0.5
353,0.6853,True,landandfarm,40424347,NY,Saint Lawrence,206.0,255000.0,1237.86,"Russell, NY, 13684",https://www.landandfarm.com/property/206-acres-waterfront-land-with-off-grid-camp-russell-ny-40424347/,,,1.0,0.64,0.794,0.5,0.5
354,0.6853,True,landandfarm,40432964,NY,New York,206.0,255000.0,1237.86,"Russell, NY, 13684",https://www.landandfarm.com/property/vacant-land-russell-ny-40432964/,,,1.0,0.64,0.794,0.5,0.5
355,0.685,True,landandfarm,38530969,MS,Benton,262.0,734636.0,2803.95,"Ashland, MS, 38603",https://www.landandfarm.com/property/benton-262-37-38530969/,,,1.0,0.987,0.533,0.5,0.5
356,0.6848,True,landwatch,424915063,NC,Robeson,256.0,704000.0,2750.0,"Lumberton, NC, 28358, Robeson County",https://www.landwatch.com/robeson-county-north-carolina-recreational-property-for-sale/pid/424915063,,,1.0,0.973,0.542,0.5,0.5
357,0.6848,True,landandfarm,39544944,NC,Robeson,256.0,704000.0,2750.0,"Lumberton, NC, 28358",https://www.landandfarm.com/property/rowland-tract-39544944/,,,1.0,0.973,0.542,0.5,0.5
358,0.6848,True,landwatch,425488968,KS,Cheyenne,233.0,480000.0,2060.09,"Bird City, KS, 67731, Cheyenne County",https://www.landwatch.com/cheyenne-county-kansas-farms-and-ranches-for-sale/pid/425488968,,,1.0,0.82,0.657,0.5,0.5
359,0.6848,True,landandfarm,40118849,KS,Cheyenne,233.0,480000.0,2060.09,"Bird City, KS, 67731",https://www.landandfarm.com/property/bird-city-homestead-40118849/,,,1.0,0.82,0.657,0.5,0.5
360,0.6844,True,landwatch,424789221,KS,Rooks,236.0,509000.0,2156.78,"Damar, KS, 67632, Rooks County",https://www.landwatch.com/rooks-county-kansas-hunting-property-for-sale/pid/424789221,,,1.0,0.84,0.641,0.5,0.5
361,0.6844,True,landandfarm,39419102,KS,Rooks,236.0,509000.0,2156.78,"Damar, KS, 67632",https://www.landandfarm.com/property/tallgrass-ridge-235-acres-of-whitetail-and-upland-hunting-in-rooks-co-39419102/,,,1.0,0.84,0.641,0.5,0.5
362,0.6837,True,landwatch,425054787,NY,Saint Lawrence,207.0,269600.0,1302.42,"Gouverneur, NY, 13642, Saint Lawrence County",https://www.landwatch.com/saint-lawrence-county-new-york-undeveloped-land-for-sale/pid/425054787,,,1.0,0.647,0.783,0.5,0.5
363,0.6837,True,landandfarm,39684668,NY,Saint Lawrence,207.0,269600.0,1302.42,"Gouverneur, NY, 13642",https://www.landandfarm.com/property/207-acres-in-st-lawrence-county-ny-39684668/,,,1.0,0.647,0.783,0.5,0.5
364,0.6836,True,landwatch,419895884,NC,Robeson,278.0,654374.0,2353.86,"Lumberton, NC, 28358, Robeson County",https://www.landwatch.com/robeson-county-north-carolina-recreational-property-for-sale/pid/419895884,,,1.0,0.88,0.608,0.5,0.5
365,0.6836,True,landandfarm,34525764,NC,Robeson,278.0,654374.0,2353.86,"Lumberton, NC, 28358",https://www.landandfarm.com/property/robeson-701-34525764/,,,1.0,0.88,0.608,0.5,0.5
366,0.6828,True,landandfarm,38899498,KY,Owsley,454.0,900000.0,1982.38,"Sextons Creek, KY, 40983",https://www.landandfarm.com/property/453-57-acres-in-owsley-county-38899498/,,,1.0,0.794,0.67,0.5,0.5
367,0.6824,True,landwatch,424914822,NC,Robeson,274.0,685000.0,2500.0,"Lumberton, NC, 28358, Robeson County",https://www.landwatch.com/robeson-county-north-carolina-recreational-property-for-sale/pid/424914822,,,1.0,0.907,0.583,0.5,0.5
368,0.6824,True,landandfarm,39544703,NC,Robeson,274.0,685000.0,2500.0,"Lumberton, NC, 28358",https://www.landandfarm.com/property/lumber-river-tract-39544703/,,,1.0,0.907,0.583,0.5,0.5
369,0.6814,True,landwatch,426516472,NY,Allegany,263.0,749900.0,2851.33,"Scio, NY, 14880, Allegany County",https://www.landwatch.com/allegany-county-new-york-commercial-property-for-sale/pid/426516472,,,1.0,0.98,0.525,0.5,0.5
370,0.6814,True,landandfarm,41146353,NY,Allegany,263.0,749900.0,2851.33,"Scio, NY, 14880",https://www.landandfarm.com/property/262-acre-recreational-retreat-with-open-land-woods-and-trails-in-scio-ny-41146353/,,,1.0,0.98,0.525,0.5,0.5
371,0.681,True,landwatch,425515902,KS,Rush,215.0,343837.0,1599.24,"Nekoma, KS, 67559, Rush County",https://www.landwatch.com/rush-county-kansas-recreational-property-for-sale/pid/425515902,,,1.0,0.7,0.733,0.5,0.5
372,0.6809,True,landwatch,425414027,WI,Juneau,233.0,499000.0,2141.63,"Camp Douglas, WI, 54618, Juneau County",https://www.landwatch.com/juneau-county-wisconsin-recreational-property-for-sale/pid/425414027,,,1.0,0.82,0.643,0.5,0.5
373,0.6809,True,landandfarm,40043908,WI,Juneau,233.0,499000.0,2141.63,"Camp Douglas, WI, 54618",https://www.landandfarm.com/property/wisconsin-wild-grassland-40043908/,,,1.0,0.82,0.643,0.5,0.5
374,0.6799,True,landwatch,424005502,NE,Cheyenne,320.0,375000.0,1171.88,"Lodgepole, NE, 69149, Cheyenne County",https://www.landwatch.com/cheyenne-county-nebraska-farms-and-ranches-for-sale/pid/424005502,,,1.0,0.6,0.805,0.5,0.5
375,0.6799,True,landandfarm,38635383,NE,Cheyenne,320.0,375000.0,1171.88,"Lodgepole, NE, 69149",https://www.landandfarm.com/property/cow-creek-valley-38635383/,,,1.0,0.6,0.805,0.5,0.5
376,0.6799,True,landwatch,423673320,NE,Kimball,632.0,533800.0,844.62,"Bushnell, NE, 69128, Kimball County",https://www.landwatch.com/kimball-county-nebraska-farms-and-ranches-for-sale/pid/423673320,,,1.0,0.527,0.859,0.5,0.5
377,0.6799,True,landandfarm,38303201,NE,Kimball,632.0,533800.0,844.62,"Bushnell, NE, 69128",https://www.landandfarm.com/property/kdk-crp-38303201/,,,1.0,0.527,0.859,0.5,0.5
378,0.6798,True,landwatch,426022230,OK,Beaver,2080.0,2912000.0,1400.0,"Beaver, OK, 73932, Beaver County",https://www.landwatch.com/beaver-county-oklahoma-farms-and-ranches-for-sale/pid/426022230,,,1.0,0.65,0.767,0.5,0.5
379,0.6798,True,landwatch,424841904,GA,Wilkinson,255.0,720375.0,2825.0,"Irwinton, GA, 31042, Wilkinson County",https://www.landwatch.com/wilkinson-county-georgia-recreational-property-for-sale/pid/424841904,,,1.0,0.967,0.529,0.5,0.5
380,0.6798,True,landandfarm,40652111,OK,Beaver,2080.0,2912000.0,1400.0,"Beaver, OK, 73932",https://www.landandfarm.com/property/baggerly-clear-creek-ranch-40652111/,,,1.0,0.65,0.767,0.5,0.5
381,0.6798,True,landandfarm,39471785,GA,Wilkinson,255.0,720375.0,2825.0,"Irwinton, GA, 31042",https://www.landandfarm.com/property/cabin-ridge-39471785/,,,1.0,0.967,0.529,0.5,0.5
382,0.6798,True,landwatch,424915064,NC,Robeson,517.0,1008150.0,1950.0,"Orrum, NC, 28369, Robeson County",https://www.landwatch.com/robeson-county-north-carolina-recreational-property-for-sale/pid/424915064,,,1.0,0.772,0.675,0.5,0.5
383,0.6798,True,landandfarm,39544945,NC,Robeson,517.0,1008150.0,1950.0,"Orrum, NC, 28369",https://www.landandfarm.com/property/ann-road-lumber-river-tract-39544945/,,,1.0,0.772,0.675,0.5,0.5
384,0.6797,True,landwatch,424996175,ND,Golden Valley,276.0,689000.0,2496.38,"Beach, ND, 58621, Golden Valley County",https://www.landwatch.com/golden-valley-county-north-dakota-undeveloped-land-for-sale/pid/424996175,,,1.0,0.893,0.584,0.5,0.5
385,0.6797,True,landandfarm,39626056,ND,Golden Valley,276.0,689000.0,2496.38,"Beach, ND, 58621",https://www.landandfarm.com/property/276-acres-in-golden-valley-county-nd-39626056/,,,1.0,0.893,0.584,0.5,0.5
386,0.6797,True,landwatch,422666443,NY,Allegany,483.0,1100000.0,2277.43,"Canaseraga, NY, 14822, Allegany County",https://www.landwatch.com/allegany-county-new-york-homes-for-sale/pid/422666443,,,1.0,0.845,0.62,0.5,0.5
387,0.6797,True,landandfarm,37296324,NY,Allegany,483.0,1100000.0,2277.43,"Canaseraga, NY, 14822",https://www.landandfarm.com/property/483-acres-in-allegany-county-ny-37296324/,,,1.0,0.845,0.62,0.5,0.5
388,0.6795,True,landsearch,5036742,OK,Woodward,480.0,1104000.0,2300.0,"Chester, OK 73838",https://www.landsearch.com/properties/e-500-rd-chester-ok-73838/5036742,,,1.0,0.849,0.617,0.5,0.5
389,0.6795,True,landwatch,425687663,OK,Woodward,480.0,1104000.0,2300.0,"Chester, OK, 73838, Woodward County",https://www.landwatch.com/woodward-county-oklahoma-farms-and-ranches-for-sale/pid/425687663,,,1.0,0.849,0.617,0.5,0.5
390,0.6795,True,landandfarm,40317544,OK,Woodward,480.0,1104000.0,2300.0,"Chester, OK, 73838",https://www.landandfarm.com/property/northwest-cedar-ranch-40317544/,,,1.0,0.849,0.617,0.5,0.5
391,0.6795,True,landwatch,421905488,MO,Douglas,265.0,750000.0,2830.19,"Ava, MO, 65608, Douglas County",https://www.landwatch.com/douglas-county-missouri-recreational-property-for-sale/pid/421905488,,,1.0,0.967,0.528,0.5,0.5
392,0.6791,True,landwatch,426383670,VA,King And Queen,246.0,631800.0,2568.29,"Mattaponi, VA, 23110, King and Queen County",https://www.landwatch.com/king-and-queen-county-virginia-undeveloped-land-for-sale/pid/426383670,,,1.0,0.907,0.572,0.5,0.5
393,0.6791,True,landandfarm,41013551,VA,King and Queen,246.0,631800.0,2568.29,"Mattaponi, VA, 23110",https://www.landandfarm.com/property/land-mattaponi-va-41013551/,,,1.0,0.907,0.572,0.5,0.5
394,0.6782,True,landwatch,416711898,NE,Banner,843.0,845000.0,1002.37,"Gering, NE, 69341, Banner County",https://www.landwatch.com/banner-county-nebraska-farms-and-ranches-for-sale/pid/416711898,,,1.0,0.554,0.833,0.5,0.5
395,0.6782,True,landandfarm,31341778,NE,Banner,843.0,845000.0,1002.37,"Gering, NE, 69341",https://www.landandfarm.com/property/jr-ranch-31341778/,,,1.0,0.554,0.833,0.5,0.5
396,0.6781,True,landwatch,423174948,MN,Kittson,439.0,850000.0,1936.22,"Karlstad, MN, 56729, Kittson County",https://www.landwatch.com/kittson-county-minnesota-farms-and-ranches-for-sale/pid/423174948,,,1.0,0.762,0.677,0.5,0.5
397,0.6781,True,landandfarm,37804829,MN,Kittson,439.0,850000.0,1936.22,"Karlstad, MN, 56729",https://www.landandfarm.com/property/l-2500364-439-acres-kittson-county-minnesota-37804829/,,,1.0,0.762,0.677,0.5,0.5
398,0.678,True,landwatch,425563505,MS,Yalobusha,276.0,699000.0,2532.61,"Coffeeville, MS, 38922, Yalobusha County",https://www.landwatch.com/yalobusha-county-mississippi-recreational-property-for-sale/pid/425563505,,,1.0,0.893,0.578,0.5,0.5
399,0.6775,True,landwatch,424808289,OK,Latimer,229.0,479000.0,2091.7,"Red Oak, OK, 74563, Latimer County",https://www.landwatch.com/latimer-county-oklahoma-farms-and-ranches-for-sale/pid/424808289,,,1.0,0.793,0.651,0.5,0.5
400,0.6775,True,landandfarm,39438170,OK,Latimer,229.0,479000.0,2091.7,"Red Oak, OK, 74563",https://www.landandfarm.com/property/229-acres-bengal-road-oklahoma-39438170/,,,1.0,0.793,0.651,0.5,0.5
401,0.6772,True,landwatch,419564645,KY,Carter,544.0,949000.0,1744.49,"Grayson, KY, 41164, Carter County",https://www.landwatch.com/carter-county-kentucky-recreational-property-for-sale/pid/419564645,,,1.0,0.715,0.709,0.5,0.5
402,0.6772,True,landandfarm,34194525,KY,Carter,544.0,949000.0,1744.49,"Grayson, KY, 41164",https://www.landandfarm.com/property/544-acres-available-in-grayson-lake-state-park-34194525/,,,1.0,0.715,0.709,0.5,0.5
403,0.6771,True,landwatch,424321141,KS,Russell,271.0,731700.0,2700.0,"Bunker Hill, KS, 67626, Russell County",https://www.landwatch.com/russell-county-kansas-farms-and-ranches-for-sale/pid/424321141,,,1.0,0.927,0.55,0.5,0.5
404,0.6771,True,landandfarm,38951022,KS,Russell,271.0,731700.0,2700.0,"Bunker Hill, KS, 67626",https://www.landandfarm.com/property/bunker-hill-271-38951022/,,,1.0,0.927,0.55,0.5,0.5
405,0.6768,True,landwatch,425367958,WI,Bayfield,277.0,699900.0,2526.71,"Bayfield, WI, 54814, Bayfield County",https://www.landwatch.com/bayfield-county-wisconsin-undeveloped-land-for-sale/pid/425367958,,,1.0,0.887,0.579,0.5,0.5
406,0.6768,True,landandfarm,39997839,WI,Bayfield,277.0,699900.0,2526.71,"Bayfield, WI, 54814",https://www.landandfarm.com/property/lots-land-bayfield-wi-39997839/,,,1.0,0.887,0.579,0.5,0.5
407,0.6762,True,landandfarm,39226560,OK,Beaver,315.0,441000.0,1400.0,"Laverne, OK, 73848",https://www.landandfarm.com/property/sand-creek-ranch-39226560/,,,1.0,0.633,0.767,0.5,0.5
408,0.6761,True,landandfarm,40515122,OK,Latimer,225.0,450640.0,2002.84,"Red Oak, OK, 74563",https://www.landandfarm.com/property/225-acres-of-untouched-mountain-wilderness-latimer-county-ok-40515122/,,,1.0,0.767,0.666,0.5,0.5
409,0.6759,True,landwatch,426667499,KY,Letcher,241.0,599000.0,2485.48,"Whitesburg, KY, 41858, Letcher County",https://www.landwatch.com/letcher-county-kentucky-homes-for-sale/pid/426667499,,,1.0,0.873,0.586,0.5,0.5
410,0.6759,True,landandfarm,41297380,KY,Letcher,241.0,599000.0,2485.48,"Whitesburg, KY, 41858",https://www.landandfarm.com/property/manufactured-whitesburg-ky-41297380/,,,1.0,0.873,0.586,0.5,0.5
411,0.6758,True,landwatch,423674653,MS,Tippah,258.0,773400.0,2997.67,"Ripley, MS, 38663, Tippah County",https://www.landwatch.com/tippah-county-mississippi-undeveloped-land-for-sale/pid/423674653,,,1.0,0.987,0.5,0.5,0.5
412,0.6758,True,landsearch,5200013,NE,Dawes,474.0,1100000.0,2320.68,"Whitney, NE 69367",https://www.landsearch.com/properties/261-bethel-loops-rd-whitney-ne-69367/5200013,,,1.0,0.836,0.613,0.5,0.5
413,0.6758,True,landwatch,426436785,NE,Dawes,474.0,1100000.0,2320.68,"Whitney, NE, 69367, Dawes County",https://www.landwatch.com/dawes-county-nebraska-recreational-property-for-sale/pid/426436785,,,1.0,0.836,0.613,0.5,0.5
414,0.6758,True,landandfarm,41066666,NE,Dawes,474.0,1100000.0,2320.68,"Whitney, NE, 69367",https://www.landandfarm.com/property/chimney-butte-ranch-41066666/,,,1.0,0.836,0.613,0.5,0.5
415,0.6757,True,landwatch,426021851,VA,Richmond,259.0,785000.0,3030.89,"Farnham, VA, 22460, Richmond County",https://www.landwatch.com/richmond-county-virginia-recreational-property-for-sale/pid/426021851,,,1.0,0.993,0.495,0.5,0.5
416,0.6757,True,landandfarm,40651732,VA,Richmond,259.0,785000.0,3030.89,"Farnham, VA, 22460",https://www.landandfarm.com/property/c97-tanager-ets-2011-40651732/,,,1.0,0.993,0.495,0.5,0.5
417,0.6752,True,landwatch,426592950,KY,Todd,210.0,329900.0,1570.95,"Trenton, KY, 42286, Todd County",https://www.landwatch.com/todd-county-kentucky-homes-for-sale/pid/426592950,,,1.0,0.667,0.738,0.5,0.5
418,0.6752,True,landandfarm,41222831,KY,Todd,210.0,329900.0,1570.95,"Trenton, KY, 42286",https://www.landandfarm.com/property/single-family-trenton-ky-41222831/,,,1.0,0.667,0.738,0.5,0.5
419,0.675,True,landwatch,422181987,NC,Brunswick,1388.0,2082000.0,1500.0,"Ash, NC, 28420, Brunswick County",https://www.landwatch.com/brunswick-county-north-carolina-farms-and-ranches-for-sale/pid/422181987,,,1.0,0.65,0.75,0.5,0.5
420,0.675,True,landandfarm,36811868,NC,Brunswick,1388.0,2082000.0,1500.0,"Ash, NC, 28420",https://www.landandfarm.com/property/waccamaw-36811868/,,,1.0,0.65,0.75,0.5,0.5
421,0.6749,True,landwatch,425283016,KS,Wallace,558.0,925000.0,1657.71,"Wallace, KS, 67761, Wallace County",https://www.landwatch.com/wallace-county-kansas-farms-and-ranches-for-sale/pid/425283016,,,1.0,0.685,0.724,0.5,0.5
422,0.6749,True,landandfarm,39912897,KS,Wallace,558.0,925000.0,1657.71,"Wallace, KS, 67761",https://www.landandfarm.com/property/westward-c-farmland-557-7-acres-39912897/,,,1.0,0.685,0.724,0.5,0.5
423,0.6748,True,landsearch,4945370,AR,Sharp,244.0,634400.0,2600.0,"Mammoth Spring, AR 72554",https://www.landsearch.com/properties/pleasant-run-rd-mammoth-spring-ar-72554/4945370,,,1.0,0.893,0.567,0.5,0.5
424,0.6748,True,landwatch,425196221,AR,Sharp,244.0,634400.0,2600.0,"Mammoth Spring, AR, 72554, Sharp County",https://www.landwatch.com/sharp-county-arkansas-hunting-property-for-sale/pid/425196221,,,1.0,0.893,0.567,0.5,0.5
425,0.6748,True,landandfarm,39826102,AR,Sharp,244.0,634400.0,2600.0,"Mammoth Spring, AR, 72554",https://www.landandfarm.com/property/244-acre-ozark-hunting-retreat-mature-whitetail-turkey-bear-sign-39826102/,,,1.0,0.893,0.567,0.5,0.5
426,0.6743,True,landwatch,423768904,NE,Kimball,325.0,300000.0,923.08,"Kimball, NE, 69145, Kimball County",https://www.landwatch.com/kimball-county-nebraska-farms-and-ranches-for-sale/pid/423768904,,,1.0,0.519,0.846,0.5,0.5
427,0.6743,True,landandfarm,38398785,NE,Kimball,325.0,300000.0,923.08,"Kimball, NE, 69145",https://www.landandfarm.com/property/three-corners-nebraska-expiring-crp-half-section-38398785/,,,1.0,0.519,0.846,0.5,0.5
428,0.6741,True,landwatch,425865133,OH,Scioto,261.0,799900.0,3064.75,"Minford, OH, 45653, Scioto County",https://www.landwatch.com/scioto-county-ohio-recreational-property-for-sale/pid/425865133,,,1.0,0.993,0.489,0.5,0.5
429,0.6741,True,landandfarm,40495014,OH,Scioto,261.0,799900.0,3064.75,"Minford, OH, 45653",https://www.landandfarm.com/property/over-260-acres-hunting-recreational-land-scioto-county-ohio-40495014/,,,1.0,0.993,0.489,0.5,0.5
430,0.6738,True,landwatch,425830279,AL,Pickens,320.0,416000.0,1300.0,"Carrollton, AL, 35447, Pickens County",https://www.landwatch.com/pickens-county-alabama-recreational-property-for-sale/pid/425830279,,,1.0,0.6,0.783,0.5,0.5
431,0.6738,True,landandfarm,40460160,AL,Pickens,320.0,416000.0,1300.0,"Carrollton, AL, 35447",https://www.landandfarm.com/property/income-producing-hunting-property-with-year-round-creek-near-the-tennessee-40460160/,,,1.0,0.6,0.783,0.5,0.5
432,0.6736,True,landwatch,426462173,KS,Ness,210.0,336736.0,1603.5,"Brownell, KS, 67521, Ness County",https://www.landwatch.com/ness-county-kansas-farms-and-ranches-for-sale/pid/426462173,,,1.0,0.667,0.733,0.5,0.5
433,0.6736,True,landandfarm,41092054,KS,Ness,210.0,336736.0,1603.5,"Brownell, KS, 67521",https://www.landandfarm.com/property/brownell-combo-farm-in-ness-county-41092054/,,,1.0,0.667,0.733,0.5,0.5
434,0.6736,True,landwatch,418364860,VA,Pulaski,1732.0,2650000.0,1530.02,"Draper, VA, 24324, Pulaski County",https://www.landwatch.com/pulaski-county-virginia-recreational-property-for-sale/pid/418364860,,,1.0,0.65,0.745,0.5,0.5
435,0.6736,True,landandfarm,32994740,VA,Pulaski,1732.0,2650000.0,1530.02,"Draper, VA, 24324",https://www.landandfarm.com/property/hogan-s-lake-1-732-ac-32994740/,,,1.0,0.65,0.745,0.5,0.5
436,0.6734,True,landwatch,426275896,VA,Buckingham,228.0,490000.0,2149.12,"New Canton, VA, 23123, Buckingham County",https://www.landwatch.com/buckingham-county-virginia-recreational-property-for-sale/pid/426275896,,,1.0,0.787,0.642,0.5,0.5
437,0.6734,True,landwatch,424556140,VA,Cumberland,228.0,490000.0,2149.12,"New Canton, VA, 23123, Cumberland County",https://www.landwatch.com/cumberland-county-virginia-undeveloped-land-for-sale/pid/424556140,,,1.0,0.787,0.642,0.5,0.5
438,0.6734,True,landandfarm,40905777,VA,Buckingham,228.0,490000.0,2149.12,"New Canton, VA, 23123",https://www.landandfarm.com/property/recreation-parcel-with-trails-40905777/,,,1.0,0.787,0.642,0.5,0.5
439,0.6734,True,landandfarm,39186021,VA,Cumberland,228.0,490000.0,2149.12,"New Canton, VA, 23123",https://www.landandfarm.com/property/vacant-land-new-canton-va-39186021/,,,1.0,0.787,0.642,0.5,0.5
440,0.6733,True,landsearch,4881785,ND,Hettinger,487.0,1156100.0,2373.92,"Reeder, ND 58649",https://www.landsearch.com/properties/reeder-nd-58649/4881785,,,1.0,0.836,0.604,0.5,0.5
441,0.6733,True,landwatch,424843164,ND,Hettinger,487.0,1156100.0,2373.92,"Reeder, ND, 58649, Hettinger County",https://www.landwatch.com/hettinger-county-north-dakota-farms-and-ranches-for-sale/pid/424843164,,,1.0,0.836,0.604,0.5,0.5
442,0.6733,True,landandfarm,39473045,ND,Hettinger,487.0,1156100.0,2373.92,"Reeder, ND, 58649",https://www.landandfarm.com/property/cedar-creek-478-39473045/,,,1.0,0.836,0.604,0.5,0.5
443,0.6729,True,landwatch,422014309,KY,Wayne,378.0,552000.0,1460.32,"Bronston, KY, 42518, Wayne County",https://www.landwatch.com/wayne-county-kentucky-timberland-property-for-sale/pid/422014309,,,1.0,0.632,0.757,0.5,0.5
444,0.6729,True,landandfarm,36644190,KY,Wayne,378.0,552000.0,1460.32,"Bronston, KY, 42518",https://www.landandfarm.com/property/slucher-36644190/,,,1.0,0.632,0.757,0.5,0.5
445,0.6725,True,landwatch,423018671,VA,Russell,320.0,425000.0,1328.12,"Castlewood, VA, 24224, Russell County",https://www.landwatch.com/russell-county-virginia-undeveloped-land-for-sale/pid/423018671,,,1.0,0.6,0.779,0.5,0.5
446,0.6725,True,landandfarm,37648552,VA,Russell,320.0,425000.0,1328.12,"Castlewood, VA, 24224",https://www.landandfarm.com/property/land-castlewood-va-37648552/,,,1.0,0.6,0.779,0.5,0.5
447,0.6724,True,landwatch,422302629,AR,Jefferson,580.0,870000.0,1500.0,"White Hall, AR, 71602, Jefferson County",https://www.landwatch.com/jefferson-county-arkansas-recreational-property-for-sale/pid/422302629,,,1.0,0.638,0.75,0.5,0.5
448,0.6724,True,landwatch,423439432,MI,Marquette,240.0,607200.0,2530.0,"Marquette, MI, 49855, Marquette County",https://www.landwatch.com/marquette-county-michigan-undeveloped-land-for-sale/pid/423439432,,,1.0,0.867,0.578,0.5,0.5
449,0.6724,True,landandfarm,38069313,MI,Marquette,240.0,607200.0,2530.0,"Marquette, MI, 49855",https://www.landandfarm.com/property/vacant-land-marquette-mi-38069313/,,,1.0,0.867,0.578,0.5,0.5
450,0.6724,True,landwatch,424120672,NE,Banner,323.0,305000.0,944.27,"Harrisburg, NE, 69345, Banner County",https://www.landwatch.com/banner-county-nebraska-farms-and-ranches-for-sale/pid/424120672,,,1.0,0.514,0.843,0.5,0.5
451,0.6724,True,landandfarm,38750553,NE,Banner,323.0,305000.0,944.27,"Harrisburg, NE, 69345",https://www.landandfarm.com/property/banner-county-grass-38750553/,,,1.0,0.514,0.843,0.5,0.5
452,0.6723,True,landwatch,425663750,KS,Rush,301.0,572280.0,1901.26,"Bison, KS, 67520, Rush County",https://www.landwatch.com/rush-county-kansas-farms-and-ranches-for-sale/pid/425663750,,,1.0,0.727,0.683,0.5,0.5
453,0.6723,True,landandfarm,40293631,KS,Rush,301.0,572280.0,1901.26,"Bison, KS, 67520",https://www.landandfarm.com/property/-shelter-creek-in-northern-rush-county-40293631/,,,1.0,0.727,0.683,0.5,0.5
454,0.6722,True,landwatch,426250216,TN,Haywood,254.0,750000.0,2952.76,"Brownsville, TN, 38012, Haywood County",https://www.landwatch.com/haywood-county-tennessee-recreational-property-for-sale/pid/426250216,,,1.0,0.96,0.508,0.5,0.5
455,0.672,True,landwatch,425006336,NY,Broome,249.0,699000.0,2807.23,"Binghamton, NY, 13903, Broome County",https://www.landwatch.com/broome-county-new-york-farms-and-ranches-for-sale/pid/425006336,,,1.0,0.927,0.532,0.5,0.5
456,0.672,True,landandfarm,39636217,NY,Broome,249.0,699000.0,2807.23,"Binghamton, NY, 13903",https://www.landandfarm.com/property/rare-249-acres-near-pennsylvania-border-riverfront-39636217/,,,1.0,0.927,0.532,0.5,0.5
457,0.672,True,landandfarm,36022112,MS,Jackson,298.0,595702.0,1999.0,"Moss Point, MS, 39562",https://www.landandfarm.com/property/big-creek-recreational-tract-36022112/,,,1.0,0.747,0.667,0.5,0.5
458,0.6717,True,landwatch,424104528,KS,Rush,315.0,471000.0,1495.24,"Rush Center, KS, 67575, Rush County",https://www.landwatch.com/rush-county-kansas-farms-and-ranches-for-sale/pid/424104528,,,1.0,0.633,0.751,0.5,0.5
459,0.6717,True,landandfarm,38734409,KS,Rush,315.0,471000.0,1495.24,"Rush Center, KS, 67575",https://www.landandfarm.com/property/314-acres-rush-county-grassland-38734409/,,,1.0,0.633,0.751,0.5,0.5
460,0.6716,True,landwatch,419799229,AL,Perry,232.0,534900.0,2305.6,"Marion, AL, 36756, Perry County",https://www.landwatch.com/perry-county-alabama-recreational-property-for-sale/pid/419799229,,,1.0,0.813,0.616,0.5,0.5
461,0.6716,True,landandfarm,34429109,AL,Perry,232.0,534900.0,2305.6,"Marion, AL, 36756",https://www.landandfarm.com/property/snow-hill-farm-34429109/,,,1.0,0.813,0.616,0.5,0.5
462,0.6714,True,landwatch,426099611,AL,Barbour,498.0,1149000.0,2307.23,"Midway, AL, 36053, Barbour County",https://www.landwatch.com/barbour-county-alabama-recreational-property-for-sale/pid/426099611,,,1.0,0.813,0.615,0.5,0.5
463,0.6714,True,landandfarm,40729492,AL,Barbour,498.0,1149000.0,2307.23,"Midway, AL, 36053",https://www.landandfarm.com/property/alabama-whitetail-camp-tract-40729492/,,,1.0,0.813,0.615,0.5,0.5
464,0.6708,True,landwatch,426314566,OK,Blaine,474.0,1150000.0,2426.16,"Okeene, OK, 73763, Blaine County",https://www.landwatch.com/blaine-county-oklahoma-farms-and-ranches-for-sale/pid/426314566,,,1.0,0.836,0.596,0.5,0.5
465,0.6708,True,landandfarm,40944447,OK,Blaine,474.0,1150000.0,2426.16,"Okeene, OK, 73763",https://www.landandfarm.com/property/blaine-county-mixed-farm-ranch-474-acres-40944447/,,,1.0,0.836,0.596,0.5,0.5
466,0.6707,True,landwatch,425240355,NE,Lincoln,1477.0,2350000.0,1591.06,"Brady, NE, 69123, Lincoln County",https://www.landwatch.com/lincoln-county-nebraska-farms-and-ranches-for-sale/pid/425240355,,,1.0,0.65,0.735,0.5,0.5
467,0.6707,True,landandfarm,39870236,NE,Lincoln,1477.0,2350000.0,1591.06,"Brady, NE, 69123",https://www.landandfarm.com/property/snell-canyon-road-ranch-lincoln-county-ne-39870236/,,,1.0,0.65,0.735,0.5,0.5
468,0.6706,True,landwatch,424592521,SD,Corson,1508.0,2400000.0,1591.51,"Morristown, SD, 57645, Corson County",https://www.landwatch.com/corson-county-south-dakota-farms-and-ranches-for-sale/pid/424592521,,,1.0,0.65,0.735,0.5,0.5
469,0.6706,True,landandfarm,39222402,SD,Corson,1508.0,2400000.0,1591.51,"Morristown, SD, 57645",https://www.landandfarm.com/property/working-ranch-farm-corson-county-sd-39222402/,,,1.0,0.65,0.735,0.5,0.5
470,0.6704,True,landwatch,426601378,NJ,Monmouth,715.0,499000.0,697.9,"Matawan, NJ, 07747, Monmouth County",https://www.landwatch.com/monmouth-county-new-jersey-homes-for-sale/pid/426601378,,,1.0,0.45,0.884,0.5,0.5
471,0.6704,True,landandfarm,41231259,NJ,Monmouth,715.0,499000.0,697.9,"Matawan, NJ, 07747",https://www.landandfarm.com/property/townhome-matawan-nj-41231259/,,,1.0,0.45,0.884,0.5,0.5
472,0.6701,True,landwatch,424545589,MI,Houghton,224.0,470000.0,2098.21,"South Range, MI, 49963, Houghton County",https://www.landwatch.com/houghton-county-michigan-undeveloped-land-for-sale/pid/424545589,,,1.0,0.76,0.65,0.5,0.5
473,0.6701,True,landwatch,425374666,MI,Houghton,224.0,470000.0,2098.21,"South Range, MI, 49963, Houghton County",https://www.landwatch.com/houghton-county-michigan-undeveloped-land-for-sale/pid/425374666,,,1.0,0.76,0.65,0.5,0.5
474,0.6701,True,landandfarm,39175470,MI,Houghton,224.0,470000.0,2098.21,"South Range, MI, 49963",https://www.landandfarm.com/property/vacant-land-south-range-mi-39175470/,,,1.0,0.76,0.65,0.5,0.5
475,0.6701,True,landandfarm,40004547,MI,Houghton,224.0,470000.0,2098.21,"South Range, MI, 49963",https://www.landandfarm.com/property/vacant-land-south-range-mi-40004547/,,,1.0,0.76,0.65,0.5,0.5
476,0.67,True,landwatch,424676987,MN,Marshall,319.0,450000.0,1410.66,"Gatzke, MN, 56724, Marshall County",https://www.landwatch.com/marshall-county-minnesota-farms-and-ranches-for-sale/pid/424676987,,,1.0,0.607,0.765,0.5,0.5
477,0.67,True,landandfarm,39306868,MN,Marshall,319.0,450000.0,1410.66,"Gatzke, MN, 56724",https://www.landandfarm.com/property/319-ac-move-in-ready-grazing-feeding-hunt-graze-or-just-get-away-39306868/,,,1.0,0.607,0.765,0.5,0.5
478,0.6699,True,landandfarm,36347111,AL,Etowah,279.0,729000.0,2612.9,"Boaz, AL, 35956",https://www.landandfarm.com/property/beautiful-hardwood-tract-rolling-terrain-with-views-and-hunting-36347111/,,,1.0,0.873,0.565,0.5,0.5
479,0.6698,True,landwatch,424320333,AR,Franklin,242.0,640000.0,2644.63,"Cecil, AR, 72930, Franklin County",https://www.landwatch.com/franklin-county-arkansas-recreational-property-for-sale/pid/424320333,,,1.0,0.88,0.559,0.5,0.5
480,0.6693,True,landwatch,426600135,KS,Wallace,320.0,446440.0,1395.12,"Sharon Springs, KS, 67758, Wallace County",https://www.landwatch.com/wallace-county-kansas-farms-and-ranches-for-sale/pid/426600135,,,1.0,0.6,0.767,0.5,0.5
481,0.6693,True,landandfarm,41230016,KS,Wallace,320.0,446440.0,1395.12,"Sharon Springs, KS, 67758",https://www.landandfarm.com/property/half-section-of-expired-crp-with-a-newly-accepted-10-year-crp-contract-41230016/,,,1.0,0.6,0.767,0.5,0.5
482,0.6687,True,landwatch,426021340,VA,Richmond,271.0,780000.0,2878.23,"Farnham, VA, 22460, Richmond County",https://www.landwatch.com/richmond-county-virginia-timberland-property-for-sale/pid/426021340,,,1.0,0.927,0.52,0.5,0.5
483,0.6687,True,landandfarm,40651221,VA,Richmond,271.0,780000.0,2878.23,"Farnham, VA, 22460",https://www.landandfarm.com/property/c95-tanager-ets-2006-40651221/,,,1.0,0.927,0.52,0.5,0.5
484,0.6686,True,landandfarm,40893485,TN,Morgan,615.0,765000.0,1243.9,"Oakdale, TN, 37829",https://www.landandfarm.com/property/morgan-615-40893485/,,,1.0,0.563,0.793,0.5,0.5
485,0.6679,True,landwatch,426444267,OH,Meigs,247.0,699900.0,2833.6,"Portland, OH, 45770, Meigs County",https://www.landwatch.com/meigs-county-ohio-recreational-property-for-sale/pid/426444267,,,1.0,0.913,0.528,0.5,0.5
486,0.6679,True,landandfarm,41074148,OH,Meigs,247.0,699900.0,2833.6,"Portland, OH, 45770",https://www.landandfarm.com/property/247-acres-meigs-county-ohio-41074148/,,,1.0,0.913,0.528,0.5,0.5
487,0.6676,True,landwatch,424000773,KY,Cumberland,276.0,759200.0,2750.72,"Burkesville, KY, 42717, Cumberland County",https://www.landwatch.com/cumberland-county-kentucky-recreational-property-for-sale/pid/424000773,,,1.0,0.893,0.542,0.5,0.5
488,0.6676,True,landandfarm,38630654,KY,Cumberland,276.0,759200.0,2750.72,"Burkesville, KY, 42717",https://www.landandfarm.com/property/276-acres-in-cumberland-county-with-cabin-and-barn-38630654/,,,1.0,0.893,0.542,0.5,0.5
489,0.6675,True,landwatch,426383671,VA,King And Queen,302.0,596000.0,1973.51,"King And Queen Court House, VA, 23085, King and Queen County",https://www.landwatch.com/king-and-queen-county-virginia-undeveloped-land-for-sale/pid/426383671,,,1.0,0.72,0.671,0.5,0.5
490,0.6675,True,landandfarm,41013552,VA,King and Queen,302.0,596000.0,1973.51,"King And Queen Court House, VA, 23085",https://www.landandfarm.com/property/land-king-and-queen-court-house-va-41013552/,,,1.0,0.72,0.671,0.5,0.5
491,0.6674,True,landwatch,425483326,MO,Adair,241.0,642000.0,2663.9,"Benton, MO, 63501, Adair County",https://www.landwatch.com/adair-county-missouri-farms-and-ranches-for-sale/pid/425483326,,,1.0,0.873,0.556,0.5,0.5
492,0.6674,True,landandfarm,40113207,MO,Adair,241.0,642000.0,2663.9,"Benton, MO, 63501",https://www.landandfarm.com/property/dairy-way-40113207/,,,1.0,0.873,0.556,0.5,0.5
493,0.6673,True,landwatch,426430309,NC,Pamlico,476.0,1199000.0,2518.91,"Grantsboro, NC, 28529, Pamlico County",https://www.landwatch.com/pamlico-county-north-carolina-recreational-property-for-sale/pid/426430309,,,1.0,0.84,0.58,0.5,0.5
494,0.6673,True,landandfarm,41060190,NC,Pamlico,476.0,1199000.0,2518.91,"Grantsboro, NC, 28529",https://www.landandfarm.com/property/pamlico-waterfront-recreational-tract-41060190/,,,1.0,0.84,0.58,0.5,0.5
495,0.6667,True,landwatch,423241823,KS,Wallace,320.0,464000.0,1450.0,"North of Sharon Springs, KS",https://www.landwatch.com/wallace-county-kansas-farms-and-ranches-for-sale/pid/423241823,,,1.0,0.6,0.758,0.5,0.5
496,0.6667,True,landwatch,424776224,TN,Hardeman,250.0,737500.0,2950.0,"Pocahontas, TN, 38061, Hardeman County",https://www.landwatch.com/hardeman-county-tennessee-undeveloped-land-for-sale/pid/424776224,,,1.0,0.933,0.508,0.5,0.5
497,0.6667,True,landandfarm,37871704,KS,Wallace,320.0,464000.0,1450.0,"North of Sharon Springs, KS",https://www.landandfarm.com/property/crp-acres-37871704/,,,1.0,0.6,0.758,0.5,0.5
498,0.6667,True,landandfarm,39406105,TN,Hardeman,250.0,737500.0,2950.0,"Pocahontas, TN, 38061",https://www.landandfarm.com/property/250-acre-tract-outdoor-enthusiasts-hunting-or-recreational-use-39406105/,,,1.0,0.933,0.508,0.5,0.5
499,0.6664,True,landwatch,422136104,WI,Price,917.0,1395000.0,1521.26,"Phillips, WI, 54555, Price County",https://www.landwatch.com/price-county-wisconsin-farms-and-ranches-for-sale/pid/422136104,,,1.0,0.615,0.746,0.5,0.5
500,0.6664,True,landandfarm,36765985,WI,Price,917.0,1395000.0,1521.26,"Phillips, WI, 54555",https://www.landandfarm.com/property/price-county-wisconsin-917-acres-for-sale-36765985/,,,1.0,0.615,0.746,0.5,0.5
501,0.6662,True,landwatch,424280854,MN,Pine,400.0,725000.0,1812.5,"Hinckley, MN, 55037, Pine County",https://www.landwatch.com/pine-county-minnesota-farms-and-ranches-for-sale/pid/424280854,,,1.0,0.678,0.698,0.5,0.5
502,0.6662,True,landandfarm,38910735,MN,Pine,400.0,725000.0,1812.5,"Hinckley, MN, 55037",https://www.landandfarm.com/property/take-a-closer-look-400-acres-property-38910735/,,,1.0,0.678,0.698,0.5,0.5
503,0.666,True,landwatch,423622096,AR,Hot Spring,270.0,800000.0,2962.96,"Bismarck, AR, 71929, Hot Spring County",https://www.landwatch.com/hot-spring-county-arkansas-timberland-property-for-sale/pid/423622096,,,1.0,0.933,0.506,0.5,0.5
504,0.666,True,landandfarm,38251977,AR,Hot Spring,270.0,800000.0,2962.96,"Bismarck, AR, 71929",https://www.landandfarm.com/property/5139-valley-creek-retreat-38251977/,,,1.0,0.933,0.506,0.5,0.5
505,0.6653,True,landwatch,425965351,TN,Scott,1016.0,1524090.0,1500.09,"Huntsville, TN, 37756, Scott County",https://www.landwatch.com/scott-county-tennessee-undeveloped-land-for-sale/pid/425965351,,,1.0,0.605,0.75,0.5,0.5
506,0.6649,True,landwatch,419331911,AL,Crenshaw,243.0,675000.0,2777.78,"Brantley, AL, 36009, Crenshaw County",https://www.landwatch.com/crenshaw-county-alabama-recreational-property-for-sale/pid/419331911,,,1.0,0.887,0.537,0.5,0.5
507,0.6645,True,landwatch,423091990,NE,Lincoln,592.0,917631.0,1550.05,"Brady, NE, 69123, Lincoln County",https://www.landwatch.com/lincoln-county-nebraska-farms-and-ranches-for-sale/pid/423091990,,,1.0,0.612,0.742,0.5,0.5
508,0.6645,True,landandfarm,37721871,NE,Lincoln,592.0,917631.0,1550.05,"Brady, NE, 69123",https://www.landandfarm.com/property/hidden-cattle-pasture-with-prime-hunting-opportunity-37721871/,,,1.0,0.612,0.742,0.5,0.5
509,0.6643,True,landwatch,425830278,AL,Pickens,205.0,338250.0,1650.0,"Carrollton, AL, 35447, Pickens County",https://www.landwatch.com/pickens-county-alabama-recreational-property-for-sale/pid/425830278,,,1.0,0.633,0.725,0.5,0.5
510,0.6643,True,landandfarm,40460159,AL,Pickens,205.0,338250.0,1650.0,"Carrollton, AL, 35447",https://www.landandfarm.com/property/premier-hunting-land-with-creeks-food-plots-near-the-tennessee-tombigbee-40460159/,,,1.0,0.633,0.725,0.5,0.5
511,0.6641,True,landwatch,425436685,NE,Perkins,235.0,600000.0,2553.19,"Elsie, NE, 69134, Perkins County",https://www.landwatch.com/perkins-county-nebraska-farms-and-ranches-for-sale/pid/425436685,,,1.0,0.833,0.574,0.5,0.5
512,0.6641,True,landandfarm,40066566,NE,Perkins,235.0,600000.0,2553.19,"Elsie, NE, 69134",https://www.landandfarm.com/property/elsie-ne-non-irrigated-farm-40066566/,,,1.0,0.833,0.574,0.5,0.5
513,0.6639,True,landwatch,421302395,MI,Alpena,240.0,650000.0,2708.33,"Lachine, MI, 49753, Alpena County",https://www.landwatch.com/alpena-county-michigan-farms-and-ranches-for-sale/pid/421302395,,,1.0,0.867,0.549,0.5,0.5
514,0.6639,True,landandfarm,35932275,MI,Alpena,240.0,650000.0,2708.33,"Lachine, MI, 49753",https://www.landandfarm.com/property/240-acres-in-alpena-county-35932275/,,,1.0,0.867,0.549,0.5,0.5
515,0.6637,True,landwatch,425098983,MN,Itasca,307.0,584041.0,1902.41,"Grand Rapids, MN, 55744, Itasca County",https://www.landwatch.com/itasca-county-minnesota-undeveloped-land-for-sale/pid/425098983,,,1.0,0.687,0.683,0.5,0.5
516,0.6637,True,landwatch,425042302,MN,Itasca,307.0,584041.0,1902.41,"Grand Rapids, MN, 55744, Itasca County",https://www.landwatch.com/itasca-county-minnesota-undeveloped-land-for-sale/pid/425042302,,,1.0,0.687,0.683,0.5,0.5
517,0.6637,True,landandfarm,39728864,MN,Itasca,307.0,584041.0,1902.41,"Grand Rapids, MN, 55744",https://www.landandfarm.com/property/307-acres-in-itasca-county-mn-39728864/,,,1.0,0.687,0.683,0.5,0.5
518,0.6637,True,landandfarm,39672183,MN,Itasca,307.0,584041.0,1902.41,"Grand Rapids, MN, 55744",https://www.landandfarm.com/property/307-acres-in-itasca-county-mn-39672183/,,,1.0,0.687,0.683,0.5,0.5
519,0.6636,True,landwatch,420340591,AR,Newton,290.0,699900.0,2413.45,"Jasper, AR, 72641, Newton County",https://www.landwatch.com/newton-county-arkansas-recreational-property-for-sale/pid/420340591,,,1.0,0.8,0.598,0.5,0.5
520,0.6636,True,landandfarm,34970471,AR,Newton,290.0,699900.0,2413.45,"Jasper, AR, 72641",https://www.landandfarm.com/property/stunningly-raw-and-rugged-wooded-land-with-custom-yurt-creek-and-springs-34970471/,,,1.0,0.8,0.598,0.5,0.5
521,0.6636,True,landwatch,421130455,MS,Jones,543.0,1107900.0,2040.33,"Laurel, MS, 39443, Jones County",https://www.landwatch.com/jones-county-mississippi-recreational-property-for-sale/pid/421130455,,,1.0,0.717,0.66,0.5,0.5
522,0.6636,True,landandfarm,35760335,MS,Jones,543.0,1107900.0,2040.33,"Laurel, MS, 39443",https://www.landandfarm.com/property/jo543-35760335/,,,1.0,0.717,0.66,0.5,0.5
523,0.6635,True,landwatch,425857901,OK,Dewey,490.0,1250000.0,2551.02,"Taloga, OK, 73667, Dewey County",https://www.landwatch.com/dewey-county-oklahoma-farms-and-ranches-for-sale/pid/425857901,,,1.0,0.83,0.575,0.5,0.5
524,0.6635,True,landandfarm,40487782,OK,Dewey,490.0,1250000.0,2551.02,"Taloga, OK, 73667",https://www.landandfarm.com/property/farm-ranch-land-10-acres-taloga-ok-40487782/,,,1.0,0.83,0.575,0.5,0.5
525,0.6634,True,landwatch,425268902,MS,Wayne,268.0,825000.0,3078.36,"Waynesboro, MS, 39367, Wayne County",https://www.landwatch.com/wayne-county-mississippi-timberland-property-for-sale/pid/425268902,,,1.0,0.947,0.487,0.5,0.5
526,0.6634,True,landwatch,426459306,VA,Halifax,270.0,815000.0,3018.52,"Vernon Hill, VA, 24597, Halifax County",https://www.landwatch.com/halifax-county-virginia-timberland-property-for-sale/pid/426459306,,,1.0,0.933,0.497,0.5,0.5
527,0.6634,True,landwatch,422607235,VA,Halifax,270.0,815000.0,3018.52,"Vernon Hill, VA, 24597, Halifax County",https://www.landwatch.com/halifax-county-virginia-timberland-property-for-sale/pid/422607235,,,1.0,0.933,0.497,0.5,0.5
528,0.6634,True,landandfarm,41089187,VA,Halifax,270.0,815000.0,3018.52,"Vernon Hill, VA, 24597",https://www.landandfarm.com/property/james-edmund-tract-41089187/,,,1.0,0.933,0.497,0.5,0.5
529,0.6634,True,landandfarm,37237116,VA,Halifax,270.0,815000.0,3018.52,"Vernon Hill, VA, 24597",https://www.landandfarm.com/property/james-edmund-tract-37237116/,,,1.0,0.933,0.497,0.5,0.5
530,0.6634,True,landwatch,423062583,PA,Fayette,256.0,819000.0,3199.22,"Uniontown, PA, 15401, Fayette County",https://www.landwatch.com/fayette-county-pennsylvania-recreational-property-for-sale/pid/423062583,,,1.0,0.973,0.467,0.5,0.5
531,0.6634,True,landandfarm,37692464,PA,Fayette,256.0,819000.0,3199.22,"Uniontown, PA, 15401",https://www.landandfarm.com/property/smiley-rd-fayette-county-255-acres-37692464/,,,1.0,0.973,0.467,0.5,0.5
532,0.663,True,landwatch,417936143,OK,Custer,979.0,1649615.0,1685.0,"Thomas, OK, 73669, Custer County",https://www.landwatch.com/custer-county-oklahoma-farms-and-ranches-for-sale/pid/417936143,,,1.0,0.635,0.719,0.5,0.5
533,0.6624,True,landwatch,425519745,AL,Talladega,234.0,599000.0,2559.83,"Sylacauga, AL, 35151, Talladega County",https://www.landwatch.com/talladega-county-alabama-recreational-property-for-sale/pid/425519745,,,1.0,0.827,0.573,0.5,0.5
534,0.6624,True,landandfarm,40149626,AL,Talladega,234.0,599000.0,2559.83,"Sylacauga, AL, 35151",https://www.landandfarm.com/property/acreage-sylacauga-al-40149626/,,,1.0,0.827,0.573,0.5,0.5
535,0.662,True,landwatch,424254051,NE,Lincoln,438.0,992250.0,2265.41,"North Platte, NE, 69101, Lincoln County",https://www.landwatch.com/lincoln-county-nebraska-farms-and-ranches-for-sale/pid/424254051,,,1.0,0.759,0.622,0.5,0.5
536,0.662,True,landandfarm,38883932,NE,Lincoln,438.0,992250.0,2265.41,"North Platte, NE, 69101",https://www.landandfarm.com/property/moran-canyon-combination-38883932/,,,1.0,0.759,0.622,0.5,0.5
537,0.6611,True,landwatch,426583837,TN,Campbell,758.0,795900.0,1050.0,"Pioneer, TN, 37771, Campbell County",https://www.landwatch.com/campbell-county-tennessee-recreational-property-for-sale/pid/426583837,,,1.0,0.485,0.825,0.5,0.5
538,0.6611,True,landandfarm,41213718,TN,Campbell,758.0,795900.0,1050.0,"Pioneer, TN, 37771",https://www.landandfarm.com/property/expansive-tract-situated-in-the-heart-of-the-region-s-premierooff-road-and-41213718/,,,1.0,0.485,0.825,0.5,0.5
539,0.6611,True,landsearch,5116948,AR,Drew,454.0,1106794.0,2437.87,"Wilmar, AR 71675",https://www.landsearch.com/properties/highway-133-wilmar-ar-71675/5116948,,,1.0,0.794,0.594,0.5,0.5
540,0.6611,True,landandfarm,35693379,AR,Clark,609.0,889000.0,1459.77,"Arkadelphia, AR, 71923",https://www.landandfarm.com/property/609-acres-of-prime-hunting-and-timber-investment-land-35693379/,,,1.0,0.576,0.757,0.5,0.5
541,0.6608,True,landwatch,425927740,PA,Fayette,356.0,535500.0,1504.21,"Connellsville, PA, 15425, Fayette County",https://www.landwatch.com/fayette-county-pennsylvania-undeveloped-land-for-sale/pid/425927740,,,1.0,0.585,0.749,0.5,0.5
542,0.6608,True,landandfarm,40557621,PA,Fayette,356.0,535500.0,1504.21,"Connellsville, PA, 15425",https://www.landandfarm.com/property/356-acres-in-fayette-county-pa-40557621/,,,1.0,0.585,0.749,0.5,0.5
543,0.6605,True,landwatch,424936289,WI,Sawyer,276.0,800000.0,2898.55,"Hayward, WI, 54843, Sawyer County",https://www.landwatch.com/sawyer-county-wisconsin-recreational-property-for-sale/pid/424936289,,,1.0,0.893,0.517,0.5,0.5
544,0.6605,True,landandfarm,39566170,WI,Sawyer,276.0,800000.0,2898.55,"Hayward, WI, 54843",https://www.landandfarm.com/property/recreational-paradise-managed-forest-by-namekagon-river-39566170/,,,1.0,0.893,0.517,0.5,0.5
545,0.6605,True,landwatch,426075983,MS,Tallahatchie,343.0,475000.0,1384.84,"Paynes, MS, 38920, Tallahatchie County",https://www.landwatch.com/tallahatchie-county-mississippi-farms-and-ranches-for-sale/pid/426075983,,,1.0,0.557,0.769,0.5,0.5
546,0.6605,True,landandfarm,40705864,MS,Tallahatchie,343.0,475000.0,1384.84,"Paynes, MS, 38920",https://www.landandfarm.com/property/shook-343-cabin-and-hunting-property-40705864/,,,1.0,0.557,0.769,0.5,0.5
547,0.6605,True,landwatch,420497083,AL,Crenshaw,235.0,618000.0,2629.79,"Rutledge, AL, 36071, Crenshaw County",https://www.landwatch.com/crenshaw-county-alabama-recreational-property-for-sale/pid/420497083,,,1.0,0.833,0.562,0.5,0.5
548,0.6605,True,landandfarm,35126963,AL,Crenshaw,235.0,618000.0,2629.79,"Rutledge, AL, 36071",https://www.landandfarm.com/property/-recently-regenerative-cook-stand-rd-235-35126963/,,,1.0,0.833,0.562,0.5,0.5
549,0.6605,True,landwatch,419189762,AL,Butler,281.0,772750.0,2750.0,"Greenville, AL, 36037, Butler County",https://www.landwatch.com/butler-county-alabama-recreational-property-for-sale/pid/419189762,,,1.0,0.86,0.542,0.5,0.5
550,0.6601,True,landwatch,425055632,KS,Pawnee,313.0,563000.0,1798.72,"Larned, KS, 67550, Pawnee County",https://www.landwatch.com/pawnee-county-kansas-farms-and-ranches-for-sale/pid/425055632,,,1.0,0.647,0.7,0.5,0.5
551,0.6601,True,landandfarm,39685513,KS,Pawnee,313.0,563000.0,1798.72,"Larned, KS, 67550",https://www.landandfarm.com/property/cocklebur-creek-pasture-and-cropland-39685513/,,,1.0,0.647,0.7,0.5,0.5
552,0.6599,True,landwatch,425894693,TN,Humphreys,436.0,999000.0,2291.28,"Waverly, TN, 37185, Humphreys County",https://www.landwatch.com/humphreys-county-tennessee-timberland-property-for-sale/pid/425894693,,,1.0,0.755,0.618,0.5,0.5
553,0.6599,True,landandfarm,40524574,TN,Humphreys,436.0,999000.0,2291.28,"Waverly, TN, 37185",https://www.landandfarm.com/property/excellent-hunting-recreational-tract-40524574/,,,1.0,0.755,0.618,0.5,0.5
554,0.6595,True,landwatch,425432879,NY,Chenango,200.0,319900.0,1599.5,"Guilford, NY, 13733, Chenango County",https://www.landwatch.com/chenango-county-new-york-recreational-property-for-sale/pid/425432879,,,1.0,0.6,0.733,0.5,0.5
555,0.6595,True,landandfarm,40062760,NY,Chenango,200.0,319900.0,1599.5,"Guilford, NY, 13733",https://www.landandfarm.com/property/large-wooded-building-lot-with-trails-stream-and-timber-480a-40062760/,,,1.0,0.6,0.733,0.5,0.5
556,0.6595,True,landandfarm,36926818,AL,DeKalb,300.0,660000.0,2200.0,"Valley Head, AL, 35989",https://www.landandfarm.com/property/wills-valley-300-36926818/,,,1.0,0.733,0.633,0.5,0.5
557,0.6594,True,landandfarm,40944446,OK,Kingfisher,560.0,1100000.0,1964.29,"Hitchcock, OK, 73744",https://www.landandfarm.com/property/county-line-560-kingfisher-blaine-counties-40944446/,,,1.0,0.681,0.673,0.5,0.5
558,0.6593,True,landwatch,422061877,TN,Shelby,650.0,450000.0,692.31,"Millington, TN, 38053, Shelby County",https://www.landwatch.com/shelby-county-tennessee-recreational-property-for-sale/pid/422061877,,,1.0,0.397,0.885,0.5,0.5
559,0.6591,True,landwatch,425764133,IN,Washington,268.0,849000.0,3167.91,"Scottsburg, IN, 47170, Washington County",https://www.landwatch.com/washington-county-indiana-recreational-property-for-sale/pid/425764133,,,1.0,0.947,0.472,0.5,0.5
560,0.6591,True,landandfarm,40394014,IN,Washington,268.0,849000.0,3167.91,"Scottsburg, IN, 47170",https://www.landandfarm.com/property/washington-county-indiana-hunting-farm-along-the-muscatutuck-river-40394014/,,,1.0,0.947,0.472,0.5,0.5
561,0.659,True,landwatch,425121943,KS,Russell,317.0,538900.0,1700.0,"Russell, KS, 67665, Russell County",https://www.landwatch.com/russell-county-kansas-farms-and-ranches-for-sale/pid/425121943,,,1.0,0.62,0.717,0.5,0.5
562,0.659,True,landandfarm,39751824,KS,Russell,317.0,538900.0,1700.0,"Russell, KS, 67665",https://www.landandfarm.com/property/income-producing-half-section-in-russell-county-ks-39751824/,,,1.0,0.62,0.717,0.5,0.5
563,0.6589,True,landwatch,419324072,TN,Benton,1355.0,2490000.0,1837.64,"Big Sandy, TN, 38221, Benton County",https://www.landwatch.com/benton-county-tennessee-recreational-property-for-sale/pid/419324072,,,1.0,0.65,0.694,0.5,0.5
564,0.6589,True,landandfarm,33953952,TN,Benton,1355.0,2490000.0,1837.64,"Big Sandy, TN, 38221",https://www.landandfarm.com/property/big-sandy-hunting-tract-33953952/,,,1.0,0.65,0.694,0.5,0.5
565,0.6584,True,landwatch,424162588,VA,Giles,620.0,875000.0,1411.29,"Narrows, VA, 24124, Giles County",https://www.landwatch.com/giles-county-virginia-farms-and-ranches-for-sale/pid/424162588,,,1.0,0.553,0.765,0.5,0.5
566,0.6584,True,landandfarm,38792469,VA,Giles,620.0,875000.0,1411.29,"Narrows, VA, 24124",https://www.landandfarm.com/property/tbd-wolf-creek-road-narrows-va-24124-38792469/,,,1.0,0.553,0.765,0.5,0.5
567,0.6583,True,landwatch,423570464,NY,Chenango,211.0,412500.0,1954.98,"Norwich, NY, 13815, Chenango County",https://www.landwatch.com/chenango-county-new-york-farms-and-ranches-for-sale/pid/423570464,,,1.0,0.673,0.674,0.5,0.5
568,0.6583,True,landandfarm,38200345,NY,Chenango,211.0,412500.0,1954.98,"Norwich, NY, 13815",https://www.landandfarm.com/property/farms-norwich-ny-38200345/,,,1.0,0.673,0.674,0.5,0.5
569,0.6581,True,landandfarm,40728090,KS,Grant,640.0,784000.0,1225.0,"Ulysses, KS, 67880",https://www.landandfarm.com/property/rebel-farm-ground-640-crp-tillable-40728090/,,,1.0,0.51,0.796,0.5,0.5
570,0.6581,True,landwatch,418792702,MS,Tallahatchie,205.0,365000.0,1780.49,"Cascilla, MS, 38920, Tallahatchie County",https://www.landwatch.com/tallahatchie-county-mississippi-recreational-property-for-sale/pid/418792702,,,1.0,0.633,0.703,0.5,0.5
571,0.6581,True,landandfarm,33422582,MS,Tallahatchie,205.0,365000.0,1780.49,"Cascilla, MS, 38920",https://www.landandfarm.com/property/the-tallahatchie-205-33422582/,,,1.0,0.633,0.703,0.5,0.5
572,0.658,True,landwatch,424902443,MS,Webster,252.0,804600.0,3192.86,"Eupora, MS 39744",https://www.landwatch.com/webster-county-mississippi-recreational-property-for-sale/pid/424902443,,,1.0,0.947,0.468,0.5,0.5
573,0.6578,True,landwatch,425972242,NE,Box Butte,333.0,448200.0,1345.95,"Hemingford, NE, 69348",https://www.landwatch.com/box-butte-county-nebraska-recreational-property-for-sale/pid/425972242,,,1.0,0.536,0.776,0.5,0.5
574,0.6578,True,landandfarm,40602123,NE,Box Butte,333.0,448200.0,1345.95,"Hemingford, NE, 69348",https://www.landandfarm.com/property/332-acres-box-butte-county-half-section-40602123/,,,1.0,0.536,0.776,0.5,0.5
575,0.6577,True,landsearch,5229368,MS,Noxubee,280.0,795000.0,2839.29,"Shuqualak, MS 39361",https://www.landsearch.com/properties/6045-highway-21-n-shuqualak-ms-39361/5229368,,,1.0,0.867,0.527,0.5,0.5
576,0.6577,True,landwatch,426575937,MS,Noxubee,280.0,795000.0,2839.29,"Shuqualak, MS, 39361, Noxubee County",https://www.landwatch.com/noxubee-county-mississippi-recreational-property-for-sale/pid/426575937,,,1.0,0.867,0.527,0.5,0.5
577,0.6577,True,landandfarm,41205818,MS,Noxubee,280.0,795000.0,2839.29,"Shuqualak, MS, 39361",https://www.landandfarm.com/property/noxubee-280-2-41205818/,,,1.0,0.867,0.527,0.5,0.5
578,0.6576,True,landandfarm,40664230,TN,Hardeman,252.0,806400.0,3200.0,"Saulsbury, TN, 38067",https://www.landandfarm.com/property/hardeman-252-40664230/,,,1.0,0.947,0.467,0.5,0.5
579,0.6574,True,landwatch,426272850,MS,Leake,269.0,854000.0,3174.72,"Acres Leake County, MS",https://www.landwatch.com/leake-county-mississippi-farms-and-ranches-for-sale/pid/426272850,,,1.0,0.94,0.471,0.5,0.5
580,0.6574,True,landandfarm,40902731,MS,Leake,269.0,854000.0,3174.72,"Acres Leake County, MS",https://www.landandfarm.com/property/-269-acres-leake-county-ms-40902731/,,,1.0,0.94,0.471,0.5,0.5
581,0.6573,True,landwatch,421974845,WI,Rusk,400.0,800000.0,2000.0,"Hawkins, WI, 54530, Rusk County",https://www.landwatch.com/rusk-county-wisconsin-recreational-property-for-sale/pid/421974845,,,1.0,0.678,0.667,0.5,0.5
582,0.6573,True,landandfarm,36604726,WI,Rusk,400.0,800000.0,2000.0,"Hawkins, WI, 54530",https://www.landandfarm.com/property/rusk-county-400-36604726/,,,1.0,0.678,0.667,0.5,0.5
583,0.6573,True,landandfarm,39748346,OK,Texas,478.0,1313675.0,2748.27,"Hough, OK, 73060",https://www.landandfarm.com/property/texas-county-irrigated-farm-39748346/,,,1.0,0.845,0.542,0.5,0.5
584,0.6571,True,landwatch,426664376,MS,Greene,420.0,921900.0,2195.0,"Jonathan, MS, 39451, Greene County",https://www.landwatch.com/greene-county-mississippi-recreational-property-for-sale/pid/426664376,,,1.0,0.721,0.634,0.5,0.5
585,0.6571,True,landandfarm,41294257,MS,Greene,420.0,921900.0,2195.0,"Jonathan, MS, 39451",https://www.landandfarm.com/property/420-ac-greene-county-ms-scoggins-property-41294257/,,,1.0,0.721,0.634,0.5,0.5
586,0.657,True,landwatch,425911494,KY,Greenup,368.0,625000.0,1698.37,"South Shore, KY, 41175, Greenup County",https://www.landwatch.com/greenup-county-kentucky-recreational-property-for-sale/pid/425911494,,,1.0,0.61,0.717,0.5,0.5
587,0.657,True,landandfarm,40541375,KY,Greenup,368.0,625000.0,1698.37,"South Shore, KY, 41175",https://www.landandfarm.com/property/established-hunting-farm-with-food-plots-creek-and-pond-40541375/,,,1.0,0.61,0.717,0.5,0.5
588,0.657,True,landwatch,426182847,PA,Cameron,251.0,799000.0,3183.27,"Emporium, PA, 15834, Cameron County",https://www.landwatch.com/cameron-county-pennsylvania-undeveloped-land-for-sale/pid/426182847,,,1.0,0.94,0.469,0.5,0.5
589,0.657,True,landandfarm,40812728,PA,Cameron,251.0,799000.0,3183.27,"Emporium, PA, 15834",https://www.landandfarm.com/property/land-emporium-pa-40812728/,,,1.0,0.94,0.469,0.5,0.5
590,0.657,True,landwatch,417371687,TN,Chester,415.0,892250.0,2150.0,"Bethel Springs, TN, 38315, Chester County",https://www.landwatch.com/chester-county-tennessee-recreational-property-for-sale/pid/417371687,,,1.0,0.71,0.642,0.5,0.5
591,0.657,True,landandfarm,32001567,TN,Chester,415.0,892250.0,2150.0,"Bethel Springs, TN, 38315",https://www.landandfarm.com/property/415-acres-chester-co-lh-09-32001567/,,,1.0,0.71,0.642,0.5,0.5
592,0.6564,True,landwatch,425961389,KY,Greenup,407.0,849000.0,2086.0,"Greenup, KY, 41144, Greenup County",https://www.landwatch.com/greenup-county-kentucky-farms-and-ranches-for-sale/pid/425961389,,,1.0,0.693,0.652,0.5,0.5
593,0.6564,True,landandfarm,40591270,KY,Greenup,407.0,849000.0,2086.0,"Greenup, KY, 41144",https://www.landandfarm.com/property/diverse-hunting-farm-with-tillable-acreage-ponds-timber-and-trail-system-40591270/,,,1.0,0.693,0.652,0.5,0.5
594,0.6563,True,landwatch,426527514,NE,Garden,813.0,1100000.0,1353.01,"Oshkosh, NE 69154",https://www.landwatch.com/garden-county-nebraska-farms-and-ranches-for-sale/pid/426527514,,,1.0,0.53,0.774,0.5,0.5
595,0.6563,True,landandfarm,41157395,NE,Garden,813.0,1100000.0,1353.01,"Oshkosh, NE 69154",https://www.landandfarm.com/property/813-acres-garden-county-pasture-41157395/,,,1.0,0.53,0.774,0.5,0.5
596,0.6562,True,landsearch,4770277,AL,Marion,506.0,1290000.0,2549.41,"Phil Campbell, AL 35581",https://www.landsearch.com/properties/65400-state-route-172-phil-campbell-al-35581/4770277,,,1.0,0.796,0.575,0.5,0.5
597,0.6562,True,landwatch,425242297,KY,Wayne,201.0,341700.0,1700.0,"Monticello, KY, 42633, Wayne County",https://www.landwatch.com/wayne-county-kentucky-recreational-property-for-sale/pid/425242297,,,1.0,0.607,0.717,0.5,0.5
598,0.6562,True,landandfarm,39872178,KY,Wayne,201.0,341700.0,1700.0,"Monticello, KY, 42633",https://www.landandfarm.com/property/201-acre-timber-tract-in-wayne-county-39872178/,,,1.0,0.607,0.717,0.5,0.5
599,0.6561,True,landwatch,425448534,NY,Queens,1250.0,1045000.0,836.0,"East Elmhurst, NY, 11370, Queens County",https://www.landwatch.com/queens-county-new-york-homes-for-sale/pid/425448534,,,1.0,0.414,0.861,0.5,0.5
600,0.6561,True,landandfarm,40078415,NY,Queens,1250.0,1045000.0,836.0,"East Elmhurst, NY, 11370",https://www.landandfarm.com/property/multi-family-east-elmhurst-ny-40078415/,,,1.0,0.414,0.861,0.5,0.5
601,0.656,True,landwatch,419168188,NE,Hayes,917.0,1595000.0,1739.37,"Palisade, NE, 69040, Hayes County",https://www.landwatch.com/hayes-county-nebraska-farms-and-ranches-for-sale/pid/419168188,,,1.0,0.615,0.71,0.5,0.5
602,0.656,True,landandfarm,33798068,NE,Hayes,917.0,1595000.0,1739.37,"Palisade, NE, 69040",https://www.landandfarm.com/property/hayes-county-upland-and-crp-33798068/,,,1.0,0.615,0.71,0.5,0.5
603,0.6555,True,landwatch,425062740,PA,Tioga,505.0,1300000.0,2574.26,"Westfield, PA, 16950, Tioga County",https://www.landwatch.com/tioga-county-pennsylvania-recreational-property-for-sale/pid/425062740,,,1.0,0.798,0.571,0.5,0.5
604,0.6555,True,landandfarm,39692621,PA,Tioga,505.0,1300000.0,2574.26,"Westfield, PA, 16950",https://www.landandfarm.com/property/505-acre-hunting-and-recreational-land-tioga-county-pa-39692621/,,,1.0,0.798,0.571,0.5,0.5
605,0.655,True,landwatch,424682871,KY,Morgan,225.0,549900.0,2444.0,"West Liberty, KY, 41472, Morgan County",https://www.landwatch.com/morgan-county-kentucky-farms-and-ranches-for-sale/pid/424682871,,,1.0,0.767,0.593,0.5,0.5
606,0.655,True,landandfarm,39312752,KY,Morgan,225.0,549900.0,2444.0,"West Liberty, KY, 41472",https://www.landandfarm.com/property/farms-west-liberty-ky-39312752/,,,1.0,0.767,0.593,0.5,0.5
607,0.655,True,landwatch,425507911,TN,Henry,240.0,695000.0,2895.83,"Puryear, TN, 38251, Henry County",https://www.landwatch.com/henry-county-tennessee-recreational-property-for-sale/pid/425507911,,,1.0,0.867,0.517,0.5,0.5
608,0.655,True,landandfarm,40137792,TN,Henry,240.0,695000.0,2895.83,"Puryear, TN, 38251",https://www.landandfarm.com/property/240-acres-with-off-grid-river-cabin-and-hunting-land-in-henry-county-tn-40137792/,,,1.0,0.867,0.517,0.5,0.5
609,0.6549,True,landwatch,425227467,NY,Fulton,209.0,411000.0,1966.51,"Northville, NY, 12134, Fulton County",https://www.landwatch.com/fulton-county-new-york-recreational-property-for-sale/pid/425227467,,,1.0,0.66,0.672,0.5,0.5
610,0.6549,True,landwatch,426111493,NY,Fulton,209.0,411000.0,1966.51,"Northville, NY, 12134, Fulton County",https://www.landwatch.com/fulton-county-new-york-undeveloped-land-for-sale/pid/426111493,,,1.0,0.66,0.672,0.5,0.5
611,0.6549,True,landandfarm,39857348,NY,Fulton,209.0,411000.0,1966.51,"Northville, NY, 12134",https://www.landandfarm.com/property/adk-legacy-property-39857348/,,,1.0,0.66,0.672,0.5,0.5
612,0.6549,True,landandfarm,40741374,NY,Fulton,209.0,411000.0,1966.51,"Northville, NY, 12134",https://www.landandfarm.com/property/land-northville-ny-40741374/,,,1.0,0.66,0.672,0.5,0.5
613,0.6548,True,landwatch,422998316,NE,Kimball,662.0,550000.0,830.82,"Kimball, NE, 69145, Kimball County",https://www.landwatch.com/kimball-county-nebraska-farms-and-ranches-for-sale/pid/422998316,,,1.0,0.407,0.862,0.5,0.5
614,0.6548,True,landandfarm,37628197,NE,Kimball,662.0,550000.0,830.82,"Kimball, NE, 69145",https://www.landandfarm.com/property/south-kimball-combo-tillable-and-crp-property-37628197/,,,1.0,0.407,0.862,0.5,0.5
615,0.6548,True,landwatch,426088291,OK,Pittsburg,478.0,1338400.0,2800.0,"Quinton, OK, 74561, Pittsburg County",https://www.landwatch.com/pittsburg-county-oklahoma-farms-and-ranches-for-sale/pid/426088291,,,1.0,0.845,0.533,0.5,0.5
616,0.6548,True,landandfarm,40718172,OK,Pittsburg,478.0,1338400.0,2800.0,"Quinton, OK, 74561",https://www.landandfarm.com/property/pittsburg-county-retreat-with-creek-ponds-premier-hunting-habitat-40718172/,,,1.0,0.845,0.533,0.5,0.5
617,0.6546,True,landwatch,426354923,MS,Pearl River,415.0,913000.0,2200.0,"Picayune, MS, 39466, Pearl River County",https://www.landwatch.com/pearl-river-county-mississippi-recreational-property-for-sale/pid/426354923,,,1.0,0.71,0.633,0.5,0.5
618,0.6546,True,landandfarm,40984804,MS,Pearl River,415.0,913000.0,2200.0,"Picayune, MS, 39466",https://www.landandfarm.com/property/recreational-and-investment-tract-with-pearl-river-frontage-40984804/,,,1.0,0.71,0.633,0.5,0.5
619,0.6545,True,landwatch,425429039,WI,Iron,400.0,823000.0,2057.5,"Hurley, WI, 54534, Iron County",https://www.landwatch.com/iron-county-wisconsin-timberland-property-for-sale/pid/425429039,,,1.0,0.678,0.657,0.5,0.5
620,0.6545,True,landandfarm,40058920,WI,Iron,400.0,823000.0,2057.5,"Hurley, WI, 54534",https://www.landandfarm.com/property/213125-spectacular-iron-county-acreage-40058920/,,,1.0,0.678,0.657,0.5,0.5
621,0.6545,True,landsearch,4834971,OK,Pittsburg,467.0,1261494.0,2701.27,"McAlester, OK 74501",https://www.landsearch.com/properties/hooser-rd-mcalester-ok-74501/4834971,,,1.0,0.821,0.55,0.5,0.5
622,0.6545,True,landwatch,424560237,OK,Pittsburg,467.0,1261494.0,2701.27,"Mcalester, OK, 74501, Pittsburg County",https://www.landwatch.com/pittsburg-county-oklahoma-farms-and-ranches-for-sale/pid/424560237,,,1.0,0.821,0.55,0.5,0.5
623,0.6545,True,landwatch,426485136,MS,Monroe,446.0,1115000.0,2500.0,"Caledonia, MS, 39740, Monroe County",https://www.landwatch.com/monroe-county-mississippi-recreational-property-for-sale/pid/426485136,,,1.0,0.776,0.583,0.5,0.5
624,0.6545,True,landandfarm,41115017,MS,Monroe,446.0,1115000.0,2500.0,"Caledonia, MS, 39740",https://www.landandfarm.com/property/turn-key-446-acre-hunting-retreat-with-timber-investment-and-farm-incom-41115017/,,,1.0,0.776,0.583,0.5,0.5
625,0.6544,True,landwatch,423877316,KS,Logan,312.0,607425.0,1946.88,"Oakley, KS, 67748, Logan County",https://www.landwatch.com/logan-county-kansas-farms-and-ranches-for-sale/pid/423877316,,,1.0,0.653,0.676,0.5,0.5
626,0.6544,True,landandfarm,38507197,KS,Logan,312.0,607425.0,1946.88,"Oakley, KS, 67748",https://www.landandfarm.com/property/311-5-acres-of-high-quality-tillable-with-bonus-mule-deer-hunting-in-lo-38507197/,,,1.0,0.653,0.676,0.5,0.5
627,0.654,True,landwatch,425315531,WI,Wood,240.0,699900.0,2916.25,"Wisconsin Rapids, WI, 54495, Wood County",https://www.landwatch.com/wood-county-wisconsin-undeveloped-land-for-sale/pid/425315531,,,1.0,0.867,0.514,0.5,0.5
628,0.654,True,landwatch,426500015,AL,Washington,240.0,699900.0,2916.25,"Deer Park, AL, 36529, Washington County",https://www.landwatch.com/washington-county-alabama-timberland-property-for-sale/pid/426500015,,,1.0,0.867,0.514,0.5,0.5
629,0.654,True,landandfarm,39945412,WI,Wood,240.0,699900.0,2916.25,"Wisconsin Rapids, WI, 54495",https://www.landandfarm.com/property/recreational-timber-wisconsin-rapids-wi-39945412/,,,1.0,0.867,0.514,0.5,0.5
630,0.654,True,landandfarm,41129896,AL,Washington,240.0,699900.0,2916.25,"Deer Park, AL, 36529",https://www.landandfarm.com/property/deer-park-home-and-timber-investment-41129896/,,,1.0,0.867,0.514,0.5,0.5
631,0.6538,True,landandfarm,41218572,KS,Cheyenne,800.0,1086000.0,1357.5,"Saint Francis, KS, 67756",https://www.landandfarm.com/property/800-acres-cropland-grass-w-gas-production-cheyenne-county-kansas-41218572/,,,1.0,0.519,0.774,0.5,0.5
632,0.6538,True,landwatch,426334191,NY,Schoharie,295.0,729000.0,2471.19,"Warnerville, NY, 12187, Schoharie County",https://www.landwatch.com/schoharie-county-new-york-undeveloped-land-for-sale/pid/426334191,,,1.0,0.767,0.588,0.5,0.5
633,0.6538,True,landandfarm,40964072,NY,Schoharie,295.0,729000.0,2471.19,"Warnerville, NY, 12187",https://www.landandfarm.com/property/295-acres-of-private-wooded-land-40964072/,,,1.0,0.767,0.588,0.5,0.5
634,0.6537,True,landwatch,426528484,VA,Nottoway,269.0,875000.0,3252.79,"Burkeville, VA, 23922, Nottoway County",https://www.landwatch.com/nottoway-county-virginia-recreational-property-for-sale/pid/426528484,,,1.0,0.94,0.458,0.5,0.5
635,0.6537,True,landandfarm,41158365,VA,Nottoway,269.0,875000.0,3252.79,"Burkeville, VA, 23922",https://www.landandfarm.com/property/holly-farms-road-268-acres-41158365/,,,1.0,0.94,0.458,0.5,0.5
636,0.6536,True,landwatch,422552623,KS,Barber,418.0,940500.0,2250.0,"Medicine Lodge, KS, 67104, Barber County",https://www.landwatch.com/barber-county-kansas-recreational-property-for-sale/pid/422552623,,,1.0,0.717,0.625,0.5,0.5
637,0.6536,True,landandfarm,37182504,KS,Barber,418.0,940500.0,2250.0,"Medicine Lodge, KS, 67104",https://www.landandfarm.com/property/ks-barber-418-acres-37182504/,,,1.0,0.717,0.625,0.5,0.5
638,0.6536,True,landsearch,5048896,VA,Charlotte,267.0,885000.0,3314.61,"Phenix, VA",https://www.landsearch.com/properties/phenix-va/5048896,,,1.0,0.953,0.448,0.5,0.5
639,0.6536,True,landwatch,425755339,VA,Charlotte,267.0,885000.0,3314.61,"Phenix, VA, 23953, Charlotte County",https://www.landwatch.com/charlotte-county-virginia-recreational-property-for-sale/pid/425755339,,,1.0,0.953,0.448,0.5,0.5
640,0.6536,True,landandfarm,40385220,VA,Charlotte,267.0,885000.0,3314.61,"Phenix, VA, 23953",https://www.landandfarm.com/property/rough-creek-tract-40385220/,,,1.0,0.953,0.448,0.5,0.5
641,0.6535,True,landsearch,4962463,AL,Etowah,254.0,849900.0,3346.06,"Rockledge, AL 35954",https://www.landsearch.com/properties/mccrane-farm-rockledge-al-35954/4962463,,,1.0,0.96,0.442,0.5,0.5
642,0.6535,True,landwatch,423428085,AL,Etowah,254.0,849900.0,3346.06,"Attalla, AL, 35954, Etowah County",https://www.landwatch.com/etowah-county-alabama-recreational-property-for-sale/pid/423428085,,,1.0,0.96,0.442,0.5,0.5
643,0.6535,True,landandfarm,38057966,AL,Etowah,254.0,849900.0,3346.06,"Attalla, AL, 35954",https://www.landandfarm.com/property/the-craft-254-38057966/,,,1.0,0.96,0.442,0.5,0.5
644,0.6535,True,landwatch,423906310,NY,Jefferson,307.0,649900.0,2116.94,"Clayton, NY, 13624, Jefferson County",https://www.landwatch.com/jefferson-county-new-york-farms-and-ranches-for-sale/pid/423906310,,,1.0,0.687,0.647,0.5,0.5
645,0.6535,True,landwatch,425161474,NY,Chautauqua,307.0,649900.0,2116.94,"Forestville, NY, 14062, Chautauqua County",https://www.landwatch.com/chautauqua-county-new-york-farms-and-ranches-for-sale/pid/425161474,,,1.0,0.687,0.647,0.5,0.5
646,0.6535,True,landandfarm,38536191,NY,Jefferson,307.0,649900.0,2116.94,"Clayton, NY, 13624",https://www.landandfarm.com/property/farms-clayton-ny-38536191/,,,1.0,0.687,0.647,0.5,0.5
647,0.6535,True,landandfarm,39791355,NY,Chautauqua,307.0,649900.0,2116.94,"Forestville, NY, 14062",https://www.landandfarm.com/property/farms-forestville-ny-39791355/,,,1.0,0.687,0.647,0.5,0.5
648,0.6534,True,landwatch,425834382,NY,Steuben,551.0,1200000.0,2177.86,"Canisteo, NY, 14823, Steuben County",https://www.landwatch.com/steuben-county-new-york-recreational-property-for-sale/pid/425834382,,,1.0,0.7,0.637,0.5,0.5
649,0.6534,True,landandfarm,40464263,NY,Steuben,551.0,1200000.0,2177.86,"Canisteo, NY, 14823",https://www.landandfarm.com/property/unique-550-96-acre-property-40464263/,,,1.0,0.7,0.637,0.5,0.5
650,0.6532,True,landwatch,424838406,NE,Blaine,1007.0,1800000.0,1787.49,"Dunning, NE, 68833, Blaine County",https://www.landwatch.com/blaine-county-nebraska-farms-and-ranches-for-sale/pid/424838406,,,1.0,0.612,0.702,0.5,0.5
651,0.653,True,landwatch,425966133,MI,Delta,200.0,347500.0,1737.5,"Perkins, MI, 49872, Delta County",https://www.landwatch.com/delta-county-michigan-undeveloped-land-for-sale/pid/425966133,,,1.0,0.6,0.71,0.5,0.5
652,0.653,True,landandfarm,40596014,MI,Delta,200.0,347500.0,1737.5,"Perkins, MI, 49872",https://www.landandfarm.com/property/vacant-land-perkins-mi-40596014/,,,1.0,0.6,0.71,0.5,0.5
653,0.653,True,landwatch,422697692,NC,Edgecombe,357.0,599000.0,1677.87,"Whitakers, NC, 27891, Edgecombe County",https://www.landwatch.com/edgecombe-county-north-carolina-recreational-property-for-sale/pid/422697692,,,1.0,0.587,0.72,0.5,0.5
654,0.653,True,landandfarm,37327573,NC,Edgecombe,357.0,599000.0,1677.87,"Whitakers, NC, 27891",https://www.landandfarm.com/property/357-ac-with-creek-atv-trails-edgecombe-county-nc-37327573/,,,1.0,0.587,0.72,0.5,0.5
655,0.6525,True,landwatch,425414200,WI,Oneida,400.0,840000.0,2100.0,"Tomahawk, WI, 54487, Oneida County",https://www.landwatch.com/oneida-county-wisconsin-undeveloped-land-for-sale/pid/425414200,,,1.0,0.678,0.65,0.5,0.5
656,0.6525,True,landwatch,425425013,WI,Oneida,400.0,840000.0,2100.0,"Tomahawk, WI, 54487, Oneida County",https://www.landwatch.com/oneida-county-wisconsin-undeveloped-land-for-sale/pid/425425013,,,1.0,0.678,0.65,0.5,0.5
657,0.6525,True,landandfarm,40044081,WI,Oneida,400.0,840000.0,2100.0,"Tomahawk, WI, 54487",https://www.landandfarm.com/property/land-tomahawk-wi-40044081/,,,1.0,0.678,0.65,0.5,0.5
658,0.6525,True,landwatch,426554200,MS,Attala,200.0,349500.0,1747.5,"Ethel, MS, 39067, Attala County",https://www.landwatch.com/attala-county-mississippi-recreational-property-for-sale/pid/426554200,,,1.0,0.6,0.709,0.5,0.5
659,0.6525,True,landandfarm,41184081,MS,Attala,200.0,349500.0,1747.5,"Ethel, MS, 39067",https://www.landandfarm.com/property/attala-200-41184081/,,,1.0,0.6,0.709,0.5,0.5
660,0.6525,True,landwatch,425972241,NE,Box Butte,639.0,864000.0,1352.11,"Hemingford, NE, 69348",https://www.landwatch.com/box-butte-county-nebraska-recreational-property-for-sale/pid/425972241,,,1.0,0.512,0.775,0.5,0.5
661,0.6525,True,landandfarm,40602122,NE,Box Butte,639.0,864000.0,1352.11,"Hemingford, NE, 69348",https://www.landandfarm.com/property/638-acres-box-butte-county-crp-section-40602122/,,,1.0,0.512,0.775,0.5,0.5
662,0.6518,True,landwatch,425803759,NE,Red Willow,413.0,925000.0,2239.71,"Indianola, NE, 69034, Red Willow County",https://www.landwatch.com/red-willow-county-nebraska-farms-and-ranches-for-sale/pid/425803759,,,1.0,0.706,0.627,0.5,0.5
663,0.6518,True,landandfarm,40433640,NE,Red Willow,413.0,925000.0,2239.71,"Indianola, NE, 69034",https://www.landandfarm.com/property/l-2600201-412-83-acres-red-willow-county-nebraska-40433640/,,,1.0,0.706,0.627,0.5,0.5
664,0.6515,True,landwatch,426122543,MS,Pontotoc,489.0,1375000.0,2811.86,"Thaxton, MS, 38871, Pontotoc County",https://www.landwatch.com/pontotoc-county-mississippi-farms-and-ranches-for-sale/pid/426122543,,,1.0,0.832,0.531,0.5,0.5
665,0.6511,True,landwatch,425596874,NE,Knox,256.0,885000.0,3457.03,"Verdel, NE, 68760, Knox County",https://www.landwatch.com/knox-county-nebraska-recreational-property-for-sale/pid/425596874,,,1.0,0.973,0.424,0.5,0.5
666,0.6511,True,landandfarm,40226755,NE,Knox,256.0,885000.0,3457.03,"Verdel, NE, 68760",https://www.landandfarm.com/property/prime-hunting-ground-and-pasture-for-grazing-40226755/,,,1.0,0.973,0.424,0.5,0.5
667,0.651,True,landwatch,424426897,AL,Monroe,236.0,674500.0,2858.05,"Frisco City, AL, 36445, Monroe County",https://www.landwatch.com/monroe-county-alabama-recreational-property-for-sale/pid/424426897,,,1.0,0.84,0.524,0.5,0.5
668,0.651,True,landandfarm,39056778,AL,Monroe,236.0,674500.0,2858.05,"Frisco City, AL, 36445",https://www.landandfarm.com/property/wild-fork-road-39056778/,,,1.0,0.84,0.524,0.5,0.5
669,0.6508,True,landwatch,419990470,NY,Montgomery,395.0,825000.0,2088.61,"Fort Ann, NY, 12827, Montgomery County",https://www.landwatch.com/montgomery-county-new-york-land-for-sale/pid/419990470,,,1.0,0.668,0.652,0.5,0.5
670,0.6508,True,landandfarm,34620350,NY,Montgomery,395.0,825000.0,2088.61,"Fort Ann, NY, 12827",https://www.landandfarm.com/property/l12-artillery-patent-fort-ann-ny-12827-34620350/,,,1.0,0.668,0.652,0.5,0.5
671,0.6502,True,landwatch,425177887,GA,Ware,250.0,823750.0,3295.0,"Manor, GA, 31550, Ware County",https://www.landwatch.com/ware-county-georgia-recreational-property-for-sale/pid/425177887,,,1.0,0.933,0.451,0.5,0.5
672,0.6502,True,landandfarm,39807768,GA,Ware,250.0,823750.0,3295.0,"Manor, GA, 31550",https://www.landandfarm.com/property/fire-tower-pines-250-acres-of-prime-hunting-timberland-in-ware-county-39807768/,,,1.0,0.933,0.451,0.5,0.5
673,0.6501,True,landwatch,424877148,OK,Dewey,400.0,860000.0,2150.0,"Putnam, OK, 73659, Dewey County",https://www.landwatch.com/dewey-county-oklahoma-farms-and-ranches-for-sale/pid/424877148,,,1.0,0.678,0.642,0.5,0.5
674,0.6501,True,landandfarm,39507029,OK,Dewey,400.0,860000.0,2150.0,"Putnam, OK, 73659",https://www.landandfarm.com/property/dewey-county-property-offers-a-variety-of-hunting-options-39507029/,,,1.0,0.678,0.642,0.5,0.5
675,0.6501,True,landsearch,5086384,KS,Graham,519.0,1325000.0,2552.99,"Damar, KS 67632",https://www.landsearch.com/properties/l-rd-damar-ks-67632/5086384,,,1.0,0.768,0.575,0.5,0.5
676,0.6501,True,landwatch,425906951,KS,Graham,519.0,1325000.0,2552.99,"Damar, KS, 67632, Graham County",https://www.landwatch.com/graham-county-kansas-farms-and-ranches-for-sale/pid/425906951,,,1.0,0.768,0.575,0.5,0.5
677,0.6501,True,landandfarm,40536832,KS,Graham,519.0,1325000.0,2552.99,"Damar, KS, 67632",https://www.landandfarm.com/property/premier-sand-creek-hunting-farm-40536832/,,,1.0,0.768,0.575,0.5,0.5
678,0.65,True,landsearch,5181184,OK,Harper,320.0,576000.0,1800.0,"Laverne, OK 73848",https://www.landsearch.com/properties/laverne-ok-73848/5181184,,,1.0,0.6,0.7,0.5,0.5
679,0.65,True,landwatch,423093485,AL,Randolph,280.0,840104.0,3000.37,"Wadley, AL, 36278, Randolph County",https://www.landwatch.com/randolph-county-alabama-recreational-property-for-sale/pid/423093485,,,1.0,0.867,0.5,0.5,0.5
680,0.65,True,landandfarm,37723366,AL,Randolph,280.0,840104.0,3000.37,"Wadley, AL, 36278",https://www.landandfarm.com/property/dickert-tract-1-37723366/,,,1.0,0.867,0.5,0.5,0.5
681,0.6498,True,landandfarm,38106118,AR,Lincoln,272.0,882375.0,3244.03,"Cornerville, AR, 71667",https://www.landandfarm.com/property/271-5-acres-in-lincoln-county-arkansas-pasture-timber-and-opportunity-38106118/,,,1.0,0.92,0.459,0.5,0.5
682,0.6496,True,landwatch,425804289,VA,Charlotte,250.0,827000.0,3308.0,"Phenix, VA, 23945, Charlotte County",https://www.landwatch.com/charlotte-county-virginia-recreational-property-for-sale/pid/425804289,,,1.0,0.933,0.449,0.5,0.5
683,0.6496,True,landandfarm,40434170,VA,Charlotte,250.0,827000.0,3308.0,"Phenix, VA, 23945",https://www.landandfarm.com/property/whites-chapel-road-tract-40434170/,,,1.0,0.933,0.449,0.5,0.5
684,0.6496,True,landwatch,426255753,TN,Putnam,331.0,496500.0,1500.0,"Baxter, TN, 38544, Putnam County",https://www.landwatch.com/putnam-county-tennessee-farms-and-ranches-for-sale/pid/426255753,,,1.0,0.531,0.75,0.5,0.5
685,0.6496,True,landandfarm,40885634,TN,Putnam,331.0,496500.0,1500.0,"Baxter, TN, 38544",https://www.landandfarm.com/property/hunting-and-recreational-tract-with-build-site-mountain-stream-and-conserv-40885634/,,,1.0,0.531,0.75,0.5,0.5
686,0.6494,True,landwatch,421911361,MO,New Madrid,433.0,1075000.0,2482.68,"Portageville, MO, 63873, New Madrid County",https://www.landwatch.com/new-madrid-county-missouri-hunting-property-for-sale/pid/421911361,,,1.0,0.749,0.586,0.5,0.5
687,0.6494,True,landandfarm,36541242,MO,New Madrid,433.0,1075000.0,2482.68,"Portageville, MO, 63873",https://www.landandfarm.com/property/433-acres-waterfowl-property-new-madrid-county-missouri-36541242/,,,1.0,0.749,0.586,0.5,0.5
688,0.6493,True,landwatch,421489722,OK,Latimer,393.0,825300.0,2100.0,"Red Oak, OK, 74563, Latimer County",https://www.landwatch.com/latimer-county-oklahoma-farms-and-ranches-for-sale/pid/421489722,,,1.0,0.663,0.65,0.5,0.5
689,0.6493,True,landandfarm,36119602,OK,Latimer,393.0,825300.0,2100.0,"Red Oak, OK, 74563",https://www.landandfarm.com/property/393-acres-of-hunting-and-ranching-paradise-se-oklahoma-36119602/,,,1.0,0.663,0.65,0.5,0.5
690,0.6491,True,landwatch,424993976,MN,Lake Of The Woods,400.0,869000.0,2172.5,"Baudette, MN, 56623, Lake of the Woods County",https://www.landwatch.com/lake-of-the-woods-county-minnesota-farms-and-ranches-for-sale/pid/424993976,,,1.0,0.678,0.638,0.5,0.5
691,0.6491,True,landandfarm,39623857,MN,Lake of the Woods,400.0,869000.0,2172.5,"Baudette, MN, 56623",https://www.landandfarm.com/property/400-acres-in-lake-of-the-woods-county-near-baudette-39623857/,,,1.0,0.678,0.638,0.5,0.5
692,0.6489,True,landwatch,426196152,MN,Koochiching,235.0,675000.0,2872.34,"Littlefork, MN, 56653, Koochiching County",https://www.landwatch.com/koochiching-county-minnesota-recreational-property-for-sale/pid/426196152,,,1.0,0.833,0.521,0.5,0.5
693,0.6489,True,landandfarm,40826033,MN,Koochiching,235.0,675000.0,2872.34,"Littlefork, MN, 56653",https://www.landandfarm.com/property/littlefork-235-river-property-40826033/,,,1.0,0.833,0.521,0.5,0.5
694,0.6488,True,landwatch,425597001,KY,Trigg,263.0,929900.0,3535.74,"Cadiz, KY, 42211, Trigg County",https://www.landwatch.com/trigg-county-kentucky-recreational-property-for-sale/pid/425597001,,,1.0,0.98,0.411,0.5,0.5
695,0.6488,True,landandfarm,40226882,KY,Trigg,263.0,929900.0,3535.74,"Cadiz, KY, 42211",https://www.landandfarm.com/property/263-acres-of-prime-land-40226882/,,,1.0,0.98,0.411,0.5,0.5
696,0.6487,True,landwatch,426469810,GA,Wheeler,449.0,1190000.0,2650.33,"Lumber City, GA, 31549, Wheeler County",https://www.landwatch.com/wheeler-county-georgia-recreational-property-for-sale/pid/426469810,,,1.0,0.783,0.558,0.5,0.5
697,0.6487,True,landandfarm,41099691,GA,Wheeler,449.0,1190000.0,2650.33,"Lumber City, GA, 31549",https://www.landandfarm.com/property/oconee-river-sportsman-s-paradise-41099691/,,,1.0,0.783,0.558,0.5,0.5
698,0.6486,True,landwatch,418853949,TN,Benton,227.0,599000.0,2638.77,"Holladay, TN, 38341, Benton County",https://www.landwatch.com/benton-county-tennessee-farms-and-ranches-for-sale/pid/418853949,,,1.0,0.78,0.56,0.5,0.5
699,0.6486,True,landandfarm,33483829,TN,Benton,227.0,599000.0,2638.77,"Holladay, TN, 38341",https://www.landandfarm.com/property/park-road-hunt-and-retreat-33483829/,,,1.0,0.78,0.56,0.5,0.5
700,0.6484,True,landwatch,425411186,WI,Oneida,391.0,821000.0,2099.74,"Tomahawk, WI, 54487, Oneida County",https://www.landwatch.com/oneida-county-wisconsin-undeveloped-land-for-sale/pid/425411186,,,1.0,0.659,0.65,0.5,0.5
701,0.6484,True,landandfarm,40041067,WI,Oneida,391.0,821000.0,2099.74,"Tomahawk, WI, 54487",https://www.landandfarm.com/property/land-tomahawk-wi-40041067/,,,1.0,0.659,0.65,0.5,0.5
702,0.6483,True,landandfarm,38736324,MO,Iron,297.0,749999.0,2525.25,"Annapolis, MO, 63670",https://www.landandfarm.com/property/ozark-wilderness-retreat-38736324/,,,1.0,0.753,0.579,0.5,0.5
703,0.6483,True,landwatch,425474871,MO,Wayne,240.0,728700.0,3036.25,"Hiram, MO, 63944, Wayne County",https://www.landwatch.com/wayne-county-missouri-farms-and-ranches-for-sale/pid/425474871,,,1.0,0.867,0.494,0.5,0.5
704,0.6483,True,landandfarm,40104752,MO,Wayne,240.0,728700.0,3036.25,"Hiram, MO, 63944",https://www.landandfarm.com/property/240-acres-in-wayne-county-missouri-40104752/,,,1.0,0.867,0.494,0.5,0.5
705,0.6483,True,landwatch,423524015,AR,Dallas,380.0,759000.0,1997.37,"Sparkman, AR, 71763, Dallas County",https://www.landwatch.com/dallas-county-arkansas-farms-and-ranches-for-sale/pid/423524015,,,1.0,0.636,0.667,0.5,0.5
706,0.6483,True,landandfarm,38153896,AR,Dallas,380.0,759000.0,1997.37,"Sparkman, AR, 71763",https://www.landandfarm.com/property/dallas-380-cr-294-38153896/,,,1.0,0.636,0.667,0.5,0.5
707,0.6481,True,landwatch,424266736,OH,Scioto,242.0,750000.0,3099.17,"Otway, OH, 45657, Scioto County",https://www.landwatch.com/scioto-county-ohio-recreational-property-for-sale/pid/424266736,,,1.0,0.88,0.483,0.5,0.5
708,0.6481,True,landandfarm,38896617,OH,Scioto,242.0,750000.0,3099.17,"Otway, OH, 45657",https://www.landandfarm.com/property/241-acres-hunting-recreational-land-scioto-county-ohio-38896617/,,,1.0,0.88,0.483,0.5,0.5
709,0.648,True,landwatch,425752118,OH,Scioto,232.0,649900.0,2801.29,"Mcdermott, OH, 45652, Scioto County",https://www.landwatch.com/scioto-county-ohio-recreational-property-for-sale/pid/425752118,,,1.0,0.813,0.533,0.5,0.5
710,0.648,True,landandfarm,40381999,OH,Scioto,232.0,649900.0,2801.29,"Mcdermott, OH, 45652",https://www.landandfarm.com/property/232-acres-recreational-land-scioto-county-ohio-40381999/,,,1.0,0.813,0.533,0.5,0.5
711,0.648,True,landwatch,424011592,MN,Aitkin,210.0,449900.0,2142.38,"McGrath, MN, 56350, Aitkin County",https://www.landwatch.com/aitkin-county-minnesota-undeveloped-land-for-sale/pid/424011592,,,1.0,0.667,0.643,0.5,0.5
712,0.648,True,landandfarm,38641473,MN,Aitkin,210.0,449900.0,2142.38,"McGrath, MN, 56350",https://www.landandfarm.com/property/lots-land-mcgrath-mn-38641473/,,,1.0,0.667,0.643,0.5,0.5
713,0.6476,True,landandfarm,41013553,VA,King and Queen,219.0,530000.0,2420.09,"King And Queen Court House, VA, 23085",https://www.landandfarm.com/property/land-king-and-queen-court-house-va-41013553/,,,1.0,0.727,0.597,0.5,0.5
714,0.6475,True,landwatch,424747417,AR,Madison,260.0,949500.0,3651.92,"Huntsville, AR, 72748, Madison County",https://www.landwatch.com/madison-county-arkansas-recreational-property-for-sale/pid/424747417,,,1.0,1.0,0.391,0.5,0.5
715,0.6475,True,landandfarm,39377298,AR,Madison,260.0,949500.0,3651.92,"Huntsville, AR, 72748",https://www.landandfarm.com/property/large-acreage-off-grid-hunting-w-quaint-cabin-39377298/,,,1.0,1.0,0.391,0.5,0.5
716,0.6474,True,landandfarm,38551097,AR,Randolph,290.0,799000.0,2755.17,"Ravenden, AR, 72459",https://www.landandfarm.com/property/turn-key-290-acre-hunting-paradise-in-the-ozarks-38551097/,,,1.0,0.8,0.541,0.5,0.5
717,0.647,True,landwatch,425586677,AL,Jackson,426.0,1050000.0,2464.79,"Bryant, AL, 35958, Jackson County",https://www.landwatch.com/jackson-county-alabama-recreational-property-for-sale/pid/425586677,,,1.0,0.734,0.589,0.5,0.5
718,0.647,True,landandfarm,40216558,AL,Jackson,426.0,1050000.0,2464.79,"Bryant, AL, 35958",https://www.landandfarm.com/property/426-acre-jackson-county-al-hunting-recreational-land-with-cabin-40216558/,,,1.0,0.734,0.589,0.5,0.5
719,0.6469,True,landwatch,426360429,OH,Meigs,234.0,675000.0,2884.62,"Rutland, OH, 45775, Meigs County",https://www.landwatch.com/meigs-county-ohio-recreational-property-for-sale/pid/426360429,,,1.0,0.827,0.519,0.5,0.5
720,0.6469,True,landandfarm,40990310,OH,Meigs,234.0,675000.0,2884.62,"Rutland, OH, 45775",https://www.landandfarm.com/property/price-hollow-road-40990310/,,,1.0,0.827,0.519,0.5,0.5
721,0.6464,True,landwatch,423183382,SD,Meade,320.0,600000.0,1875.0,"Union Center, SD, 57737, Meade County",https://www.landwatch.com/meade-county-south-dakota-farms-and-ranches-for-sale/pid/423183382,,,1.0,0.6,0.688,0.5,0.5
722,0.6464,True,landandfarm,37813263,SD,Meade,320.0,600000.0,1875.0,"Union Center, SD, 57737",https://www.landandfarm.com/property/central-meade-county-cropland-37813263/,,,1.0,0.6,0.688,0.5,0.5
723,0.6461,True,landwatch,425929403,TX,Val Verde,360.0,666407.0,1851.13,"Sonora, TX, 76950, Val Verde County",https://www.landwatch.com/val-verde-county-texas-recreational-property-for-sale/pid/425929403,,,1.0,0.593,0.691,0.5,0.5
724,0.6461,True,landandfarm,40559284,TX,Val Verde,360.0,666407.0,1851.13,"Sonora, TX, 76950",https://www.landandfarm.com/property/val-verde-county-hunting-property-40559284/,,,1.0,0.593,0.691,0.5,0.5
725,0.6457,True,landwatch,425671401,MS,Newton,212.0,477000.0,2250.0,"Decatur, MS, 39327, Newton County",https://www.landwatch.com/newton-county-mississippi-recreational-property-for-sale/pid/425671401,,,1.0,0.68,0.625,0.5,0.5
726,0.6457,True,landandfarm,40301282,MS,Newton,212.0,477000.0,2250.0,"Decatur, MS, 39327",https://www.landandfarm.com/property/newton-212-40301282/,,,1.0,0.68,0.625,0.5,0.5
727,0.645,True,landwatch,423124647,TN,Polk,312.0,669000.0,2144.23,"Farner, TN, 37333, Polk County",https://www.landwatch.com/polk-county-tennessee-recreational-property-for-sale/pid/423124647,,,1.0,0.653,0.643,0.5,0.5
728,0.645,True,landandfarm,37754528,TN,Polk,312.0,669000.0,2144.23,"Farner, TN, 37333",https://www.landandfarm.com/property/lontrac-312-37754528/,,,1.0,0.653,0.643,0.5,0.5
729,0.6445,True,landwatch,423832517,AL,Coosa,256.0,920482.0,3595.63,"Equality, AL, 36026, Coosa County",https://www.landwatch.com/coosa-county-alabama-recreational-property-for-sale/pid/423832517,,,1.0,0.973,0.401,0.5,0.5
730,0.6445,True,landandfarm,38462398,AL,Coosa,256.0,920482.0,3595.63,"Equality, AL, 36026",https://www.landandfarm.com/property/equality-woodlands-2-38462398/,,,1.0,0.973,0.401,0.5,0.5
731,0.644,True,landwatch,422867893,SD,Meade,240.0,750000.0,3125.0,"Union Center, SD, 57787, Meade County",https://www.landwatch.com/meade-county-south-dakota-farms-and-ranches-for-sale/pid/422867893,,,1.0,0.867,0.479,0.5,0.5
732,0.644,True,landandfarm,37497774,SD,Meade,240.0,750000.0,3125.0,"Union Center, SD, 57787",https://www.landandfarm.com/property/union-center-ranchette-37497774/,,,1.0,0.867,0.479,0.5,0.5
733,0.644,True,landwatch,423993892,NE,Custer,756.0,1060000.0,1402.12,"Arnold, NE, 69120, Custer County",https://www.landwatch.com/custer-county-nebraska-farms-and-ranches-for-sale/pid/423993892,,,1.0,0.484,0.766,0.5,0.5
734,0.644,True,landandfarm,38623773,NE,Custer,756.0,1060000.0,1402.12,"Arnold, NE, 69120",https://www.landandfarm.com/property/downing-county-line-rangeland-38623773/,,,1.0,0.484,0.766,0.5,0.5
735,0.644,True,landwatch,426269275,NY,Chautauqua,239.0,740000.0,3096.23,"Charlotte, NY, 14782, Chautauqua County",https://www.landwatch.com/chautauqua-county-new-york-recreational-property-for-sale/pid/426269275,,,1.0,0.86,0.484,0.5,0.5
736,0.644,True,landandfarm,40899156,NY,Chautauqua,239.0,740000.0,3096.23,"Charlotte, NY, 14782",https://www.landandfarm.com/property/engdahl-road-40899156/,,,1.0,0.86,0.484,0.5,0.5
737,0.644,True,landwatch,425405318,MI,Presque Isle,687.0,789999.0,1149.93,"Rogers City, MI, 49779, Presque Isle County",https://www.landwatch.com/presque-isle-county-michigan-undeveloped-land-for-sale/pid/425405318,,,1.0,0.427,0.808,0.5,0.5
738,0.644,True,landandfarm,40035199,MI,Presque Isle,687.0,789999.0,1149.93,"Rogers City, MI, 49779",https://www.landandfarm.com/property/vacant-lot-land-rogers-city-mi-40035199/,,,1.0,0.427,0.808,0.5,0.5
739,0.644,True,landandfarm,39178313,MS,Hancock,827.0,1375000.0,1662.64,"Bay Saint Louis, MS, 39520",https://www.landandfarm.com/property/large-hunting-and-recreational-property-near-the-coast-with-duck-deer-hog-39178313/,,,1.0,0.541,0.723,0.5,0.5
740,0.6439,True,landwatch,426631418,KS,Kiowa,235.0,700000.0,2978.72,"Haviland, KS, 67059, Kiowa County",https://www.landwatch.com/kiowa-county-kansas-farms-and-ranches-for-sale/pid/426631418,,,1.0,0.833,0.504,0.5,0.5
741,0.6439,True,landandfarm,41261299,KS,Kiowa,235.0,700000.0,2978.72,"Haviland, KS, 67059",https://www.landandfarm.com/property/kansas-hunting-lodge-on-235-acre-habitat-41261299/,,,1.0,0.833,0.504,0.5,0.5
742,0.6437,True,landwatch,422790210,GA,Jones,285.0,850000.0,2982.46,"Gray, GA, 31032, Jones County",https://www.landwatch.com/jones-county-georgia-farms-and-ranches-for-sale/pid/422790210,,,1.0,0.833,0.503,0.5,0.5
743,0.6437,True,landandfarm,37420091,GA,Jones,285.0,850000.0,2982.46,"Gray, GA, 31032",https://www.landandfarm.com/property/jones-hunting-tract-with-timber-37420091/,,,1.0,0.833,0.503,0.5,0.5
744,0.6433,True,landandfarm,39802148,KS,Edwards,298.0,774800.0,2600.0,"Kinsley, KS, 67547",https://www.landandfarm.com/property/half-section-prime-crop-land-39802148/,,,1.0,0.747,0.567,0.5,0.5
745,0.6433,True,landwatch,426467548,MN,Grant,281.0,874000.0,3110.32,"Herman, MN, 56248, Grant County",https://www.landwatch.com/grant-county-minnesota-farms-and-ranches-for-sale/pid/426467548,,,1.0,0.86,0.482,0.5,0.5
746,0.6433,True,landandfarm,41097429,MN,Grant,281.0,874000.0,3110.32,"Herman, MN, 56248",https://www.landandfarm.com/property/281-acres-of-prime-grant-county-hunting-land-with-significant-crp-retur-41097429/,,,1.0,0.86,0.482,0.5,0.5
747,0.6429,True,landwatch,426021867,NE,Frontier,384.0,825000.0,2148.44,"Eustis, NE, 69028, Frontier County",https://www.landwatch.com/frontier-county-nebraska-farms-and-ranches-for-sale/pid/426021867,,,1.0,0.644,0.642,0.5,0.5
748,0.6429,True,landandfarm,40651748,NE,Frontier,384.0,825000.0,2148.44,"Eustis, NE, 69028",https://www.landandfarm.com/property/frontier-county-dryland-038-pasture-40651748/,,,1.0,0.644,0.642,0.5,0.5
749,0.6429,True,landwatch,425099457,KY,Laurel,285.0,855000.0,3000.0,"London, KY, 40741, Laurel County",https://www.landwatch.com/laurel-county-kentucky-recreational-property-for-sale/pid/425099457,,,1.0,0.833,0.5,0.5,0.5
750,0.6429,True,landandfarm,39729338,KY,Laurel,285.0,855000.0,3000.0,"London, KY, 40741",https://www.landandfarm.com/property/diverse-property-with-deep-gorges-sweeping-ridge-lines-secluded-hollows-39729338/,,,1.0,0.833,0.5,0.5,0.5
751,0.6424,True,landandfarm,40731141,MS,Montgomery,379.0,799900.0,2110.55,"Winona, MS, 38967",https://www.landandfarm.com/property/montgomery-379-40731141/,,,1.0,0.634,0.648,0.5,0.5
752,0.6424,True,landsearch,4990876,NE,Hitchcock,317.0,650000.0,2050.47,"Stratton, NE 69043",https://www.landsearch.com/properties/stratton-ne-69043/4990876,,,1.0,0.62,0.658,0.5,0.5
753,0.6423,True,landsearch,5204325,TX,Hardin,523.0,1400594.0,2678.0,"Saratoga, TX",https://www.landsearch.com/properties/saratoga-tx/5204325,,,1.0,0.759,0.554,0.5,0.5
754,0.6422,True,landwatch,425281094,AR,Pulaski,278.0,896000.0,3223.02,"Little Rock, AR, 72206, Pulaski County",https://www.landwatch.com/pulaski-county-arkansas-recreational-property-for-sale/pid/425281094,,,1.0,0.88,0.463,0.5,0.5
755,0.6422,True,landandfarm,39910975,AR,Pulaski,278.0,896000.0,3223.02,"Little Rock, AR, 72206",https://www.landandfarm.com/property/rare-280-acre-outdoorsman-s-retreat-39910975/,,,1.0,0.88,0.463,0.5,0.5
756,0.6422,True,landwatch,420375745,TN,Scott,813.0,1340938.0,1649.37,"Winfield, TN, 37892, Scott County",https://www.landwatch.com/scott-county-tennessee-recreational-property-for-sale/pid/420375745,,,1.0,0.53,0.725,0.5,0.5
757,0.6422,True,landandfarm,35005625,TN,Scott,813.0,1340938.0,1649.37,"Winfield, TN, 37892",https://www.landandfarm.com/property/expansive-hunting-and-recreational-retreat-with-gas-well-and-hunting-lease-35005625/,,,1.0,0.53,0.725,0.5,0.5
758,0.642,True,landwatch,426631432,WI,Douglas,320.0,629900.0,1968.44,"Danbury, WI, 54830, Douglas County",https://www.landwatch.com/douglas-county-wisconsin-farms-and-ranches-for-sale/pid/426631432,,,1.0,0.6,0.672,0.5,0.5
759,0.642,True,landandfarm,41261313,WI,Douglas,320.0,629900.0,1968.44,"Danbury, WI, 54830",https://www.landandfarm.com/property/douglas-county-wisconsin-320-acres-of-land-for-sale-with-home-41261313/,,,1.0,0.6,0.672,0.5,0.5
760,0.642,True,landwatch,425627354,OH,Clark,328.0,534900.0,1630.79,"Springfield, OH, 45505, Clark County",https://www.landwatch.com/clark-county-ohio-homes-for-sale/pid/425627354,,,1.0,0.525,0.728,0.5,0.5
761,0.642,True,landandfarm,40257235,OH,Clark,328.0,534900.0,1630.79,"Springfield, OH, 45505",https://www.landandfarm.com/property/single-family-residence-traditional-springfield-oh-40257235/,,,1.0,0.525,0.728,0.5,0.5
762,0.6417,True,landwatch,421035837,MS,Monroe,411.0,999702.0,2432.36,"Greenwood Springs, MS, 38848, Monroe County",https://www.landwatch.com/monroe-county-mississippi-timberland-property-for-sale/pid/421035837,,,1.0,0.702,0.595,0.5,0.5
763,0.6416,True,landwatch,424013632,KY,Cumberland,386.0,847000.0,2194.3,"Burkesville, KY, 42717, Cumberland County",https://www.landwatch.com/cumberland-county-kentucky-recreational-property-for-sale/pid/424013632,,,1.0,0.649,0.634,0.5,0.5
764,0.6416,True,landandfarm,38643513,KY,Cumberland,386.0,847000.0,2194.3,"Burkesville, KY, 42717",https://www.landandfarm.com/property/386-acres-hunting-land-in-cumberland-county-kentucky-38643513/,,,1.0,0.649,0.634,0.5,0.5
765,0.6414,True,landwatch,423480565,AR,Nevada,1230.0,1500000.0,1219.51,"Prescott, AR, 71857, Nevada County",https://www.landwatch.com/nevada-county-arkansas-farms-and-ranches-for-sale/pid/423480565,,,1.0,0.431,0.797,0.5,0.5
766,0.6414,True,landandfarm,38110446,AR,Nevada,1230.0,1500000.0,1219.51,"Prescott, AR, 71857",https://www.landandfarm.com/property/hunting-fishing-and-timber-investment-opportunity-along-terre-rouge-creek-38110446/,,,1.0,0.431,0.797,0.5,0.5
767,0.6413,True,landwatch,426170458,AL,Winston,386.0,849500.0,2200.78,"Haleyville, AL, 35565, Winston County",https://www.landwatch.com/winston-county-alabama-recreational-property-for-sale/pid/426170458,,,1.0,0.649,0.633,0.5,0.5
768,0.6413,True,landandfarm,40800339,AL,Winston,386.0,849500.0,2200.78,"Haleyville, AL, 35565",https://www.landandfarm.com/property/big-hunting-tract-for-sale-in-winston-county-al-40800339/,,,1.0,0.649,0.633,0.5,0.5
769,0.6409,True,landwatch,425460490,NC,Jones,530.0,1400000.0,2641.51,"Maysville, NC, 28555, Jones County",https://www.landwatch.com/jones-county-north-carolina-recreational-property-for-sale/pid/425460490,,,1.0,0.744,0.56,0.5,0.5
770,0.6409,True,landandfarm,40090371,NC,Jones,530.0,1400000.0,2641.51,"Maysville, NC, 28555",https://www.landandfarm.com/property/hunter-s-paradise-for-sale-in-eastern-nc-40090371/,,,1.0,0.744,0.56,0.5,0.5
771,0.6408,True,landwatch,424428550,MS,Winston,212.0,499000.0,2353.77,"Louisville, MS, 39339, Winston County",https://www.landwatch.com/winston-county-mississippi-recreational-property-for-sale/pid/424428550,,,1.0,0.68,0.608,0.5,0.5
772,0.6408,True,landandfarm,39058431,MS,Winston,212.0,499000.0,2353.77,"Louisville, MS, 39339",https://www.landandfarm.com/property/mississippi-land-for-sale-with-a-creek-39058431/,,,1.0,0.68,0.608,0.5,0.5
773,0.6407,True,landwatch,423050733,MO,Carter,385.0,849000.0,2205.19,"Van Buren, MO, 63965, Carter County",https://www.landwatch.com/carter-county-missouri-farms-and-ranches-for-sale/pid/423050733,,,1.0,0.646,0.632,0.5,0.5
774,0.6407,True,landandfarm,37680614,MO,Carter,385.0,849000.0,2205.19,"Van Buren, MO, 63965",https://www.landandfarm.com/property/gorgeous-farm-bordering-mark-twain-national-forest-with-big-barren-creek-fl-37680614/,,,1.0,0.646,0.632,0.5,0.5
775,0.6406,True,landandfarm,38698541,AR,Searcy,222.0,589900.0,2657.21,"Marshall, AR, 72650",https://www.landandfarm.com/property/rugged-ozarks-wilderness-with-elk-bear-and-deer-near-snowball-ar-38698541/,,,1.0,0.747,0.557,0.5,0.5
776,0.6406,True,landwatch,424737662,AR,Fulton,250.0,874500.0,3498.0,"Viola, AR, 72583, Fulton County",https://www.landwatch.com/fulton-county-arkansas-recreational-property-for-sale/pid/424737662,,,1.0,0.933,0.417,0.5,0.5
777,0.6406,True,landandfarm,39367543,AR,Fulton,250.0,874500.0,3498.0,"Viola, AR, 72583",https://www.landandfarm.com/property/250-acres-house-shop-shed-creek-springs-ponds-fulton-county-arka-39367543/,,,1.0,0.933,0.417,0.5,0.5
778,0.6405,True,landsearch,5139785,AR,Stone,200.0,400000.0,2000.0,"Fox, AR 72051",https://www.landsearch.com/properties/jimmy-creek-rd-fox-ar-72051/5139785,,,1.0,0.6,0.667,0.5,0.5
779,0.6405,True,landwatch,423945735,WI,Oneida,200.0,400000.0,2000.0,"Rhinelander, WI, 54501, Oneida County",https://www.landwatch.com/oneida-county-wisconsin-undeveloped-land-for-sale/pid/423945735,,,1.0,0.6,0.667,0.5,0.5
780,0.6405,True,landwatch,421555585,MI,Marquette,320.0,640000.0,2000.0,"Ishpeming, MI, 49855, Marquette County",https://www.landwatch.com/marquette-county-michigan-recreational-property-for-sale/pid/421555585,,,1.0,0.6,0.667,0.5,0.5
781,0.6405,True,landwatch,420016675,MI,Marquette,320.0,640000.0,2000.0,"Marquette, MI, 49855, Marquette County",https://www.landwatch.com/marquette-county-michigan-undeveloped-land-for-sale/pid/420016675,,,1.0,0.6,0.667,0.5,0.5
782,0.6405,True,landandfarm,38575616,WI,Oneida,200.0,400000.0,2000.0,"Rhinelander, WI, 54501",https://www.landandfarm.com/property/200-acres-in-oneida-county-wi-38575616/,,,1.0,0.6,0.667,0.5,0.5
783,0.6405,True,landandfarm,36185465,MI,Marquette,320.0,640000.0,2000.0,"Ishpeming, MI, 49855",https://www.landandfarm.com/property/50141224-36185465/,,,1.0,0.6,0.667,0.5,0.5
784,0.6405,True,landandfarm,34646555,MI,Marquette,320.0,640000.0,2000.0,"Marquette, MI, 49855",https://www.landandfarm.com/property/vacant-land-marquette-mi-34646555/,,,1.0,0.6,0.667,0.5,0.5
785,0.6404,True,landwatch,426101252,TN,Fentress,243.0,799900.0,3291.77,"Jamestown, TN, 38556, Fentress County",https://www.landwatch.com/fentress-county-tennessee-recreational-property-for-sale/pid/426101252,,,1.0,0.887,0.451,0.5,0.5
786,0.6401,True,landwatch,423140113,KS,Graham,319.0,650000.0,2037.62,"Palco, KS, 67657, Graham County",https://www.landwatch.com/graham-county-kansas-farms-and-ranches-for-sale/pid/423140113,,,1.0,0.607,0.66,0.5,0.5
787,0.6401,True,landandfarm,37769994,KS,Graham,319.0,650000.0,2037.62,"Palco, KS, 67657",https://www.landandfarm.com/property/rooster-ridge-ranch-37769994/,,,1.0,0.607,0.66,0.5,0.5
788,0.6395,True,landwatch,424252719,KY,Jackson,757.0,1135000.0,1499.34,"Foxtown, KY, 40447, Jackson County",https://www.landwatch.com/jackson-county-kentucky-undeveloped-land-for-sale/pid/424252719,,,1.0,0.484,0.75,0.5,0.5
789,0.6395,True,landwatch,424240809,KY,Jackson,757.0,1135000.0,1499.34,"McKee, KY, 40447, Jackson County",https://www.landwatch.com/jackson-county-kentucky-undeveloped-land-for-sale/pid/424240809,,,1.0,0.484,0.75,0.5,0.5
790,0.6395,True,landandfarm,38882600,KY,Jackson,757.0,1135000.0,1499.34,"Foxtown, KY, 40447",https://www.landandfarm.com/property/757-acres-in-jackson-county-ky-38882600/,,,1.0,0.484,0.75,0.5,0.5
791,0.6395,True,landwatch,424104841,KY,Cumberland,600.0,1200000.0,2000.0,"Burkesville, KY, 42717, Cumberland County",https://www.landwatch.com/cumberland-county-kentucky-homes-for-sale/pid/424104841,,,1.0,0.595,0.667,0.5,0.5
792,0.6395,True,landandfarm,38734722,KY,Cumberland,600.0,1200000.0,2000.0,"Burkesville, KY, 42717",https://www.landandfarm.com/property/cabin-residential-burkesville-ky-38734722/,,,1.0,0.595,0.667,0.5,0.5
793,0.6394,True,landwatch,425378520,MO,Laclede,216.0,540400.0,2501.85,"Eldridge, MO, 65463, Laclede County",https://www.landwatch.com/laclede-county-missouri-farms-and-ranches-for-sale/pid/425378520,,,1.0,0.707,0.583,0.5,0.5
794,0.6394,True,landandfarm,40008401,MO,Laclede,216.0,540400.0,2501.85,"Eldridge, MO, 65463",https://www.landandfarm.com/property/216-acres-of-prime-hunting-recreational-land-laclede-county-40008401/,,,1.0,0.707,0.583,0.5,0.5
795,0.6394,True,landwatch,419186813,TN,Van Buren,1233.0,1541250.0,1250.0,"Sparta, TN, 38583, Van Buren County",https://www.landwatch.com/van-buren-county-tennessee-recreational-property-for-sale/pid/419186813,,,1.0,0.428,0.792,0.5,0.5
796,0.6394,True,landandfarm,33816693,TN,Van Buren,1233.0,1541250.0,1250.0,"Sparta, TN, 38583",https://www.landandfarm.com/property/cummings-cove-tract-33816693/,,,1.0,0.428,0.792,0.5,0.5
797,0.6393,True,landwatch,418650216,AL,Cherokee,200.0,405000.0,2025.0,"Piedmont, AL, 36272, Cherokee County",https://www.landwatch.com/cherokee-county-alabama-recreational-property-for-sale/pid/418650216,,,1.0,0.6,0.662,0.5,0.5
798,0.6393,True,landandfarm,33280096,AL,Cherokee,200.0,405000.0,2025.0,"Piedmont, AL, 36272",https://www.landandfarm.com/property/excellent-rural-hunting-and-pine-timber-tract-33280096/,,,1.0,0.6,0.662,0.5,0.5
799,0.6392,True,landsearch,3892690,ND,Sargent,960.0,2160000.0,2250.0,"Ludden, ND 58474",https://www.landsearch.com/properties/119th-ave-se-ludden-nd-58474/3892690,,,1.0,0.65,0.625,0.5,0.5
800,0.6392,True,landwatch,420677096,ND,Sargent,960.0,2160000.0,2250.0,"Ludden, ND, 58474, Sargent County",https://www.landwatch.com/sargent-county-north-dakota-farms-and-ranches-for-sale/pid/420677096,,,1.0,0.65,0.625,0.5,0.5
801,0.6392,True,landandfarm,35306976,ND,Sargent,960.0,2160000.0,2250.0,"Ludden, ND, 58474",https://www.landandfarm.com/property/dakota-divide-960-35306976/,,,1.0,0.65,0.625,0.5,0.5
802,0.6391,True,landwatch,423936277,KS,Pawnee,626.0,1100000.0,1757.19,"Rozel, KS, 67574, Pawnee County",https://www.landwatch.com/pawnee-county-kansas-farms-and-ranches-for-sale/pid/423936277,,,1.0,0.54,0.707,0.5,0.5
803,0.6391,True,landandfarm,38566158,KS,Pawnee,626.0,1100000.0,1757.19,"Rozel, KS, 67574",https://www.landandfarm.com/property/tower-shoot-ranch-38566158/,,,1.0,0.54,0.707,0.5,0.5
804,0.639,True,landwatch,421709347,KS,Pawnee,640.0,1040000.0,1625.0,"Nekoma, KS, 67559, Pawnee County",https://www.landwatch.com/pawnee-county-kansas-farms-and-ranches-for-sale/pid/421709347,,,1.0,0.51,0.729,0.5,0.5
805,0.639,True,landandfarm,36339228,KS,Pawnee,640.0,1040000.0,1625.0,"Nekoma, KS, 67559",https://www.landandfarm.com/property/section-of-prime-cropland-pasture-with-mostly-class-ii-soils-36339228/,,,1.0,0.51,0.729,0.5,0.5
806,0.6385,True,landwatch,426435726,VA,Tazewell,494.0,1500000.0,3036.44,"Tannersville, VA, 24377, Tazewell County",https://www.landwatch.com/tazewell-county-virginia-farms-and-ranches-for-sale/pid/426435726,,,1.0,0.821,0.494,0.5,0.5
807,0.6385,True,landandfarm,41065607,VA,Tazewell,494.0,1500000.0,3036.44,"Tannersville, VA, 24377",https://www.landandfarm.com/property/dream-tazewell-county-acreage-with-home-income-producing-farm-with-laurel-41065607/,,,1.0,0.821,0.494,0.5,0.5
808,0.6383,True,landwatch,425263834,SD,Perkins,880.0,1738000.0,1975.0,"Lodgepole, SD, 57640, Perkins County",https://www.landwatch.com/perkins-county-south-dakota-farms-and-ranches-for-sale/pid/425263834,,,1.0,0.584,0.671,0.5,0.5
809,0.6383,True,landandfarm,39893715,SD,Perkins,880.0,1738000.0,1975.0,"Lodgepole, SD, 57640",https://www.landandfarm.com/property/perkins-county-sd-880-acres-with-house-39893715/,,,1.0,0.584,0.671,0.5,0.5
810,0.6382,True,landwatch,424072375,NE,Dawes,1319.0,2998087.0,2273.0,"Crawford, NE 69339",https://www.landwatch.com/dawes-county-nebraska-farms-and-ranches-for-sale/pid/424072375,,,1.0,0.65,0.621,0.5,0.5
811,0.6382,True,landandfarm,38702256,NE,Dawes,1319.0,2998087.0,2273.0,"Crawford, NE 69339",https://www.landandfarm.com/property/1-319-acres-dawes-county-pine-ridge-recreational-oasis-38702256/,,,1.0,0.65,0.621,0.5,0.5
812,0.6381,True,landwatch,423986024,MS,George,749.0,1123500.0,1500.0,"Lucedale, MS, 39452, George County",https://www.landwatch.com/george-county-mississippi-recreational-property-for-sale/pid/423986024,,,1.0,0.478,0.75,0.5,0.5
813,0.6381,True,landsearch,5220762,AL,Jefferson,280.0,910000.0,3250.0,"Graysville, AL 35062",https://www.landsearch.com/properties/6051-bibby-brickyard-rd-graysville-al-35062/5220762,,,1.0,0.867,0.458,0.5,0.5
814,0.638,True,landwatch,420688283,AR,Searcy,530.0,1432134.0,2702.14,"Snowball, AR, 72650, Searcy County",https://www.landwatch.com/searcy-county-arkansas-recreational-property-for-sale/pid/420688283,,,1.0,0.744,0.55,0.5,0.5
815,0.638,True,landandfarm,35318163,AR,Searcy,530.0,1432134.0,2702.14,"Snowball, AR, 72650",https://www.landandfarm.com/property/point-peter-mountain-west-35318163/,,,1.0,0.744,0.55,0.5,0.5
816,0.6379,True,landandfarm,38470168,KY,Morgan,644.0,722000.0,1121.12,"West Liberty, KY, 41472",https://www.landandfarm.com/property/644-acres-of-premium-hunting-and-recreational-paradise-in-morgan-county-ky-38470168/,,,1.0,0.392,0.813,0.5,0.5
817,0.6378,True,landwatch,425935595,AL,Wilcox,292.0,845657.0,2896.09,"Pine Apple, AL, 36768, Wilcox County",https://www.landwatch.com/wilcox-county-alabama-recreational-property-for-sale/pid/425935595,,,1.0,0.787,0.517,0.5,0.5
818,0.6378,True,landwatch,420961017,AR,Newton,232.0,699900.0,3016.81,"Compton, AR, 72624, Newton County",https://www.landwatch.com/newton-county-arkansas-farms-and-ranches-for-sale/pid/420961017,,,1.0,0.813,0.497,0.5,0.5
819,0.6378,True,landandfarm,35590897,AR,Newton,232.0,699900.0,3016.81,"Compton, AR, 72624",https://www.landandfarm.com/property/prime-recreational-and-hunting-property-with-year-round-creek-spring-elec-35590897/,,,1.0,0.813,0.497,0.5,0.5
820,0.6376,True,landwatch,426600100,NC,Ashe,262.0,995600.0,3800.0,"Glendale Springs, NC, 28640, Ashe County",https://www.landwatch.com/ashe-county-north-carolina-timberland-property-for-sale/pid/426600100,,,1.0,0.987,0.367,0.5,0.5
821,0.6376,True,landandfarm,41229981,NC,Ashe,262.0,995600.0,3800.0,"Glendale Springs, NC, 28640",https://www.landandfarm.com/property/261-7-acres-in-wilkes-ashe-county-nc-41229981/,,,1.0,0.987,0.367,0.5,0.5
822,0.6375,True,landsearch,5145115,ND,Adams,320.0,660000.0,2062.5,"Petrel, ND 57638",https://www.landsearch.com/properties/petrel-nd-57638/5145115,,,1.0,0.6,0.656,0.5,0.5
823,0.6375,True,landwatch,426195517,ND,Adams,320.0,660000.0,2062.5,"Petrel, ND, 57638, Adams County",https://www.landwatch.com/adams-county-north-dakota-farms-and-ranches-for-sale/pid/426195517,,,1.0,0.6,0.656,0.5,0.5
824,0.6375,True,landandfarm,40825398,ND,Adams,320.0,660000.0,2062.5,"Petrel, ND, 57638",https://www.landandfarm.com/property/white-butte-upland-reserve-40825398/,,,1.0,0.6,0.656,0.5,0.5
825,0.6372,True,landwatch,426343486,KS,Harper,457.0,1356970.0,2969.3,"Anthony, KS, 67003, Harper County",https://www.landwatch.com/harper-county-kansas-farms-and-ranches-for-sale/pid/426343486,,,1.0,0.8,0.505,0.5,0.5
826,0.6372,True,landandfarm,40973367,KS,Harper,457.0,1356970.0,2969.3,"Anthony, KS, 67003",https://www.landandfarm.com/property/harper-county-tillable-and-hunting-property-40973367/,,,1.0,0.8,0.505,0.5,0.5
827,0.6369,True,landwatch,426383676,VA,King And Queen,213.0,525000.0,2464.79,"Mascot, VA, 23108, King and Queen County",https://www.landwatch.com/king-and-queen-county-virginia-undeveloped-land-for-sale/pid/426383676,,,1.0,0.687,0.589,0.5,0.5
828,0.6369,True,landwatch,426500014,AL,Lamar,240.0,786000.0,3275.0,"Millport, AL, 35576, Lamar County",https://www.landwatch.com/lamar-county-alabama-recreational-property-for-sale/pid/426500014,,,1.0,0.867,0.454,0.5,0.5
829,0.6369,True,landandfarm,41129895,AL,Lamar,240.0,786000.0,3275.0,"Millport, AL, 35576",https://www.landandfarm.com/property/luxapillila-creek-hunting-and-timber-tract-41129895/,,,1.0,0.867,0.454,0.5,0.5
830,0.6367,True,landwatch,421911360,MO,New Madrid,234.0,725400.0,3100.0,"Portageville, MO, 63873, New Madrid County",https://www.landwatch.com/new-madrid-county-missouri-hunting-property-for-sale/pid/421911360,,,1.0,0.827,0.483,0.5,0.5
831,0.6367,True,landandfarm,36541241,MO,New Madrid,234.0,725400.0,3100.0,"Portageville, MO, 63873",https://www.landandfarm.com/property/234-5-acres-wrp-waterfowl-property-southern-mo-36541241/,,,1.0,0.827,0.483,0.5,0.5
832,0.6362,True,landwatch,425732448,KS,Mcpherson,513.0,1489000.0,2902.53,"Windom, KS, 67491, McPherson County",https://www.landwatch.com/mcpherson-county-kansas-farms-and-ranches-for-sale/pid/425732448,,,1.0,0.781,0.516,0.5,0.5
833,0.6362,True,landandfarm,40362329,KS,McPherson,513.0,1489000.0,2902.53,"Windom, KS, 67491",https://www.landandfarm.com/property/big-smoky-hill-grassland-40362329/,,,1.0,0.781,0.516,0.5,0.5
834,0.6359,True,landandfarm,39082788,MS,Webster,509.0,1500315.0,2947.57,"Eupora, MS, 39744",https://www.landandfarm.com/property/webster-choctaw-big-black-river-hunting-timber-tract-508-acres-39082788/,,,1.0,0.789,0.509,0.5,0.5
835,0.6358,True,landsearch,5129831,KS,Pawnee,610.0,1208000.0,1980.33,"Burdett, KS 67523",https://www.landsearch.com/properties/burdett-ks-67523/5129831,,,1.0,0.574,0.67,0.5,0.5
836,0.6358,True,landandfarm,40740695,KS,Pawnee,610.0,1208000.0,1980.33,"Burdett, KS, 67523",https://www.landandfarm.com/property/burdett-dryland-610-40740695/,,,1.0,0.574,0.67,0.5,0.5
837,0.6358,True,landwatch,418431006,OK,Pittsburg,405.0,1012500.0,2500.0,"hrs. S. of Tulsa, OK",https://www.landwatch.com/pittsburg-county-oklahoma-farms-and-ranches-for-sale/pid/418431006,,,1.0,0.689,0.583,0.5,0.5
838,0.6358,True,landandfarm,33060886,OK,Pittsburg,405.0,1012500.0,2500.0,"S. of Tulsa, OK",https://www.landandfarm.com/property/rouse-road-ranch-405-acres-33060886/,,,1.0,0.689,0.583,0.5,0.5
839,0.6357,True,landsearch,5038989,OK,Latimer,320.0,672000.0,2100.0,"Red Oak, OK 74578",https://www.landsearch.com/properties/1-se-110th-rd-red-oak-ok-74578/5038989,,,1.0,0.6,0.65,0.5,0.5
840,0.6355,True,landwatch,426109142,SD,Perkins,315.0,710000.0,2253.97,"Bison, SD, 57620, Perkins County",https://www.landwatch.com/perkins-county-south-dakota-farms-and-ranches-for-sale/pid/426109142,,,1.0,0.633,0.624,0.5,0.5
841,0.6355,True,landandfarm,40739023,SD,Perkins,315.0,710000.0,2253.97,"Bison, SD, 57620",https://www.landandfarm.com/property/bakke-road-hunting-property-40739023/,,,1.0,0.633,0.624,0.5,0.5
842,0.6354,True,landwatch,424914832,NC,Robeson,870.0,1740000.0,2000.0,"Lumberton, NC, 28358, Robeson County",https://www.landwatch.com/robeson-county-north-carolina-recreational-property-for-sale/pid/424914832,,,1.0,0.576,0.667,0.5,0.5
843,0.6354,True,landandfarm,39544713,NC,Robeson,870.0,1740000.0,2000.0,"Lumberton, NC, 28358",https://www.landandfarm.com/property/willoughby-timberlands-39544713/,,,1.0,0.576,0.667,0.5,0.5
844,0.6354,True,landsearch,5222907,MS,Tippah,292.0,860500.0,2946.92,"Tiplersville, MS 38674",https://www.landsearch.com/properties/2-county-road-204-tiplersville-ms-38674/5222907,,,1.0,0.787,0.509,0.5,0.5
845,0.6354,True,landwatch,426546248,MS,Tippah,292.0,860500.0,2946.92,"Tiplersville, MS, 38674, Tippah County",https://www.landwatch.com/tippah-county-mississippi-farms-and-ranches-for-sale/pid/426546248,,,1.0,0.787,0.509,0.5,0.5
846,0.6354,True,landandfarm,41176129,MS,Tippah,292.0,860500.0,2946.92,"Tiplersville, MS, 38674",https://www.landandfarm.com/property/291-57-acres-in-tippah-county-41176129/,,,1.0,0.787,0.509,0.5,0.5
847,0.6351,True,landwatch,425904449,NY,Kings,367.0,789000.0,2149.86,"Brooklyn, NY, 11234, Kings County",https://www.landwatch.com/kings-county-new-york-homes-for-sale/pid/425904449,,,1.0,0.608,0.642,0.5,0.5
848,0.6351,True,landandfarm,40534330,NY,Kings,367.0,789000.0,2149.86,"Brooklyn, NY, 11234",https://www.landandfarm.com/property/single-family-colonial-brooklyn-ny-40534330/,,,1.0,0.608,0.642,0.5,0.5
849,0.6349,True,landwatch,425042580,AR,Stone,432.0,1200000.0,2777.78,"Mountain View, AR, 72560, Stone County",https://www.landwatch.com/stone-county-arkansas-farms-and-ranches-for-sale/pid/425042580,,,1.0,0.747,0.537,0.5,0.5
850,0.6349,True,landandfarm,39672461,AR,Stone,432.0,1200000.0,2777.78,"Mountain View, AR, 72560",https://www.landandfarm.com/property/432-acres-of-ozark-beauty-with-cabin-pasture-timber-and-trails-39672461/,,,1.0,0.747,0.537,0.5,0.5
851,0.6346,True,landwatch,425964345,MO,Wayne,428.0,1175000.0,2745.33,"Piedmont, MO, 63957, Wayne County",https://www.landwatch.com/wayne-county-missouri-farms-and-ranches-for-sale/pid/425964345,,,1.0,0.738,0.542,0.5,0.5
852,0.6345,True,landwatch,420738159,MI,Marquette,660.0,825000.0,1250.0,"Arnold, MI, 49819, Marquette County",https://www.landwatch.com/marquette-county-michigan-undeveloped-land-for-sale/pid/420738159,,,1.0,0.405,0.792,0.5,0.5
853,0.6345,True,landandfarm,35368039,MI,Marquette,660.0,825000.0,1250.0,"Arnold, MI, 49819",https://www.landandfarm.com/property/land-arnold-mi-35368039/,,,1.0,0.405,0.792,0.5,0.5
854,0.6344,True,landwatch,426424393,KY,Muhlenberg,266.0,997000.0,3748.12,"Greenville, KY, 42345, Muhlenberg County",https://www.landwatch.com/muhlenberg-county-kentucky-farms-and-ranches-for-sale/pid/426424393,,,1.0,0.96,0.375,0.5,0.5
855,0.6344,True,landandfarm,41054274,KY,Muhlenberg,266.0,997000.0,3748.12,"Greenville, KY, 42345",https://www.landandfarm.com/property/elk-pond-creek-266-acres-muhlenberg-co-ky-41054274/,,,1.0,0.96,0.375,0.5,0.5
856,0.6343,True,landandfarm,40427100,KS,Graham,749.0,1183567.0,1580.2,"Bogue, KS, 67625",https://www.landandfarm.com/property/750-acre-graham-county-pasture-crp-40427100/,,,1.0,0.478,0.737,0.5,0.5
857,0.6343,True,landwatch,425746135,MO,Reynolds,204.0,459000.0,2250.0,"Bunker, MO, 63629, Reynolds County",https://www.landwatch.com/reynolds-county-missouri-recreational-property-for-sale/pid/425746135,,,1.0,0.627,0.625,0.5,0.5
858,0.6342,True,landsearch,4992361,KY,Clinton,383.0,889000.0,2321.15,"Albany, KY 42602",https://www.landsearch.com/properties/willis-creek-rd-albany-ky-42602/4992361,,,1.0,0.642,0.613,0.5,0.5
859,0.6337,True,landwatch,421805394,MI,Charlevoix,561.0,1400000.0,2495.54,"Beaver Island, MI, 49782, Charlevoix County",https://www.landwatch.com/charlevoix-county-michigan-undeveloped-land-for-sale/pid/421805394,,,1.0,0.678,0.584,0.5,0.5
860,0.6337,True,landandfarm,36435275,MI,Charlevoix,561.0,1400000.0,2495.54,"Beaver Island, MI, 49782",https://www.landandfarm.com/property/vacant-lot-land-beaver-island-mi-36435275/,,,1.0,0.678,0.584,0.5,0.5
861,0.6335,True,landwatch,426659653,AL,Mobile,300.0,824000.0,2746.67,"Chunchula, AL, 36521, Mobile County",https://www.landwatch.com/mobile-county-alabama-recreational-property-for-sale/pid/426659653,,,1.0,0.733,0.542,0.5,0.5
862,0.6335,True,landandfarm,41289534,AL,Mobile,300.0,824000.0,2746.67,"Chunchula, AL, 36521",https://www.landandfarm.com/property/chunchula-roberts-road-farm-hunting-timber-tract-41289534/,,,1.0,0.733,0.542,0.5,0.5
863,0.6333,True,landwatch,425789557,IL,Saline,260.0,1027000.0,3950.0,"Harrisburg, IL, 62946, Saline County",https://www.landwatch.com/saline-county-illinois-recreational-property-for-sale/pid/425789557,,,1.0,1.0,0.342,0.5,0.5
864,0.6333,True,landandfarm,40419438,IL,Saline,260.0,1027000.0,3950.0,"Harrisburg, IL, 62946",https://www.landandfarm.com/property/260-acre-premier-waterfowl-and-whitetail-hunting-tract-40419438/,,,1.0,1.0,0.342,0.5,0.5
865,0.6332,True,landsearch,5214820,VA,Tazewell,1200.0,1800000.0,1500.0,"Bandy, VA 24602",https://www.landsearch.com/properties/2789-dry-fork-rd-bandy-va-24602/5214820,,,1.0,0.455,0.75,0.5,0.5
866,0.6332,True,landwatch,426495036,VA,Tazewell,1200.0,1800000.0,1500.0,"Bandy, VA, 24602, Tazewell County",https://www.landwatch.com/tazewell-county-virginia-undeveloped-land-for-sale/pid/426495036,,,1.0,0.455,0.75,0.5,0.5
867,0.6332,True,landandfarm,41124917,VA,Tazewell,1200.0,1800000.0,1500.0,"Bandy, VA, 24602",https://www.landandfarm.com/property/land-bandy-va-41124917/,,,1.0,0.455,0.75,0.5,0.5
868,0.6332,True,landwatch,423959807,OK,Osage,420.0,1132839.0,2697.24,"Hominy, OK, 74035, Osage County",https://www.landwatch.com/osage-county-oklahoma-farms-and-ranches-for-sale/pid/423959807,,,1.0,0.721,0.55,0.5,0.5
869,0.633,True,landwatch,422035915,GA,Chattooga,280.0,939900.0,3356.79,"Summerville, GA, 30747, Chattooga County",https://www.landwatch.com/chattooga-county-georgia-farms-and-ranches-for-sale/pid/422035915,,,1.0,0.867,0.441,0.5,0.5
870,0.633,True,landandfarm,36665796,GA,Chattooga,280.0,939900.0,3356.79,"Summerville, GA, 30747",https://www.landandfarm.com/property/copper-mill-36665796/,,,1.0,0.867,0.441,0.5,0.5
871,0.633,True,landwatch,422387090,MO,Crawford,278.0,950000.0,3417.27,"Salem, MO, 65560, Crawford County",https://www.landwatch.com/crawford-county-missouri-farms-and-ranches-for-sale/pid/422387090,,,1.0,0.88,0.43,0.5,0.5
872,0.633,True,landandfarm,37016971,MO,Crawford,278.0,950000.0,3417.27,"Salem, MO, 65560",https://www.landandfarm.com/property/rockin-l-ranch-on-the-yankee-branch-37016971/,,,1.0,0.88,0.43,0.5,0.5
873,0.6329,True,landandfarm,35706352,MS,Lauderdale,829.0,1577160.0,1902.48,"Off Peavy Road, LO",https://www.landandfarm.com/property/hunter-s-paradise-and-development-opportunity-35706352/,,,1.0,0.543,0.683,0.5,0.5
874,0.6329,True,landwatch,425959318,NC,Hertford,223.0,635550.0,2850.0,"Cofield, NC, 27922, Hertford County",https://www.landwatch.com/hertford-county-north-carolina-recreational-property-for-sale/pid/425959318,,,1.0,0.753,0.525,0.5,0.5
875,0.6329,True,landandfarm,40589199,NC,Hertford,223.0,635550.0,2850.0,"Cofield, NC, 27922",https://www.landandfarm.com/property/cofield-deer-and-turkey-tract-40589199/,,,1.0,0.753,0.525,0.5,0.5
876,0.6328,True,landwatch,425719266,GA,Jefferson,288.0,899000.0,3121.53,"Avera, GA, 30803, Jefferson County",https://www.landwatch.com/jefferson-county-georgia-farms-and-ranches-for-sale/pid/425719266,,,1.0,0.813,0.48,0.5,0.5
877,0.6328,True,landandfarm,40349147,GA,Jefferson,288.0,899000.0,3121.53,"Avera, GA, 30803",https://www.landandfarm.com/property/rocky-comfort-creek-hunting-preserve-40349147/,,,1.0,0.813,0.48,0.5,0.5
878,0.6327,True,landandfarm,40421890,MO,Wayne,227.0,674900.0,2973.13,"Mill Spring, MO, 63952",https://www.landandfarm.com/property/227-2-acre-farm-in-mill-spring-40421890/,,,1.0,0.78,0.504,0.5,0.5
879,0.6327,True,landwatch,424624783,MO,Dent,244.0,849900.0,3483.2,"Salem, MO, 65560, Dent County",https://www.landwatch.com/dent-county-missouri-farms-and-ranches-for-sale/pid/424624783,,,1.0,0.893,0.419,0.5,0.5
880,0.6327,True,landandfarm,39254664,MO,Dent,244.0,849900.0,3483.2,"Salem, MO, 65560",https://www.landandfarm.com/property/little-gladden-creek-hunter-s-paradise-39254664/,,,1.0,0.893,0.419,0.5,0.5
881,0.6327,True,landwatch,426383679,VA,Middlesex,395.0,975000.0,2468.35,"Saluda, VA, 23149, Middlesex County",https://www.landwatch.com/middlesex-county-virginia-undeveloped-land-for-sale/pid/426383679,,,1.0,0.668,0.589,0.5,0.5
882,0.6327,True,landandfarm,41013560,VA,Middlesex,395.0,975000.0,2468.35,"Saluda, VA, 23149",https://www.landandfarm.com/property/land-saluda-va-41013560/,,,1.0,0.668,0.589,0.5,0.5
883,0.6326,True,landsearch,5077366,NE,Lincoln,1084.0,2100000.0,1937.27,"Brady, NE 69123",https://www.landsearch.com/properties/highway-30-brady-ne-69123/5077366,,,1.0,0.549,0.677,0.5,0.5
884,0.6326,True,landwatch,425867629,NE,Lincoln,1084.0,2100000.0,1937.27,"Brady, NE, 69123, Lincoln County",https://www.landwatch.com/lincoln-county-nebraska-farms-and-ranches-for-sale/pid/425867629,,,1.0,0.549,0.677,0.5,0.5
885,0.6326,True,landandfarm,40497510,NE,Lincoln,1084.0,2100000.0,1937.27,"Brady, NE, 69123",https://www.landandfarm.com/property/mccullough-ranch-highway-30-premium-sandhills-grass-40497510/,,,1.0,0.549,0.677,0.5,0.5
886,0.6323,True,landwatch,423684859,KY,Wayne,297.0,850000.0,2861.95,"Monticello, KY, 42633, Wayne County",https://www.landwatch.com/wayne-county-kentucky-farms-and-ranches-for-sale/pid/423684859,,,1.0,0.753,0.523,0.5,0.5
887,0.6323,True,landandfarm,38314740,KY,Wayne,297.0,850000.0,2861.95,"Monticello, KY, 42633",https://www.landandfarm.com/property/lost-hollow-lodge-38314740/,,,1.0,0.753,0.523,0.5,0.5
888,0.6318,True,landwatch,423278486,KS,Harper,630.0,1180000.0,1873.02,"Waldron, KS, 67150, Harper County",https://www.landwatch.com/harper-county-kansas-farms-and-ranches-for-sale/pid/423278486,,,1.0,0.531,0.688,0.5,0.5
889,0.6318,True,landandfarm,37908367,KS,Harper,630.0,1180000.0,1873.02,"Waldron, KS, 67150",https://www.landandfarm.com/property/harper-county-629-37908367/,,,1.0,0.531,0.688,0.5,0.5
890,0.6317,True,landandfarm,40137799,AR,Stone,360.0,774900.0,2152.5,"Leslie, AR, 72645",https://www.landandfarm.com/property/epic-hunting-tract-incredibly-private-and-secluded-with-year-round-creeks-40137799/,,,1.0,0.593,0.641,0.5,0.5
891,0.6317,True,landwatch,424086611,NE,Brown,644.0,805000.0,1250.0,"Ainsworth, NE 69210",https://www.landwatch.com/brown-county-nebraska-farms-and-ranches-for-sale/pid/424086611,,,1.0,0.392,0.792,0.5,0.5
892,0.6317,True,landandfarm,38716492,NE,Brown,644.0,805000.0,1250.0,"Ainsworth, NE 69210",https://www.landandfarm.com/property/644-acres-brown-county-pasture-38716492/,,,1.0,0.392,0.792,0.5,0.5
893,0.6316,True,landsearch,5058334,KS,Pawnee,313.0,750000.0,2396.17,"Garfield, KS 67529",https://www.landsearch.com/properties/345-county-road-f-garfield-ks-67529/5058334,,,1.0,0.647,0.601,0.5,0.5
894,0.6316,True,landandfarm,40420652,KS,Pawnee,313.0,750000.0,2396.17,"Garfield, KS, 67529",https://www.landandfarm.com/property/pawnee-county-cropland-312-40420652/,,,1.0,0.647,0.601,0.5,0.5
895,0.6316,True,landwatch,426435721,PA,Armstrong,448.0,1344000.0,3000.0,"Worthington, PA, 16262, Armstrong County",https://www.landwatch.com/armstrong-county-pennsylvania-recreational-property-for-sale/pid/426435721,,,1.0,0.781,0.5,0.5,0.5
896,0.6316,True,landandfarm,41065602,PA,Armstrong,448.0,1344000.0,3000.0,"Worthington, PA, 16262",https://www.landandfarm.com/property/armstrong-county-pa-large-acreage-tract-timber-and-recreational-investm-41065602/,,,1.0,0.781,0.5,0.5,0.5
897,0.6316,True,landwatch,424484726,OH,Pike,229.0,700000.0,3056.77,"Lucasville, OH, 45648, Pike County",https://www.landwatch.com/pike-county-ohio-undeveloped-land-for-sale/pid/424484726,,,1.0,0.793,0.491,0.5,0.5
898,0.6316,True,landwatch,421019690,AL,Wilcox,229.0,700000.0,3056.77,"Alberta, AL, 36720, Wilcox County",https://www.landwatch.com/wilcox-county-alabama-recreational-property-for-sale/pid/421019690,,,1.0,0.793,0.491,0.5,0.5
899,0.6316,True,landandfarm,39114607,OH,Pike,229.0,700000.0,3056.77,"Lucasville, OH, 45648",https://www.landandfarm.com/property/land-lucasville-oh-39114607/,,,1.0,0.793,0.491,0.5,0.5
900,0.6316,True,landandfarm,35649570,AL,Wilcox,229.0,700000.0,3056.77,"Alberta, AL, 36720",https://www.landandfarm.com/property/229-acre-hunting-tract-at-gee-s-bend-with-gorgeous-timber-in-wilcox-county-35649570/,,,1.0,0.793,0.491,0.5,0.5
901,0.6315,True,landwatch,424698326,AR,Carroll,532.0,1500000.0,2819.55,"Berryville, AR, 72616, Carroll County",https://www.landwatch.com/carroll-county-arkansas-farms-and-ranches-for-sale/pid/424698326,,,1.0,0.74,0.53,0.5,0.5
902,0.6315,True,landandfarm,39328207,AR,Carroll,532.0,1500000.0,2819.55,"Berryville, AR, 72616",https://www.landandfarm.com/property/wooded-and-rolling-hunting-and-recreational-tract-with-miles-of-established-39328207/,,,1.0,0.74,0.53,0.5,0.5
903,0.631,True,landwatch,426493030,GA,Talbot,269.0,1003200.0,3729.37,"Talbotton, GA, 31827, Talbot County",https://www.landwatch.com/talbot-county-georgia-recreational-property-for-sale/pid/426493030,,,1.0,0.94,0.378,0.5,0.5
904,0.631,True,landandfarm,41122911,GA,Talbot,269.0,1003200.0,3729.37,"Talbotton, GA, 31827",https://www.landandfarm.com/property/kimbrough-creek-tract-41122911/,,,1.0,0.94,0.378,0.5,0.5
905,0.631,True,landwatch,425671380,OK,Jackson,320.0,704000.0,2200.0,"Gould, OK, 73544, Jackson County",https://www.landwatch.com/jackson-county-oklahoma-farms-and-ranches-for-sale/pid/425671380,,,1.0,0.6,0.633,0.5,0.5
906,0.631,True,landwatch,425514131,AL,Greene,270.0,999000.0,3700.0,"Forkland, AL, 36740, Greene County",https://www.landwatch.com/greene-county-alabama-recreational-property-for-sale/pid/425514131,,,1.0,0.933,0.383,0.5,0.5
907,0.631,True,landandfarm,39858276,MS,Wayne,200.0,440000.0,2200.0,"Buckatunna, MS, 39322",https://www.landandfarm.com/property/wayne-200-39858276/,,,1.0,0.6,0.633,0.5,0.5
908,0.631,True,landandfarm,40144012,AL,Greene,270.0,999000.0,3700.0,"Forkland, AL, 36740",https://www.landandfarm.com/property/mcconnico-creek-recreational-tract-40144012/,,,1.0,0.933,0.383,0.5,0.5
909,0.6309,True,landwatch,424078526,KS,Rooks,473.0,1539250.0,3254.23,"Woodston, KS, 67675, Rooks County",https://www.landwatch.com/rooks-county-kansas-farms-and-ranches-for-sale/pid/424078526,,,1.0,0.834,0.458,0.5,0.5
910,0.6309,True,landandfarm,38708407,KS,Rooks,473.0,1539250.0,3254.23,"Woodston, KS, 67675",https://www.landandfarm.com/property/473-acres-rooks-county-land-38708407/,,,1.0,0.834,0.458,0.5,0.5
911,0.6307,True,landwatch,425795609,SD,Butte,640.0,1152000.0,1800.0,"Newell, SD, 57760, Butte County",https://www.landwatch.com/butte-county-south-dakota-farms-and-ranches-for-sale/pid/425795609,,,1.0,0.51,0.7,0.5,0.5
912,0.6307,True,landandfarm,40425490,SD,Butte,640.0,1152000.0,1800.0,"Newell, SD, 57760",https://www.landandfarm.com/property/butte-county-640-40425490/,,,1.0,0.51,0.7,0.5,0.5
913,0.6307,True,landwatch,423147628,WI,Ashland,201.0,449500.0,2236.32,"Marengo, WI, 54846, Ashland County",https://www.landwatch.com/ashland-county-wisconsin-farms-and-ranches-for-sale/pid/423147628,,,1.0,0.607,0.627,0.5,0.5
914,0.6307,True,landandfarm,37777509,WI,Ashland,201.0,449500.0,2236.32,"Marengo, WI, 54846",https://www.landandfarm.com/property/marengo-river-hunting-and-fishing-mecca-37777509/,,,1.0,0.607,0.627,0.5,0.5
915,0.6305,True,landwatch,424471133,MN,Kittson,801.0,1481480.0,1849.54,"Lake Bronson, MN, 56734, Kittson County",https://www.landwatch.com/kittson-county-minnesota-farms-and-ranches-for-sale/pid/424471133,,,1.0,0.52,0.692,0.5,0.5
916,0.6305,True,landandfarm,39101014,MN,Kittson,801.0,1481480.0,1849.54,"Lake Bronson, MN, 56734",https://www.landandfarm.com/property/800-76-acres-in-kittson-county-mn-39101014/,,,1.0,0.52,0.692,0.5,0.5
917,0.6301,True,landwatch,424356038,NY,Delaware,485.0,1600000.0,3298.97,"Roxbury, NY, 12474, Delaware County",https://www.landwatch.com/delaware-county-new-york-homes-for-sale/pid/424356038,,,1.0,0.84,0.45,0.5,0.5
918,0.6301,True,landsearch,5086395,OK,Pittsburg,785.0,1413000.0,1800.0,"Stuart, OK 74570",https://www.landsearch.com/properties/n-3910-rd-stuart-ok-74570/5086395,,,1.0,0.507,0.7,0.5,0.5
919,0.6301,True,landwatch,425904801,OK,Pittsburg,785.0,1413000.0,1800.0,"Stuart, OK, 74570, Pittsburg County",https://www.landwatch.com/pittsburg-county-oklahoma-farms-and-ranches-for-sale/pid/425904801,,,1.0,0.507,0.7,0.5,0.5
920,0.63,True,landsearch,4973507,KS,Butler,476.0,1571460.0,3301.39,"El Dorado, KS 67042",https://www.landsearch.com/properties/el-dorado-ks-67042/4973507,,,1.0,0.84,0.45,0.5,0.5
921,0.63,True,landwatch,425580782,KS,Butler,476.0,1571460.0,3301.39,"El Dorado, KS, 67042, Butler County",https://www.landwatch.com/butler-county-kansas-farms-and-ranches-for-sale/pid/425580782,,,1.0,0.84,0.45,0.5,0.5
922,0.6295,True,landwatch,422054761,MN,Lake,1040.0,2250000.0,2163.46,"Two Harbors, MN, 55616, Lake County",https://www.landwatch.com/lake-county-minnesota-recreational-property-for-sale/pid/422054761,,,1.0,0.585,0.639,0.5,0.5
923,0.6295,True,landandfarm,36684642,MN,Lake,1040.0,2250000.0,2163.46,"Two Harbors, MN, 55616",https://www.landandfarm.com/property/massive-property-located-close-to-lake-superior-and-two-iconic-landmarks-36684642/,,,1.0,0.585,0.639,0.5,0.5
924,0.6291,True,landsearch,5116947,KS,Pawnee,303.0,832810.0,2748.55,"Burdett, KS 67523",https://www.landsearch.com/properties/901-949-360th-ave-burdett-ks-67523/5116947,,,1.0,0.713,0.542,0.5,0.5
925,0.6291,True,landwatch,426046687,KS,Pawnee,303.0,832810.0,2748.55,"Burdett, KS, 67523, Pawnee County",https://www.landwatch.com/pawnee-county-kansas-farms-and-ranches-for-sale/pid/426046687,,,1.0,0.713,0.542,0.5,0.5
926,0.6291,True,landandfarm,40676568,KS,Pawnee,303.0,832810.0,2748.55,"Burdett, KS, 67523",https://www.landandfarm.com/property/sawmill-creek-farm-40676568/,,,1.0,0.713,0.542,0.5,0.5
927,0.6286,True,landwatch,426645793,MS,Desoto,275.0,990000.0,3600.0,"Byhalia, MS, 38611, DeSoto County",https://www.landwatch.com/desoto-county-mississippi-recreational-property-for-sale/pid/426645793,,,1.0,0.9,0.4,0.5,0.5
928,0.6286,True,landwatch,425821881,NC,Columbus,255.0,994500.0,3900.0,"Nakina, NC, 28455, Columbus County",https://www.landwatch.com/columbus-county-north-carolina-recreational-property-for-sale/pid/425821881,,,1.0,0.967,0.35,0.5,0.5
929,0.6286,True,landandfarm,41275674,MS,DeSoto,275.0,990000.0,3600.0,"Byhalia, MS, 38611",https://www.landandfarm.com/property/red-banks-road-275-41275674/,,,1.0,0.9,0.4,0.5,0.5
930,0.6286,True,landandfarm,40451762,NC,Columbus,255.0,994500.0,3900.0,"Nakina, NC, 28455",https://www.landandfarm.com/property/255-acre-mixed-wetlands-tract-with-exceptional-deer-and-waterfowl-habita-40451762/,,,1.0,0.967,0.35,0.5,0.5
931,0.6286,True,landwatch,424963239,MI,Iosco,360.0,799000.0,2219.44,"East Tawas, MI, 48730, Iosco County",https://www.landwatch.com/iosco-county-michigan-recreational-property-for-sale/pid/424963239,,,1.0,0.593,0.63,0.5,0.5
932,0.6286,True,landandfarm,39593120,MI,Iosco,360.0,799000.0,2219.44,"East Tawas, MI, 48730",https://www.landandfarm.com/property/rare-large-tract-with-hunting-cabin-and-established-trail-system-near-tawa-39593120/,,,1.0,0.593,0.63,0.5,0.5
933,0.6284,True,landwatch,425484926,NY,Allegany,337.0,675000.0,2002.97,"Belfast, NY, 14711, Allegany County",https://www.landwatch.com/allegany-county-new-york-homes-for-sale/pid/425484926,,,1.0,0.544,0.666,0.5,0.5
934,0.6284,True,landwatch,426600090,AL,Montgomery,494.0,1605500.0,3250.0,"Montgomery, AL, 36069, Montgomery County",https://www.landwatch.com/montgomery-county-alabama-recreational-property-for-sale/pid/426600090,,,1.0,0.821,0.458,0.5,0.5
935,0.6284,True,landandfarm,41229971,AL,Montgomery,494.0,1605500.0,3250.0,"Montgomery, AL, 36069",https://www.landandfarm.com/property/seven-bridges-road-farm-41229971/,,,1.0,0.821,0.458,0.5,0.5
936,0.6281,True,landwatch,424077372,TN,Hardeman,213.0,564450.0,2650.0,"Hornsby, TN, 38008, Hardeman County",https://www.landwatch.com/hardeman-county-tennessee-farms-and-ranches-for-sale/pid/424077372,,,1.0,0.687,0.558,0.5,0.5
937,0.6281,True,landandfarm,38707253,TN,Hardeman,213.0,564450.0,2650.0,"Hornsby, TN, 38008",https://www.landandfarm.com/property/hornsby-fire-tower-38707253/,,,1.0,0.687,0.558,0.5,0.5
938,0.6276,True,landwatch,421888794,NY,Chenango,274.0,1000000.0,3649.64,"Afton, NY, 13730, Chenango County",https://www.landwatch.com/chenango-county-new-york-undeveloped-land-for-sale/pid/421888794,,,1.0,0.907,0.392,0.5,0.5
939,0.6276,True,landandfarm,36518675,NY,Chenango,274.0,1000000.0,3649.64,"Afton, NY, 13730",https://www.landandfarm.com/property/unique-property-16-miles-of-former-rr-trail-36518675/,,,1.0,0.907,0.392,0.5,0.5
940,0.6275,True,landwatch,426008226,WI,Forest,333.0,659900.0,1981.68,"Argonne, WI, 54511, Forest County",https://www.landwatch.com/forest-county-wisconsin-undeveloped-land-for-sale/pid/426008226,,,1.0,0.536,0.67,0.5,0.5
941,0.6275,True,landandfarm,40638107,WI,Forest,333.0,659900.0,1981.68,"Argonne, WI, 54511",https://www.landandfarm.com/property/land-argonne-wi-40638107/,,,1.0,0.536,0.67,0.5,0.5
942,0.6274,True,landwatch,426581537,TN,Henderson,227.0,700000.0,3083.7,"Lexington, TN, 38351, Henderson County",https://www.landwatch.com/henderson-county-tennessee-farms-and-ranches-for-sale/pid/426581537,,,1.0,0.78,0.486,0.5,0.5
943,0.6274,True,landandfarm,41211418,TN,Henderson,227.0,700000.0,3083.7,"Lexington, TN, 38351",https://www.landandfarm.com/property/farm-land-hunting-paradise-lexington-tn-41211418/,,,1.0,0.78,0.486,0.5,0.5
944,0.6272,True,landwatch,426272851,MS,Leake,438.0,1312000.0,2995.43,"Acres Leake County, MS",https://www.landwatch.com/leake-county-mississippi-farms-and-ranches-for-sale/pid/426272851,,,1.0,0.759,0.501,0.5,0.5
945,0.6272,True,landandfarm,40902732,MS,Leake,438.0,1312000.0,2995.43,"Acres Leake County, MS",https://www.landandfarm.com/property/-438-acres-leake-county-ms-40902732/,,,1.0,0.759,0.501,0.5,0.5
946,0.6272,True,landwatch,423618929,MN,Saint Louis,320.0,729000.0,2278.12,"Babbitt, MN, 55706, Saint Louis County",https://www.landwatch.com/saint-louis-county-minnesota-timberland-property-for-sale/pid/423618929,,,1.0,0.6,0.62,0.5,0.5
947,0.6272,True,landandfarm,38248810,MN,Saint Louis,320.0,729000.0,2278.12,"Babbitt, MN, 55706",https://www.landandfarm.com/property/all-brick-home-and-guest-home-in-the-heart-of-the-northwoods-38248810/,,,1.0,0.6,0.62,0.5,0.5
948,0.6272,True,landsearch,5218326,NE,Lincoln,240.0,835000.0,3479.17,"North Platte, NE 69101",https://www.landsearch.com/properties/north-platte-ne-69101/5218326,,,1.0,0.867,0.42,0.5,0.5
949,0.6272,True,landwatch,426514405,NE,Lincoln,240.0,835000.0,3479.17,"North Platte, NE 69101",https://www.landwatch.com/lincoln-county-nebraska-farms-and-ranches-for-sale/pid/426514405,,,1.0,0.867,0.42,0.5,0.5
950,0.6272,True,landandfarm,41144286,NE,Lincoln,240.0,835000.0,3479.17,"North Platte, NE 69101",https://www.landandfarm.com/property/239-acres-lincoln-county-east-state-farm-development-parcel-2-41144286/,,,1.0,0.867,0.42,0.5,0.5
951,0.6271,True,landwatch,423240093,VA,Powhatan,216.0,596160.0,2760.0,"Richmond, VA, 23225, Powhatan County",https://www.landwatch.com/powhatan-county-virginia-recreational-property-for-sale/pid/423240093,,,1.0,0.707,0.54,0.5,0.5
952,0.6271,True,landandfarm,37869974,VA,Powhatan,216.0,596160.0,2760.0,"Richmond, VA, 23225",https://www.landandfarm.com/property/ferguson-bagby-jones-tract-37869974/,,,1.0,0.707,0.54,0.5,0.5
953,0.6271,True,landwatch,425147006,KY,Whitley,575.0,1437500.0,2500.0,"Williamsburg, KY, 40769, Whitley County",https://www.landwatch.com/whitley-county-kentucky-undeveloped-land-for-sale/pid/425147006,,,1.0,0.649,0.583,0.5,0.5
954,0.6271,True,landandfarm,39776887,KY,Whitley,575.0,1437500.0,2500.0,"Williamsburg, KY, 40769",https://www.landandfarm.com/property/land-williamsburg-ky-39776887/,,,1.0,0.649,0.583,0.5,0.5
955,0.6271,True,landwatch,426024486,VA,King And Queen,220.0,634000.0,2881.82,"Saint Stephens Church, VA, 23148, King and Queen County",https://www.landwatch.com/king-and-queen-county-virginia-timberland-property-for-sale/pid/426024486,,,1.0,0.733,0.52,0.5,0.5
956,0.6271,True,landandfarm,40654367,VA,King and Queen,220.0,634000.0,2881.82,"Saint Stephens Church, VA, 23148",https://www.landandfarm.com/property/c98-tanager-et2-2012-40654367/,,,1.0,0.733,0.52,0.5,0.5
957,0.627,True,landwatch,420504065,PA,Bedford,219.0,624900.0,2853.42,"New Enterprise, PA, 16664, Bedford County",https://www.landwatch.com/bedford-county-pennsylvania-undeveloped-land-for-sale/pid/420504065,,,1.0,0.727,0.524,0.5,0.5
958,0.627,True,landandfarm,35133945,PA,Bedford,219.0,624900.0,2853.42,"New Enterprise, PA, 16664",https://www.landandfarm.com/property/land-new-enterprise-pa-35133945/,,,1.0,0.727,0.524,0.5,0.5
959,0.6265,True,landandfarm,38263028,AL,Marengo,242.0,860000.0,3553.72,"Sweet Water, AL, 36782",https://www.landandfarm.com/property/242-ac-marengo-county-campground-tract-2-38263028/,,,1.0,0.88,0.408,0.5,0.5
960,0.6264,True,landwatch,424581867,MS,Pearl River,832.0,1705200.0,2049.52,"Picayune, MS, 39466, Pearl River County",https://www.landwatch.com/pearl-river-county-mississippi-recreational-property-for-sale/pid/424581867,,,1.0,0.545,0.658,0.5,0.5
961,0.6264,True,landandfarm,39211748,MS,Pearl River,832.0,1705200.0,2049.52,"Picayune, MS, 39466",https://www.landandfarm.com/property/boley-creek-832-39211748/,,,1.0,0.545,0.658,0.5,0.5
962,0.6263,True,landwatch,426199353,KS,Rooks,216.0,600000.0,2777.78,"Stockton, KS, 67669, Rooks County",https://www.landwatch.com/rooks-county-kansas-farms-and-ranches-for-sale/pid/426199353,,,1.0,0.707,0.537,0.5,0.5
963,0.6263,True,landandfarm,40829234,KS,Rooks,216.0,600000.0,2777.78,"Stockton, KS, 67669",https://www.landandfarm.com/property/south-fork-solomon-river-hunting-haven-40829234/,,,1.0,0.707,0.537,0.5,0.5
964,0.6263,True,landwatch,426354901,TN,Scott,286.0,949000.0,3318.18,"Robbins, TN, 37852, Scott County",https://www.landwatch.com/scott-county-tennessee-recreational-property-for-sale/pid/426354901,,,1.0,0.827,0.447,0.5,0.5
965,0.6263,True,landandfarm,40984782,TN,Scott,286.0,949000.0,3318.18,"Robbins, TN, 37852",https://www.landandfarm.com/property/286-acres-with-creek-systems-farmhouse-free-natural-gas-and-direct-brim-40984782/,,,1.0,0.827,0.447,0.5,0.5
966,0.6262,True,landandfarm,37403236,OK,Pittsburg,230.0,736000.0,3200.0,"Blanco, OK, 74528",https://www.landandfarm.com/property/230-acres-made-up-of-pasture-and-timber-in-pittsburg-county-37403236/,,,1.0,0.8,0.467,0.5,0.5
967,0.6262,True,landwatch,423673807,OK,Haskell,320.0,736000.0,2300.0,"Keota, OK, 74941, Haskell County",https://www.landwatch.com/haskell-county-oklahoma-farms-and-ranches-for-sale/pid/423673807,,,1.0,0.6,0.617,0.5,0.5
968,0.6262,True,landwatch,425454627,KS,Reno,240.0,840000.0,3500.0,"Turon, KS, 67583, Reno County",https://www.landwatch.com/reno-county-kansas-farms-and-ranches-for-sale/pid/425454627,,,1.0,0.867,0.417,0.5,0.5
969,0.6262,True,landandfarm,38303688,OK,Haskell,320.0,736000.0,2300.0,"Keota, OK, 74941",https://www.landandfarm.com/property/keota-lakeview-ranch-38303688/,,,1.0,0.6,0.617,0.5,0.5
970,0.6262,True,landandfarm,40084508,KS,Reno,240.0,840000.0,3500.0,"Turon, KS, 67583",https://www.landandfarm.com/property/hunting-property-pasture-for-sale-by-owner-40084508/,,,1.0,0.867,0.417,0.5,0.5
971,0.6261,True,landwatch,425900966,IN,Orange,276.0,999900.0,3622.83,"Orleans, IN, 47452, Orange County",https://www.landwatch.com/orange-county-indiana-farms-and-ranches-for-sale/pid/425900966,,,1.0,0.893,0.396,0.5,0.5
972,0.6261,True,landandfarm,40530847,IN,Orange,276.0,999900.0,3622.83,"Orleans, IN, 47452",https://www.landandfarm.com/property/orange-county-indiana-hunting-and-outdoor-recreation-land-40530847/,,,1.0,0.893,0.396,0.5,0.5
973,0.6259,True,landwatch,418597769,NC,Duplin,218.0,620274.0,2845.29,"Pink Hill, NC, 28572, Duplin County",https://www.landwatch.com/duplin-county-north-carolina-recreational-property-for-sale/pid/418597769,,,1.0,0.72,0.526,0.5,0.5
974,0.6259,True,landandfarm,33227649,NC,Duplin,218.0,620274.0,2845.29,"Pink Hill, NC, 28572",https://www.landandfarm.com/property/217-acres-duplin-county-north-carolina-33227649/,,,1.0,0.72,0.526,0.5,0.5
975,0.6259,True,landwatch,425221797,MS,Choctaw,382.0,949900.0,2486.65,"Eupora, MS, 39744, Choctaw County",https://www.landwatch.com/choctaw-county-mississippi-recreational-property-for-sale/pid/425221797,,,1.0,0.64,0.586,0.5,0.5
976,0.6259,True,landandfarm,39851678,MS,Choctaw,382.0,949900.0,2486.65,"Eupora, MS, 39744",https://www.landandfarm.com/property/big-bywy-creek-39851678/,,,1.0,0.64,0.586,0.5,0.5
977,0.6257,True,landsearch,5251232,ND,Pierce,358.0,809000.0,2259.78,"Rugby, ND 58368",https://www.landsearch.com/properties/26th-ave-ne-rugby-nd-58368/5251232,,,1.0,0.589,0.623,0.5,0.5
978,0.6257,True,landsearch,5148733,GA,Hancock,248.0,930000.0,3750.0,"Sparta, GA",https://www.landsearch.com/properties/sparta-ga/5148733,,,1.0,0.92,0.375,0.5,0.5
979,0.6256,True,landwatch,423206650,TN,Mcnairy,946.0,2350000.0,2484.14,"Pocahontas, TN, 38061, McNairy County",https://www.landwatch.com/mcnairy-county-tennessee-recreational-property-for-sale/pid/423206650,,,1.0,0.638,0.586,0.5,0.5
980,0.6256,True,landandfarm,37836531,TN,McNairy,946.0,2350000.0,2484.14,"Pocahontas, TN, 38061",https://www.landandfarm.com/property/946-acres-mcnairy-county-wolf-pen-rd-37836531/,,,1.0,0.638,0.586,0.5,0.5
981,0.6255,True,landwatch,424018555,MO,Laclede,476.0,1617000.0,3397.06,"Eldridge, MO, 65463, Laclede County",https://www.landwatch.com/laclede-county-missouri-farms-and-ranches-for-sale/pid/424018555,,,1.0,0.84,0.434,0.5,0.5
982,0.6255,True,landandfarm,38648436,MO,Laclede,476.0,1617000.0,3397.06,"Eldridge, MO, 65463",https://www.landandfarm.com/property/private-runway-and-cave-38648436/,,,1.0,0.84,0.434,0.5,0.5
983,0.6254,True,landwatch,424370874,VA,Sussex,447.0,1395000.0,3120.81,"Stony Creek, VA, 23882, Sussex County",https://www.landwatch.com/sussex-county-virginia-farms-and-ranches-for-sale/pid/424370874,,,1.0,0.779,0.48,0.5,0.5
984,0.6254,True,landandfarm,39000755,VA,Sussex,447.0,1395000.0,3120.81,"Stony Creek, VA, 23882",https://www.landandfarm.com/property/mitchell-farm-447-acres-more-or-less-near-stony-creek-i-95-39000755/,,,1.0,0.779,0.48,0.5,0.5
985,0.6253,True,landsearch,5179861,MS,Choctaw,455.0,1456000.0,3200.0,"Weir, MS 39772",https://www.landsearch.com/properties/weir-highpoint-road-hopewell-rd-weir-ms-39772/5179861,,,1.0,0.796,0.467,0.5,0.5
986,0.6252,True,landwatch,426596693,IL,Jackson,277.0,1000000.0,3610.11,"Carbondale, IL, 62902, Jackson County",https://www.landwatch.com/jackson-county-illinois-farms-and-ranches-for-sale/pid/426596693,,,1.0,0.887,0.398,0.5,0.5
987,0.6252,True,landandfarm,41226574,IL,Jackson,277.0,1000000.0,3610.11,"Carbondale, IL, 62902",https://www.landandfarm.com/property/farmstead-for-sale-tillable-pasture-hunting-multiple-outbuildings-home-41226574/,,,1.0,0.887,0.398,0.5,0.5
988,0.6251,True,landwatch,425549870,KS,Rooks,622.0,1300000.0,2090.03,"Woodston, KS, 67675, Rooks County",https://www.landwatch.com/rooks-county-kansas-farms-and-ranches-for-sale/pid/425549870,,,1.0,0.548,0.652,0.5,0.5
989,0.6251,True,landandfarm,40179751,KS,Rooks,622.0,1300000.0,2090.03,"Woodston, KS, 67675",https://www.landandfarm.com/property/the-thomas-barn-section-in-rooks-county-40179751/,,,1.0,0.548,0.652,0.5,0.5
990,0.625,True,landsearch,5152050,MS,Webster,836.0,1750000.0,2093.3,"Eupora, MS 39744",https://www.landsearch.com/properties/1711-us-82-eupora-ms-39744/5152050,,,1.0,0.549,0.651,0.5,0.5
991,0.625,True,landwatch,426225878,MS,Webster,836.0,1750000.0,2093.3,"Eupora, MS, 39744, Webster County",https://www.landwatch.com/webster-county-mississippi-recreational-property-for-sale/pid/426225878,,,1.0,0.549,0.651,0.5,0.5
992,0.625,True,landandfarm,40855759,MS,Webster,836.0,1750000.0,2093.3,"Eupora, MS, 39744",https://www.landandfarm.com/property/hunters-paradise-in-webster-county-ms-40855759/,,,1.0,0.549,0.651,0.5,0.5
993,0.6248,True,landwatch,422220887,NY,Warren,337.0,699900.0,2076.85,"Chester, NY, 12817, Warren County",https://www.landwatch.com/warren-county-new-york-undeveloped-land-for-sale/pid/422220887,,,1.0,0.544,0.654,0.5,0.5
994,0.6248,True,landandfarm,36850768,NY,Warren,337.0,699900.0,2076.85,"Chester, NY, 12817",https://www.landandfarm.com/property/vacant-land-chester-ny-36850768/,,,1.0,0.544,0.654,0.5,0.5
995,0.6247,True,landwatch,423641609,AL,Wilcox,520.0,1600000.0,3076.92,"Catherine, AL, 36728, Wilcox County",https://www.landwatch.com/wilcox-county-alabama-recreational-property-for-sale/pid/423641609,,,1.0,0.766,0.487,0.5,0.5
996,0.6247,True,landandfarm,38271490,AL,Wilcox,520.0,1600000.0,3076.92,"Catherine, AL, 36728",https://www.landandfarm.com/property/520-ac-wilcox-county-al-catherine-tract-38271490/,,,1.0,0.766,0.487,0.5,0.5
997,0.6246,True,landwatch,425463785,MI,Presque Isle,235.0,795000.0,3382.98,"Millersburg, MI, 49759, Presque Isle County",https://www.landwatch.com/presque-isle-county-michigan-lakefront-property-for-sale/pid/425463785,,,1.0,0.833,0.436,0.5,0.5
998,0.6246,True,landandfarm,40093666,MI,Presque Isle,235.0,795000.0,3382.98,"Millersburg, MI, 49759",https://www.landandfarm.com/property/single-family-ranch-millersburg-mi-40093666/,,,1.0,0.833,0.436,0.5,0.5
999,0.6246,True,landwatch,419830520,NC,Richmond,281.0,984375.0,3503.11,"Ellerbe, NC, 28338, Richmond County",https://www.landwatch.com/richmond-county-north-carolina-recreational-property-for-sale/pid/419830520,,,1.0,0.86,0.416,0.5,0.5
1000,0.6246,True,landandfarm,34460400,NC,Richmond,281.0,984375.0,3503.11,"Ellerbe, NC, 28338",https://www.landandfarm.com/property/frutchey-tract-34460400/,,,1.0,0.86,0.416,0.5,0.5
1001,0.6246,True,landwatch,426046149,KS,Barber,212.0,571050.0,2693.63,"Hazelton, KS, 67061, Barber County",https://www.landwatch.com/barber-county-kansas-farms-and-ranches-for-sale/pid/426046149,,,1.0,0.68,0.551,0.5,0.5
1002,0.6246,True,landandfarm,40676030,KS,Barber,212.0,571050.0,2693.63,"Hazelton, KS, 67061",https://www.landandfarm.com/property/barber-county-211-5-acres-nearly-100-tillable-class-i-pond-creek-soil-40676030/,,,1.0,0.68,0.551,0.5,0.5
1003,0.6244,True,landwatch,422066844,GA,Clay,238.0,827500.0,3476.89,"Morris, GA, 39867, Clay County",https://www.landwatch.com/clay-county-georgia-recreational-property-for-sale/pid/422066844,,,1.0,0.853,0.421,0.5,0.5
1004,0.6244,True,landwatch,426383684,VA,Middlesex,800.0,1580000.0,1975.0,"Jamaica, VA, 23079, Middlesex County",https://www.landwatch.com/middlesex-county-virginia-undeveloped-land-for-sale/pid/426383684,,,1.0,0.519,0.671,0.5,0.5
1005,0.6244,True,landandfarm,41013565,VA,Middlesex,800.0,1580000.0,1975.0,"Jamaica, VA, 23079",https://www.landandfarm.com/property/land-jamaica-va-41013565/,,,1.0,0.519,0.671,0.5,0.5
1006,0.6244,True,landwatch,419519911,NC,Madison,288.0,950000.0,3298.61,"Marshall, NC, 28753, Madison County",https://www.landwatch.com/madison-county-north-carolina-timberland-property-for-sale/pid/419519911,,,1.0,0.813,0.45,0.5,0.5
1007,0.6244,True,landandfarm,34149791,NC,Madison,288.0,950000.0,3298.61,"Marshall, NC, 28753",https://www.landandfarm.com/property/large-acreage-near-asheville-north-carolina-34149791/,,,1.0,0.813,0.45,0.5,0.5
1008,0.6243,True,landwatch,426099716,MS,Yalobusha,230.0,745000.0,3239.13,"Water Valley, MS, 38965, Yalobusha County",https://www.landwatch.com/yalobusha-county-mississippi-timberland-property-for-sale/pid/426099716,,,1.0,0.8,0.46,0.5,0.5
1009,0.6243,True,landandfarm,40729597,MS,Yalobusha,230.0,745000.0,3239.13,"Water Valley, MS, 38965",https://www.landandfarm.com/property/turkey-deer-ducks-turn-key-hunting-camp-with-new-4br-2ba-mobile-home-40729597/,,,1.0,0.8,0.46,0.5,0.5
1010,0.6242,True,landandfarm,41052407,KY,Lewis,253.0,995000.0,3932.81,"Vanceburg, KY, 41179",https://www.landandfarm.com/property/farms-other-vanceburg-ky-41052407/,,,1.0,0.953,0.345,0.5,0.5
1011,0.6238,True,landwatch,425542942,MI,Presque Isle,200.0,469900.0,2349.5,"Posen, MI, 49776, Presque Isle County",https://www.landwatch.com/presque-isle-county-michigan-homes-for-sale/pid/425542942,,,1.0,0.6,0.608,0.5,0.5
1012,0.6238,True,landandfarm,40172823,MI,Presque Isle,200.0,469900.0,2349.5,"Posen, MI, 49776",https://www.landandfarm.com/property/single-family-ranch-posen-mi-40172823/,,,1.0,0.6,0.608,0.5,0.5
1013,0.6235,True,landsearch,5218114,AL,Bibb,573.0,1486369.0,2594.01,"Centreville, AL 35042",https://www.landsearch.com/properties/centreville-al-35042/5218114,,,1.0,0.653,0.568,0.5,0.5
1014,0.6235,True,landwatch,426506285,AL,Bibb,573.0,1486369.0,2594.01,"Centreville, AL, 35042, Bibb County",https://www.landwatch.com/bibb-county-alabama-recreational-property-for-sale/pid/426506285,,,1.0,0.653,0.568,0.5,0.5
1015,0.6235,True,landandfarm,41136166,AL,Bibb,573.0,1486369.0,2594.01,"Centreville, AL, 35042",https://www.landandfarm.com/property/hilltop-hunting-retreat-41136166/,,,1.0,0.653,0.568,0.5,0.5
1016,0.623,True,landwatch,424903889,KS,Logan,201.0,481650.0,2396.27,"Oakley, KS, 67748, Logan County",https://www.landwatch.com/logan-county-kansas-farms-and-ranches-for-sale/pid/424903889,,,1.0,0.607,0.601,0.5,0.5
1017,0.623,True,landandfarm,39533770,KS,Logan,201.0,481650.0,2396.27,"Oakley, KS, 67748",https://www.landandfarm.com/property/201-acres-of-dryland-tillable-farmground-in-southern-logan-county-ks-39533770/,,,1.0,0.607,0.601,0.5,0.5
1018,0.6229,True,landwatch,423947284,NC,Caswell,246.0,922500.0,3750.0,"Blanch, NC, 27212, Caswell County",https://www.landwatch.com/caswell-county-north-carolina-farms-and-ranches-for-sale/pid/423947284,,,1.0,0.907,0.375,0.5,0.5
1019,0.6229,True,landandfarm,38577165,NC,Caswell,246.0,922500.0,3750.0,"Blanch, NC, 27212",https://www.landandfarm.com/property/246-acres-in-blanch-nc-38577165/,,,1.0,0.907,0.375,0.5,0.5
1020,0.6229,True,landwatch,423024644,AR,Randolph,369.0,895000.0,2425.47,"Warm Springs, AR, 72478, Randolph County",https://www.landwatch.com/randolph-county-arkansas-farms-and-ranches-for-sale/pid/423024644,,,1.0,0.612,0.596,0.5,0.5
1021,0.6228,True,landwatch,426565097,AR,Crawford,280.0,999990.0,3571.39,"Natural Dam, AR, 72948, Crawford County",https://www.landwatch.com/crawford-county-arkansas-recreational-property-for-sale/pid/426565097,,,1.0,0.867,0.405,0.5,0.5
1022,0.6227,True,landwatch,425780655,OK,Hughes,377.0,944500.0,2505.31,"Wetumka, OK, 74883, Hughes County",https://www.landwatch.com/hughes-county-oklahoma-recreational-property-for-sale/pid/425780655,,,1.0,0.629,0.582,0.5,0.5
1023,0.6227,True,landandfarm,40410536,OK,Hughes,377.0,944500.0,2505.31,"Wetumka, OK, 74883",https://www.landandfarm.com/property/377-acres-in-wetumka-oklahoma-40410536/,,,1.0,0.629,0.582,0.5,0.5
1024,0.6227,True,landsearch,5179889,MS,Hinds,277.0,1015000.0,3664.26,"Utica, MS 39175",https://www.landsearch.com/properties/33598-mississippi-10-utica-ms-39175/5179889,,,1.0,0.887,0.389,0.5,0.5
1025,0.6226,True,landandfarm,40626434,AR,Fulton,320.0,759900.0,2374.69,"Sturkie, AR, 72578",https://www.landandfarm.com/property/rolling-wooded-paradise-with-excellent-wildlife-habitat-small-spring-and-e-40626434/,,,1.0,0.6,0.604,0.5,0.5
1026,0.6226,True,landwatch,426170300,KS,Graham,200.0,475000.0,2375.0,"Bogue, KS, 67625, Graham County",https://www.landwatch.com/graham-county-kansas-farms-and-ranches-for-sale/pid/426170300,,,1.0,0.6,0.604,0.5,0.5
1027,0.6226,True,landandfarm,40800181,KS,Graham,200.0,475000.0,2375.0,"Bogue, KS, 67625",https://www.landandfarm.com/property/cropland-investment-along-highway-18-40800181/,,,1.0,0.6,0.604,0.5,0.5
1028,0.6224,True,landwatch,424914892,TN,Perry,355.0,816500.0,2300.0,"Linden, TN, 37096, Perry County",https://www.landwatch.com/perry-county-tennessee-recreational-property-for-sale/pid/424914892,,,1.0,0.582,0.617,0.5,0.5
1029,0.6224,True,landwatch,425578976,NE,Scotts Bluff,233.0,785000.0,3369.1,"Gering, NE, 69341, Scotts Bluff County",https://www.landwatch.com/scotts-bluff-county-nebraska-farms-and-ranches-for-sale/pid/425578976,,,1.0,0.82,0.438,0.5,0.5
1030,0.6224,True,landandfarm,40208857,NE,Scotts Bluff,233.0,785000.0,3369.1,"Gering, NE, 69341",https://www.landandfarm.com/property/robidoux-rd-irrigated-cropland-40208857/,,,1.0,0.82,0.438,0.5,0.5
1031,0.6224,True,landwatch,425956098,GA,Wilcox,480.0,1680000.0,3500.0,"Abbeville, GA, 31001, Wilcox County",https://www.landwatch.com/wilcox-county-georgia-recreational-property-for-sale/pid/425956098,,,1.0,0.849,0.417,0.5,0.5
1032,0.6224,True,landandfarm,40585979,GA,Wilcox,480.0,1680000.0,3500.0,"Abbeville, GA, 31001",https://www.landandfarm.com/property/wilcox-ocmulgee-river-corridor-farm-40585979/,,,1.0,0.849,0.417,0.5,0.5
1033,0.6224,True,landwatch,417728451,NY,Delaware,343.0,750000.0,2186.59,"Colchester, NY, 13752, Delaware County",https://www.landwatch.com/delaware-county-new-york-recreational-property-for-sale/pid/417728451,,,1.0,0.557,0.636,0.5,0.5
1034,0.6224,True,landandfarm,32358331,NY,Delaware,343.0,750000.0,2186.59,"Colchester, NY, 13752",https://www.landandfarm.com/property/spectacular-large-acreage-near-the-reservoir-32358331/,,,1.0,0.557,0.636,0.5,0.5
1035,0.6223,True,landwatch,421946600,AL,Crenshaw,401.0,1100000.0,2743.14,"Luverne, AL, 36049, Crenshaw County",https://www.landwatch.com/crenshaw-county-alabama-recreational-property-for-sale/pid/421946600,,,1.0,0.681,0.543,0.5,0.5
1036,0.6217,True,landwatch,425996559,MN,Wadena,342.0,749000.0,2190.06,"Sebeka, MN, 56477, Wadena County",https://www.landwatch.com/wadena-county-minnesota-recreational-property-for-sale/pid/425996559,,,1.0,0.555,0.635,0.5,0.5
1037,0.6217,True,landandfarm,40626440,MN,Wadena,342.0,749000.0,2190.06,"Sebeka, MN, 56477",https://www.landandfarm.com/property/large-wadena-county-tract-with-massive-upside-40626440/,,,1.0,0.555,0.635,0.5,0.5
1038,0.6215,True,landwatch,426511466,NE,Deuel,321.0,640000.0,1993.77,"Chappell, NE, 69149, Deuel County",https://www.landwatch.com/deuel-county-nebraska-farms-and-ranches-for-sale/pid/426511466,,,1.0,0.51,0.668,0.5,0.5
1039,0.6215,True,landandfarm,41141347,NE,Deuel,321.0,640000.0,1993.77,"Chappell, NE, 69149",https://www.landandfarm.com/property/l-2600326-320-79-acres-deuel-county-nebraska-41141347/,,,1.0,0.51,0.668,0.5,0.5
1040,0.6214,True,landwatch,426334059,OK,Tillman,300.0,900000.0,3000.0,"Grandfield, OK, 73546, Tillman County",https://www.landwatch.com/tillman-county-oklahoma-farms-and-ranches-for-sale/pid/426334059,,,1.0,0.733,0.5,0.5,0.5
1041,0.6214,True,landwatch,425490194,OK,Kay,275.0,1031250.0,3750.0,"Newkirk, OK, 74647, Kay County",https://www.landwatch.com/kay-county-oklahoma-farms-and-ranches-for-sale/pid/425490194,,,1.0,0.9,0.375,0.5,0.5
1042,0.6214,True,landandfarm,40963940,OK,Tillman,300.0,900000.0,3000.0,"Grandfield, OK, 73546",https://www.landandfarm.com/property/tbd-cr-239-grandfield-ok-73546-40963940/,,,1.0,0.733,0.5,0.5,0.5
1043,0.6214,True,landandfarm,40120075,OK,Kay,275.0,1031250.0,3750.0,"Newkirk, OK, 74647",https://www.landandfarm.com/property/275-acres-in-kay-county-oklahoma-40120075/,,,1.0,0.9,0.375,0.5,0.5
1044,0.6214,True,landwatch,420886442,MS,Lauderdale,694.0,1145100.0,1650.0,"Chunky, MS, 39364, Lauderdale County",https://www.landwatch.com/lauderdale-county-mississippi-recreational-property-for-sale/pid/420886442,,,1.0,0.433,0.725,0.5,0.5
1045,0.6214,True,landandfarm,35516322,MS,Lauderdale,694.0,1145100.0,1650.0,"Chunky, MS, 39364",https://www.landandfarm.com/property/prime-development-opportunity-and-hunting-property-35516322/,,,1.0,0.433,0.725,0.5,0.5
1046,0.6212,True,landwatch,426383677,VA,King And Queen,209.0,558900.0,2674.16,"King And Queen Court House, VA, 23085, King and Queen County",https://www.landwatch.com/king-and-queen-county-virginia-undeveloped-land-for-sale/pid/426383677,,,1.0,0.66,0.554,0.5,0.5
1047,0.6212,True,landandfarm,41013558,VA,King and Queen,209.0,558900.0,2674.16,"King And Queen Court House, VA, 23085",https://www.landandfarm.com/property/land-king-and-queen-court-house-va-41013558/,,,1.0,0.66,0.554,0.5,0.5
1048,0.6211,True,landwatch,426186998,OK,Harper,989.0,2500000.0,2527.81,"Woodward, OK, 73801, Harper County",https://www.landwatch.com/harper-county-oklahoma-farms-and-ranches-for-sale/pid/426186998,,,1.0,0.627,0.579,0.5,0.5
1049,0.6211,True,landandfarm,40816879,OK,Harper,989.0,2500000.0,2527.81,"Woodward, OK, 73801",https://www.landandfarm.com/property/exceptional-ranch-harper-woodward-county-ok-line-40816879/,,,1.0,0.627,0.579,0.5,0.5
1050,0.621,True,landwatch,425860409,MS,Leflore,267.0,1068000.0,4000.0,"Itta Bena, MS, 38941, Leflore County",https://www.landwatch.com/leflore-county-mississippi-recreational-property-for-sale/pid/425860409,,,1.0,0.953,0.333,0.5,0.5
1051,0.621,True,landandfarm,40490290,MS,Leflore,267.0,1068000.0,4000.0,"Itta Bena, MS, 38941",https://www.landandfarm.com/property/leflore-267-40490290/,,,1.0,0.953,0.333,0.5,0.5
1052,0.6209,True,landwatch,423655527,AR,Izard,358.0,845000.0,2360.34,"Melbourne, AR, 72556, Izard County",https://www.landwatch.com/izard-county-arkansas-hunting-property-for-sale/pid/423655527,,,1.0,0.589,0.607,0.5,0.5
1053,0.6209,True,landandfarm,38285408,AR,Izard,358.0,845000.0,2360.34,"Melbourne, AR, 72556",https://www.landandfarm.com/property/358-acres-with-natural-springs-caves-borders-wma-near-white-river-38285408/,,,1.0,0.589,0.607,0.5,0.5
1054,0.6209,True,landwatch,426417531,VA,Pittsylvania,233.0,792580.0,3401.63,"Blairs, VA, 24527, Pittsylvania County",https://www.landwatch.com/pittsylvania-county-virginia-timberland-property-for-sale/pid/426417531,,,1.0,0.82,0.433,0.5,0.5
1055,0.6209,True,landandfarm,41047412,VA,Pittsylvania,233.0,792580.0,3401.63,"Blairs, VA, 24527",https://www.landandfarm.com/property/c117-pittsylvania-adams-thompson-41047412/,,,1.0,0.82,0.433,0.5,0.5
1056,0.6207,True,landandfarm,41258727,KY,Whitley,202.0,499900.0,2474.75,"Williamsburg, KY, 40769",https://www.landandfarm.com/property/land-williamsburg-ky-41258727/,,,1.0,0.613,0.588,0.5,0.5
1057,0.6207,True,landsearch,5223968,KS,Lane,311.0,835000.0,2684.89,"Dighton, KS 67839",https://www.landsearch.com/properties/e-rd-30-dighton-ks-67839/5223968,,,1.0,0.66,0.553,0.5,0.5
1058,0.6207,True,landwatch,426542495,KS,Lane,311.0,835000.0,2684.89,"Dighton, KS, 67839, Lane County",https://www.landwatch.com/lane-county-kansas-farms-and-ranches-for-sale/pid/426542495,,,1.0,0.66,0.553,0.5,0.5
1059,0.6207,True,landandfarm,41172376,KS,Lane,311.0,835000.0,2684.89,"Dighton, KS, 67839",https://www.landandfarm.com/property/lane-county-311-41172376/,,,1.0,0.66,0.553,0.5,0.5
1060,0.6204,True,landwatch,422980212,MO,Ripley,480.0,1700000.0,3541.67,"Doniphan, MO, 63935, Ripley County",https://www.landwatch.com/ripley-county-missouri-farms-and-ranches-for-sale/pid/422980212,,,1.0,0.849,0.41,0.5,0.5
1061,0.6204,True,landandfarm,37610093,MO,Ripley,480.0,1700000.0,3541.67,"Doniphan, MO, 63935",https://www.landandfarm.com/property/welcome-to-wilson-farms-a-turnkey-hunting-property-with-excellent-hunting-37610093/,,,1.0,0.849,0.41,0.5,0.5
1062,0.6204,True,landwatch,423674557,MS,Sharkey,256.0,1050000.0,4101.56,"Rolling Fork, MS, 39159, Sharkey County",https://www.landwatch.com/sharkey-county-mississippi-recreational-property-for-sale/pid/423674557,,,1.0,0.973,0.316,0.5,0.5
1063,0.6204,True,landandfarm,38304438,MS,Sharkey,256.0,1050000.0,4101.56,"Rolling Fork, MS, 39159",https://www.landandfarm.com/property/sharkey-256-11-38304438/,,,1.0,0.973,0.316,0.5,0.5
1064,0.6202,True,landwatch,425058928,GA,Brantley,953.0,2500000.0,2623.29,"Nahunta, GA, 31553, Brantley County",https://www.landwatch.com/brantley-county-georgia-farms-and-ranches-for-sale/pid/425058928,,,1.0,0.644,0.563,0.5,0.5
1065,0.6202,True,landandfarm,39688809,GA,Brantley,953.0,2500000.0,2623.29,"Nahunta, GA, 31553",https://www.landandfarm.com/property/happy-ours-plantation-39688809/,,,1.0,0.644,0.563,0.5,0.5
1066,0.6201,True,landwatch,425614533,NE,Hitchcock,1200.0,2130000.0,1775.0,"Palisade, NE, 69040, Hitchcock County",https://www.landwatch.com/hitchcock-county-nebraska-farms-and-ranches-for-sale/pid/425614533,,,1.0,0.455,0.704,0.5,0.5
1067,0.6201,True,landandfarm,40244414,NE,Hitchcock,1200.0,2130000.0,1775.0,"Palisade, NE, 69040",https://www.landandfarm.com/property/1-200-acre-ranch-hitchcock-county-nebraska-40244414/,,,1.0,0.455,0.704,0.5,0.5
1068,0.6201,True,landwatch,422136157,VA,Fluvanna,305.0,877728.0,2877.8,"Scottsville, VA, 24590, Fluvanna County",https://www.landwatch.com/fluvanna-county-virginia-recreational-property-for-sale/pid/422136157,,,1.0,0.7,0.52,0.5,0.5
1069,0.6201,True,landandfarm,36766038,VA,Fluvanna,305.0,877728.0,2877.8,"Scottsville, VA, 24590",https://www.landandfarm.com/property/b893-jr-h-m-duval-36766038/,,,1.0,0.7,0.52,0.5,0.5
1070,0.62,True,landwatch,426528456,VA,Charlotte,252.0,1005600.0,3990.48,"Keysville, VA, 23947, Charlotte County",https://www.landwatch.com/charlotte-county-virginia-recreational-property-for-sale/pid/426528456,,,1.0,0.947,0.335,0.5,0.5
1071,0.62,True,landandfarm,41158337,VA,Charlotte,252.0,1005600.0,3990.48,"Keysville, VA, 23947",https://www.landandfarm.com/property/oliver-lane-252-acres-41158337/,,,1.0,0.947,0.335,0.5,0.5
1072,0.6197,True,landwatch,424095677,SD,Butte,1278.0,1914600.0,1498.12,"TBD Graf Road Newell, SD 57760",https://www.landwatch.com/butte-county-south-dakota-farms-and-ranches-for-sale/pid/424095677,,,1.0,0.392,0.75,0.5,0.5
1073,0.6197,True,landandfarm,38725558,SD,Butte,1278.0,1914600.0,1498.12,"TBD Graf Road Newell, SD 57760",https://www.landandfarm.com/property/summer-ranch-along-the-river-38725558/,,,1.0,0.392,0.75,0.5,0.5
1074,0.6196,True,landsearch,5152120,MS,Franklin,285.0,994000.0,3487.72,"Meadville, MS 39653",https://www.landsearch.com/properties/oldenburg-rd-meadville-ms-39653/5152120,,,1.0,0.833,0.419,0.5,0.5
1075,0.6195,True,landwatch,426031912,NY,Oneida,318.0,795000.0,2500.0,"Forestport, NY, 13338, Oneida County",https://www.landwatch.com/oneida-county-new-york-recreational-property-for-sale/pid/426031912,,,1.0,0.613,0.583,0.5,0.5
1076,0.6195,True,landandfarm,40661793,NY,Oneida,318.0,795000.0,2500.0,"Forestport, NY, 13338",https://www.landandfarm.com/property/secluded-large-acre-parcel-with-camp-on-woodhull-creek-amazing-40661793/,,,1.0,0.613,0.583,0.5,0.5
1077,0.6194,True,landwatch,426271214,PA,Cameron,313.0,830000.0,2651.76,"Emporium, PA, 15834, Cameron County",https://www.landwatch.com/cameron-county-pennsylvania-recreational-property-for-sale/pid/426271214,,,1.0,0.647,0.558,0.5,0.5
1078,0.6194,True,landandfarm,40901095,PA,Cameron,313.0,830000.0,2651.76,"Emporium, PA, 15834",https://www.landandfarm.com/property/large-acreage-in-the-elk-range-with-amazing-views-and-secluded-food-plots-40901095/,,,1.0,0.647,0.558,0.5,0.5
1079,0.6194,True,landwatch,425368853,MI,Chippewa,417.0,1234000.0,2959.23,"Rudyard, MI, 49780, Chippewa County",https://www.landwatch.com/chippewa-county-michigan-farms-and-ranches-for-sale/pid/425368853,,,1.0,0.715,0.507,0.5,0.5
1080,0.6194,True,landandfarm,39998734,MI,Chippewa,417.0,1234000.0,2959.23,"Rudyard, MI, 49780",https://www.landandfarm.com/property/farm-estate-rudyard-mi-39998734/,,,1.0,0.715,0.507,0.5,0.5
1081,0.6193,True,landwatch,425747187,AR,Sharp,800.0,1665300.0,2081.62,"Hardy, AR, 72542, Sharp County",https://www.landwatch.com/sharp-county-arkansas-recreational-property-for-sale/pid/425747187,,,1.0,0.519,0.653,0.5,0.5
1082,0.6193,True,landandfarm,40377068,AR,Sharp,800.0,1665300.0,2081.62,"Hardy, AR, 72542",https://www.landandfarm.com/property/forty-island-creek-legacy-ranch-800-acres-of-live-water-wildlife-an-40377068/,,,1.0,0.519,0.653,0.5,0.5
1083,0.6193,True,landwatch,424447750,AL,Macon,261.0,1100000.0,4214.56,"Tuskegee, AL, 36083, Macon County",https://www.landwatch.com/macon-county-alabama-recreational-property-for-sale/pid/424447750,,,1.0,0.993,0.298,0.5,0.5
1084,0.6193,True,landandfarm,39077631,AL,Macon,261.0,1100000.0,4214.56,"Tuskegee, AL, 36083",https://www.landandfarm.com/property/noble-tract-39077631/,,,1.0,0.993,0.298,0.5,0.5
1085,0.6191,True,landwatch,420774618,TN,Scott,1272.0,1950000.0,1533.02,"Winfield, TN, 37892, Scott County",https://www.landwatch.com/scott-county-tennessee-recreational-property-for-sale/pid/420774618,,,1.0,0.397,0.744,0.5,0.5
1086,0.6191,True,landandfarm,35404498,TN,Scott,1272.0,1950000.0,1533.02,"Winfield, TN, 37892",https://www.landandfarm.com/property/prime-natural-gas-reserve-with-industrial-and-recreational-potential-35404498/,,,1.0,0.397,0.744,0.5,0.5
1087,0.6189,True,landwatch,426225124,NY,Saint Lawrence,204.0,525000.0,2573.53,"Gouverneur, NY, 13642, Saint Lawrence County",https://www.landwatch.com/saint-lawrence-county-new-york-undeveloped-land-for-sale/pid/426225124,,,1.0,0.627,0.571,0.5,0.5
1088,0.6189,True,landandfarm,40855005,NY,Saint Lawrence,204.0,525000.0,2573.53,"Gouverneur, NY, 13642",https://www.landandfarm.com/property/204-acres-in-st-lawrence-county-ny-40855005/,,,1.0,0.627,0.571,0.5,0.5
1089,0.6188,True,landwatch,422388474,VA,Pulaski,420.0,1260000.0,3000.0,"Hiwassee, VA, 24347, Pulaski County",https://www.landwatch.com/pulaski-county-virginia-timberland-property-for-sale/pid/422388474,,,1.0,0.721,0.5,0.5,0.5
1090,0.6188,True,landandfarm,37018355,VA,Pulaski,420.0,1260000.0,3000.0,"Hiwassee, VA, 24347",https://www.landandfarm.com/property/b913-demaria-tract-37018355/,,,1.0,0.721,0.5,0.5,0.5
1091,0.6187,True,landwatch,424342538,SD,Meade,1166.0,2250000.0,1929.67,"New Underwood, SD, 57761, Meade County",https://www.landwatch.com/meade-county-south-dakota-farms-and-ranches-for-sale/pid/424342538,,,1.0,0.483,0.678,0.5,0.5
1092,0.6187,True,landandfarm,38972419,SD,Meade,1166.0,2250000.0,1929.67,"New Underwood, SD, 57761",https://www.landandfarm.com/property/hereford-hills-angus-ranch-38972419/,,,1.0,0.483,0.678,0.5,0.5
1093,0.6186,True,landwatch,426152453,KY,Hopkins,430.0,1333000.0,3100.0,"Nortonville, KY, 42442, Hopkins County",https://www.landwatch.com/hopkins-county-kentucky-farms-and-ranches-for-sale/pid/426152453,,,1.0,0.742,0.483,0.5,0.5
1094,0.6186,True,landandfarm,40782334,KY,Hopkins,430.0,1333000.0,3100.0,"Nortonville, KY, 42442",https://www.landandfarm.com/property/hunting-property-that-has-plenty-to-offer-40782334/,,,1.0,0.742,0.483,0.5,0.5
1095,0.6186,True,landsearch,5083615,MS,Union,250.0,990000.0,3960.0,"New Albany, MS 38627",https://www.landsearch.com/properties/new-albany-ms-38627/5083615,,,1.0,0.933,0.34,0.5,0.5
1096,0.6186,True,landwatch,425736650,MS,Union,250.0,990000.0,3960.0,"Etta, MS, 38627, Union County",https://www.landwatch.com/union-county-mississippi-farms-and-ranches-for-sale/pid/425736650,,,1.0,0.933,0.34,0.5,0.5
1097,0.6186,True,landandfarm,40366531,MS,Union,250.0,990000.0,3960.0,"Etta, MS, 38627",https://www.landandfarm.com/property/tallahatchie-recreational-farmland-40366531/,,,1.0,0.933,0.34,0.5,0.5
1098,0.6185,True,landwatch,425955620,OK,Washington,235.0,825000.0,3510.64,"Bartlesville, OK, 74003, Washington County",https://www.landwatch.com/washington-county-oklahoma-recreational-property-for-sale/pid/425955620,,,1.0,0.833,0.415,0.5,0.5
1099,0.6185,True,landwatch,425592058,NY,Greene,211.0,589000.0,2791.47,"Prattsville, NY, 12468, Greene County",https://www.landwatch.com/greene-county-new-york-homes-for-sale/pid/425592058,,,1.0,0.673,0.535,0.5,0.5
1100,0.6185,True,landandfarm,40221939,NY,Greene,211.0,589000.0,2791.47,"Prattsville, NY, 12468",https://www.landandfarm.com/property/169-mattice-road-prattsville-ny-12468-40221939/,,,1.0,0.673,0.535,0.5,0.5
1101,0.6184,True,landwatch,422014955,KY,Wayne,1068.0,2450000.0,2294.01,"Betsey, KY, 42633, Wayne County",https://www.landwatch.com/wayne-county-kentucky-farms-and-ranches-for-sale/pid/422014955,,,1.0,0.563,0.618,0.5,0.5
1102,0.6184,True,landandfarm,36644836,KY,Wayne,1068.0,2450000.0,2294.01,"Betsey, KY, 42633",https://www.landandfarm.com/property/strawberry-road-36644836/,,,1.0,0.563,0.618,0.5,0.5
1103,0.6183,True,landwatch,426302078,KS,Russell,346.0,795800.0,2300.0,"Luray, KS, 67649, Russell County",https://www.landwatch.com/russell-county-kansas-farms-and-ranches-for-sale/pid/426302078,,,1.0,0.563,0.617,0.5,0.5
1104,0.6183,True,landandfarm,40931959,KS,Russell,346.0,795800.0,2300.0,"Luray, KS, 67649",https://www.landandfarm.com/property/luray-346-40931959/,,,1.0,0.563,0.617,0.5,0.5
1105,0.6176,True,landwatch,426661248,MO,Howell,1107.0,2400000.0,2168.02,"West Plains, MO, 64775, Howell County",https://www.landwatch.com/howell-county-missouri-recreational-property-for-sale/pid/426661248,,,1.0,0.531,0.639,0.5,0.5
1106,0.6176,True,landandfarm,41291129,MO,Howell,1107.0,2400000.0,2168.02,"West Plains, MO, 64775",https://www.landandfarm.com/property/recreational-mecca-with-phenomenal-terrain-ponds-springs-and-excellent-hu-41291129/,,,1.0,0.531,0.639,0.5,0.5
1107,0.6176,True,landwatch,426594379,KS,Harper,241.0,894000.0,3709.54,"Zenda, KS, 61719, Harper County",https://www.landwatch.com/harper-county-kansas-farms-and-ranches-for-sale/pid/426594379,,,1.0,0.873,0.382,0.5,0.5
1108,0.6176,True,landandfarm,41224260,KS,Harper,241.0,894000.0,3709.54,"Zenda, KS, 61719",https://www.landandfarm.com/property/picturesque-harper-county-farm-and-wind-41224260/,,,1.0,0.873,0.382,0.5,0.5
1109,0.6172,True,landwatch,424915059,AR,Cleveland,324.0,684760.0,2113.46,"Kingsland, AR, 71652, Cleveland County",https://www.landwatch.com/cleveland-county-arkansas-recreational-property-for-sale/pid/424915059,,,1.0,0.516,0.648,0.5,0.5
1110,0.617,True,landsearch,5211966,KY,Greenup,566.0,1584000.0,2798.59,"Argillite, KY 41121",https://www.landsearch.com/properties/566a-tunnel-ridge-rd-argillite-ky-41121/5211966,,,1.0,0.668,0.534,0.5,0.5
1111,0.6169,True,landwatch,423194445,TN,Campbell,288.0,995000.0,3454.86,"Duff, TN, 37729, Campbell County",https://www.landwatch.com/campbell-county-tennessee-recreational-property-for-sale/pid/423194445,,,1.0,0.813,0.424,0.5,0.5
1112,0.6169,True,landandfarm,37824326,TN,Campbell,288.0,995000.0,3454.86,"Duff, TN, 37729",https://www.landandfarm.com/property/the-gone-fishing-retreat-37824326/,,,1.0,0.813,0.424,0.5,0.5
1113,0.6167,True,landwatch,426607747,MN,Pine,200.0,499999.0,2499.99,"Beroun, MN, 55063, Pine County",https://www.landwatch.com/pine-county-minnesota-undeveloped-land-for-sale/pid/426607747,,,1.0,0.6,0.583,0.5,0.5
1114,0.6167,True,landandfarm,41237628,MN,Pine,200.0,499999.0,2499.99,"Beroun, MN, 55063",https://www.landandfarm.com/property/lots-land-mission-creek-twp-mn-41237628/,,,1.0,0.6,0.583,0.5,0.5
1115,0.6167,True,landwatch,424914804,GA,Gordon,250.0,1000000.0,4000.0,"Oakman, GA, 30734, Gordon County",https://www.landwatch.com/gordon-county-georgia-recreational-property-for-sale/pid/424914804,,,1.0,0.933,0.333,0.5,0.5
1116,0.6165,True,landsearch,5163406,AL,Randolph,241.0,899900.0,3734.02,"Woodland, AL 36280",https://www.landsearch.com/properties/county-road-518-woodland-al-36280/5163406,,,1.0,0.873,0.378,0.5,0.5
1117,0.6164,True,landwatch,413032554,AL,Greene,325.0,695000.0,2138.46,"Aliceville, AL, 35442, Greene County",https://www.landwatch.com/greene-county-alabama-recreational-property-for-sale/pid/413032554,,,1.0,0.519,0.644,0.5,0.5
1118,0.6164,True,landandfarm,16126199,AL,Greene,325.0,695000.0,2138.46,"Aliceville, AL, 35442",https://www.landandfarm.com/property/a-rare-island-property-16126199/,,,1.0,0.519,0.644,0.5,0.5
1119,0.6163,True,landwatch,424280135,MO,Saint Francois,475.0,1699999.0,3578.95,"Ironton, MO, 63650, Saint Francois County",https://www.landwatch.com/saint-francois-county-missouri-farms-and-ranches-for-sale/pid/424280135,,,1.0,0.838,0.404,0.5,0.5
1120,0.6163,True,landandfarm,38910016,MO,Saint Francois,475.0,1699999.0,3578.95,"Ironton, MO, 63650",https://www.landandfarm.com/property/bread-tray-mountain-38910016/,,,1.0,0.838,0.404,0.5,0.5
1121,0.6163,True,landwatch,425683059,NE,Box Butte,321.0,675000.0,2102.8,"Hemingford, NE, 69348, Box Butte County",https://www.landwatch.com/box-butte-county-nebraska-farms-and-ranches-for-sale/pid/425683059,,,1.0,0.51,0.65,0.5,0.5
1122,0.6163,True,landandfarm,40312940,NE,Box Butte,321.0,675000.0,2102.8,"Hemingford, NE, 69348",https://www.landandfarm.com/property/quicksilver-farm-40312940/,,,1.0,0.51,0.65,0.5,0.5
1123,0.6162,True,landwatch,424472092,TN,Cannon,436.0,1399000.0,3208.72,"Woodbury, TN, 37190, Cannon County",https://www.landwatch.com/cannon-county-tennessee-timberland-property-for-sale/pid/424472092,,,1.0,0.755,0.465,0.5,0.5
1124,0.6162,True,landandfarm,39101973,TN,Cannon,436.0,1399000.0,3208.72,"Woodbury, TN, 37190",https://www.landandfarm.com/property/large-timber-hunting-tract-39101973/,,,1.0,0.755,0.465,0.5,0.5
1125,0.6161,True,landwatch,425778141,NC,Bertie,212.0,609000.0,2872.64,"Windsor, NC, 27983, Bertie County",https://www.landwatch.com/bertie-county-north-carolina-farms-and-ranches-for-sale/pid/425778141,,,1.0,0.68,0.521,0.5,0.5
1126,0.6161,True,landandfarm,40408022,NC,Bertie,212.0,609000.0,2872.64,"Windsor, NC, 27983",https://www.landandfarm.com/property/drew-tract-40408022/,,,1.0,0.68,0.521,0.5,0.5
1127,0.616,True,landwatch,424452909,OK,Tillman,211.0,600000.0,2843.6,"Davidson, OK, 73530, Tillman County",https://www.landwatch.com/tillman-county-oklahoma-farms-and-ranches-for-sale/pid/424452909,,,1.0,0.673,0.526,0.5,0.5
1128,0.616,True,landwatch,424281742,OH,Pike,290.0,990000.0,3413.79,"Piketon, OH, 45661, Pike County",https://www.landwatch.com/pike-county-ohio-recreational-property-for-sale/pid/424281742,,,1.0,0.8,0.431,0.5,0.5
1129,0.616,True,landandfarm,38911623,OH,Pike,290.0,990000.0,3413.79,"Piketon, OH, 45661",https://www.landandfarm.com/property/290-acres-hunting-recreational-land-pike-county-ohio-38911623/,,,1.0,0.8,0.431,0.5,0.5
1130,0.6159,True,landwatch,423862585,NC,Johnston,292.0,980000.0,3356.16,"Four Oaks, NC, 27524, Johnston County",https://www.landwatch.com/johnston-county-north-carolina-farms-and-ranches-for-sale/pid/423862585,,,1.0,0.787,0.441,0.5,0.5
1131,0.6159,True,landandfarm,38492466,NC,Johnston,292.0,980000.0,3356.16,"Four Oaks, NC, 27524",https://www.landandfarm.com/property/large-premier-hunting-and-recreational-tract-38492466/,,,1.0,0.787,0.441,0.5,0.5
1132,0.6158,True,landwatch,423465746,KS,Chautauqua,485.0,1746000.0,3600.0,"Elk City, KS, 67344, Chautauqua County",https://www.landwatch.com/chautauqua-county-kansas-farms-and-ranches-for-sale/pid/423465746,,,1.0,0.84,0.4,0.5,0.5
1133,0.6158,True,landandfarm,38095627,KS,Chautauqua,485.0,1746000.0,3600.0,"Elk City, KS, 67344",https://www.landandfarm.com/property/exceptional-485-acre-property-in-chautauqua-county-kansas-38095627/,,,1.0,0.84,0.4,0.5,0.5
1134,0.6157,True,landwatch,421308417,TN,Mcnairy,226.0,745800.0,3300.0,"Selmer, TN, 38375, McNairy County",https://www.landwatch.com/mcnairy-county-tennessee-undeveloped-land-for-sale/pid/421308417,,,1.0,0.773,0.45,0.5,0.5
1135,0.6157,True,landandfarm,35938297,TN,McNairy,226.0,745800.0,3300.0,"Selmer, TN, 38375",https://www.landandfarm.com/property/3592-rose-creek-rd-35938297/,,,1.0,0.773,0.45,0.5,0.5
1136,0.6157,True,landwatch,425410682,OK,Custer,600.0,1500000.0,2500.0,"Butler, OK, 73625, Custer County",https://www.landwatch.com/custer-county-oklahoma-farms-and-ranches-for-sale/pid/425410682,,,1.0,0.595,0.583,0.5,0.5
1137,0.6154,True,landwatch,426183860,SD,Day,329.0,723470.0,2199.0,"Waubay, SD, 57274, Day County",https://www.landwatch.com/day-county-south-dakota-farms-and-ranches-for-sale/pid/426183860,,,1.0,0.527,0.634,0.5,0.5
1138,0.6154,True,landandfarm,40813741,SD,Day,329.0,723470.0,2199.0,"Waubay, SD, 57274",https://www.landandfarm.com/property/l-2600265-328-85-acres-day-county-south-dakota-40813741/,,,1.0,0.527,0.634,0.5,0.5
1139,0.6152,True,landwatch,425556545,MS,Greene,1023.0,2584454.0,2526.35,"Neely, MS, 39461, Greene County",https://www.landwatch.com/greene-county-mississippi-farms-and-ranches-for-sale/pid/425556545,,,1.0,0.599,0.579,0.5,0.5
1140,0.6152,True,landwatch,425931622,TX,Childress,525.0,1695000.0,3228.57,"Childress, TX, 79201, Childress County",https://www.landwatch.com/childress-county-texas-farms-and-ranches-for-sale/pid/425931622,,,1.0,0.755,0.462,0.5,0.5
1141,0.6152,True,landandfarm,40561503,TX,Childress,525.0,1695000.0,3228.57,"Childress, TX, 79201",https://www.landandfarm.com/property/clearview-ranch-525-acres-with-red-river-frontage-childress-texas-40561503/,,,1.0,0.755,0.462,0.5,0.5
1142,0.6152,True,landwatch,424429791,WI,Langlade,360.0,899900.0,2499.72,"White Lake, WI, 54491, Langlade County",https://www.landwatch.com/langlade-county-wisconsin-recreational-property-for-sale/pid/424429791,,,1.0,0.593,0.583,0.5,0.5
1143,0.6152,True,landandfarm,39059672,WI,Langlade,360.0,899900.0,2499.72,"White Lake, WI, 54491",https://www.landandfarm.com/property/northwoods-cabin-with-360-acres-39059672/,,,1.0,0.593,0.583,0.5,0.5
1144,0.6151,True,landwatch,425035519,VA,Lunenburg,279.0,1050000.0,3763.44,"Meherrin, VA, 23954, Lunenburg County",https://www.landwatch.com/lunenburg-county-virginia-recreational-property-for-sale/pid/425035519,,,1.0,0.873,0.373,0.5,0.5
1145,0.6151,True,landandfarm,39665400,VA,Lunenburg,279.0,1050000.0,3763.44,"Meherrin, VA, 23954",https://www.landandfarm.com/property/dry-ridge-tract-39665400/,,,1.0,0.873,0.373,0.5,0.5
1146,0.615,True,landsearch,5212861,AR,Sharp,294.0,974500.0,3314.63,"Evening Shade, AR 72513",https://www.landsearch.com/properties/ar-highway-167-evening-shade-ar-72513/5212861,,,1.0,0.773,0.448,0.5,0.5
1147,0.615,True,landwatch,426489858,AR,Sharp,294.0,974500.0,3314.63,"Evening Shade, AR, 72513, Sharp County",https://www.landwatch.com/sharp-county-arkansas-timberland-property-for-sale/pid/426489858,,,1.0,0.773,0.448,0.5,0.5
1148,0.615,True,landandfarm,41119739,AR,Sharp,294.0,974500.0,3314.63,"Evening Shade, AR, 72513",https://www.landandfarm.com/property/strawberry-river-frontage-294-acres-of-prime-hunting-recreational-l-41119739/,,,1.0,0.773,0.448,0.5,0.5
1149,0.6146,True,landwatch,423439433,MI,Marquette,340.0,788800.0,2320.0,"Marquette, MI, 49855, Marquette County",https://www.landwatch.com/marquette-county-michigan-undeveloped-land-for-sale/pid/423439433,,,1.0,0.551,0.613,0.5,0.5
1150,0.6146,True,landandfarm,38069314,MI,Marquette,340.0,788800.0,2320.0,"Marquette, MI, 49855",https://www.landandfarm.com/property/vacant-land-marquette-mi-38069314/,,,1.0,0.551,0.613,0.5,0.5
1151,0.6144,True,landandfarm,36954633,TX,Harrison,245.0,954759.0,3896.98,"Marshall, TX, 75672",https://www.landandfarm.com/property/timber-pond-creek-good-access-no-restrictions-36954633/,,,1.0,0.9,0.351,0.5,0.5
1152,0.6136,True,landwatch,424171622,KS,Kiowa,390.0,1100000.0,2820.51,"Haviland, KS, 67059, Kiowa County",https://www.landwatch.com/kiowa-county-kansas-farms-and-ranches-for-sale/pid/424171622,,,1.0,0.657,0.53,0.5,0.5
1153,0.6136,True,landwatch,424555417,MI,Marquette,390.0,1100000.0,2820.51,"Republic, MI, 49879, Marquette County",https://www.landwatch.com/marquette-county-michigan-timberland-property-for-sale/pid/424555417,,,1.0,0.657,0.53,0.5,0.5
1154,0.6136,True,landandfarm,38801503,KS,Kiowa,390.0,1100000.0,2820.51,"Haviland, KS, 67059",https://www.landandfarm.com/property/wyrick-farms-38801503/,,,1.0,0.657,0.53,0.5,0.5
1155,0.6136,True,landandfarm,39185298,MI,Marquette,390.0,1100000.0,2820.51,"Republic, MI, 49879",https://www.landandfarm.com/property/buto-lake-390-39185298/,,,1.0,0.657,0.53,0.5,0.5
1156,0.6134,True,landsearch,5249514,GA,Emanuel,207.0,575000.0,2777.78,"Midville, GA 30441",https://www.landsearch.com/properties/120-st-galilee-rd-midville-ga-30441/5249514,,,1.0,0.647,0.537,0.5,0.5
1157,0.6134,True,landwatch,426062865,NE,Gosper,636.0,1400000.0,2201.26,"Elwood, NE, 68937, Gosper County",https://www.landwatch.com/gosper-county-nebraska-farms-and-ranches-for-sale/pid/426062865,,,1.0,0.519,0.633,0.5,0.5
1158,0.6134,True,landandfarm,40692746,NE,Gosper,636.0,1400000.0,2201.26,"Elwood, NE, 68937",https://www.landandfarm.com/property/gosper-county-635-combination-40692746/,,,1.0,0.519,0.633,0.5,0.5
1159,0.6128,True,landwatch,425366622,AR,Randolph,219.0,690000.0,3150.68,"Ravenden Springs, AR, 72460, Randolph County",https://www.landwatch.com/randolph-county-arkansas-timberland-property-for-sale/pid/425366622,,,1.0,0.727,0.475,0.5,0.5
1160,0.6128,True,landandfarm,39996503,AR,Randolph,219.0,690000.0,3150.68,"Ravenden Springs, AR, 72460",https://www.landandfarm.com/property/chestnut-ridge-39996503/,,,1.0,0.727,0.475,0.5,0.5
1161,0.6125,True,landwatch,425670227,NJ,Atlantic,310.0,895000.0,2887.1,"Egg Harbor Township, NJ, 08234, Atlantic County",https://www.landwatch.com/atlantic-county-new-jersey-undeveloped-land-for-sale/pid/425670227,,,1.0,0.667,0.519,0.5,0.5
1162,0.6125,True,landandfarm,40300108,NJ,Atlantic,310.0,895000.0,2887.1,"Egg Harbor Township, NJ, 08234",https://www.landandfarm.com/property/land-egg-harbor-township-nj-40300108/,,,1.0,0.667,0.519,0.5,0.5
1163,0.6121,True,landwatch,425714774,MN,Crow Wing,403.0,1200000.0,2977.67,"Emily, MN, 56447, Crow Wing County",https://www.landwatch.com/crow-wing-county-minnesota-undeveloped-land-for-sale/pid/425714774,,,1.0,0.685,0.504,0.5,0.5
1164,0.6121,True,landandfarm,40344655,MN,Crow Wing,403.0,1200000.0,2977.67,"Emily, MN, 56447",https://www.landandfarm.com/property/lots-land-emily-mn-40344655/,,,1.0,0.685,0.504,0.5,0.5
1165,0.612,True,landandfarm,34605257,TN,Henderson,818.0,1882159.0,2300.93,"Wildersville, TN, 38388",https://www.landandfarm.com/property/818-acres-of-prime-wildlife-habitat-34605257/,,,1.0,0.534,0.617,0.5,0.5
1166,0.6119,True,landwatch,426520497,MS,Oktibbeha,265.0,1126250.0,4250.0,"Crawford, MS, 39743, Oktibbeha County",https://www.landwatch.com/oktibbeha-county-mississippi-recreational-property-for-sale/pid/426520497,,,1.0,0.967,0.292,0.5,0.5
1167,0.6119,True,landandfarm,41150378,MS,Oktibbeha,265.0,1126250.0,4250.0,"Crawford, MS, 39743",https://www.landandfarm.com/property/265-oktibbeha-41150378/,,,1.0,0.967,0.292,0.5,0.5
1168,0.6119,True,landwatch,425857899,VA,Caroline,410.0,1250000.0,3048.78,"Milford, VA, 22514, Caroline County",https://www.landwatch.com/caroline-county-virginia-recreational-property-for-sale/pid/425857899,,,1.0,0.7,0.492,0.5,0.5
1169,0.6119,True,landandfarm,40487780,VA,Caroline,410.0,1250000.0,3048.78,"Milford, VA, 22514",https://www.landandfarm.com/property/elevon-road-forest-lodge-410-acres-40487780/,,,1.0,0.7,0.492,0.5,0.5
1170,0.6118,True,landwatch,421723091,MS,Franklin,229.0,795000.0,3471.62,"Roxie, MS, 39661, Franklin County",https://www.landwatch.com/franklin-county-mississippi-recreational-property-for-sale/pid/421723091,,,1.0,0.793,0.421,0.5,0.5
1171,0.6118,True,landandfarm,36352972,MS,Franklin,229.0,795000.0,3471.62,"Roxie, MS, 39661",https://www.landandfarm.com/property/229-acres-franklin-county-ms-36352972/,,,1.0,0.793,0.421,0.5,0.5
1172,0.6118,True,landsearch,4298777,AL,Marion,201.0,529000.0,2631.84,"Detroit, AL 35552",https://www.landsearch.com/properties/anthony-st-detroit-al-35552/4298777,,,1.0,0.607,0.561,0.5,0.5
1173,0.6117,True,landwatch,426505779,NC,Hertford,615.0,1500000.0,2439.02,"Aulander, NC, 27805, Hertford County",https://www.landwatch.com/hertford-county-north-carolina-recreational-property-for-sale/pid/426505779,,,1.0,0.563,0.593,0.5,0.5
1174,0.6117,True,landandfarm,41135660,NC,Hertford,615.0,1500000.0,2439.02,"Aulander, NC, 27805",https://www.landandfarm.com/property/the-mitchell-tree-farm-41135660/,,,1.0,0.563,0.593,0.5,0.5
1175,0.6115,True,landandfarm,37572782,OK,Jackson,1130.0,2500000.0,2212.39,"Eldorado, OK, 73537",https://www.landandfarm.com/property/red-river-ranch-37572782/,,,1.0,0.512,0.631,0.5,0.5
1176,0.611,True,landandfarm,38522228,MO,Washington,730.0,1460000.0,2000.0,"Potosi, MO, 63664",https://www.landandfarm.com/property/730-acre-timber-tract-west-of-potosi-with-excellent-trail-system-and-hunti-38522228/,,,1.0,0.462,0.667,0.5,0.5
1177,0.6109,True,landwatch,424993991,KS,Osborne,865.0,2159173.0,2496.15,"Natoma, KS, 67651, Osborne County",https://www.landwatch.com/osborne-county-kansas-farms-and-ranches-for-sale/pid/424993991,,,1.0,0.572,0.584,0.5,0.5
1178,0.6109,True,landandfarm,39623872,KS,Osborne,865.0,2159173.0,2496.15,"Natoma, KS, 67651",https://www.landandfarm.com/property/prime-cattle-and-hunting-ranch-39623872/,,,1.0,0.572,0.584,0.5,0.5
1179,0.6106,True,landandfarm,37754676,OK,Latimer,611.0,1527500.0,2500.0,"Lequire, OK, 74552",https://www.landandfarm.com/property/611-acres-in-latimer-county-ok-37754676/,,,1.0,0.572,0.583,0.5,0.5
1180,0.6104,True,landwatch,421198307,VA,Prince Edward,207.0,588259.0,2841.83,"Meherrin, VA, 23954, Prince Edward County",https://www.landwatch.com/prince-edward-county-virginia-timberland-property-for-sale/pid/421198307,,,1.0,0.647,0.526,0.5,0.5
1181,0.6104,True,landandfarm,35828187,VA,Prince Edward,207.0,588259.0,2841.83,"Meherrin, VA, 23954",https://www.landandfarm.com/property/b825-bk3208-3-35828187/,,,1.0,0.647,0.526,0.5,0.5
1182,0.6102,True,landwatch,426611175,VA,Amelia,236.0,876946.0,3715.87,"Jetersville, VA, 23083, Amelia County",https://www.landwatch.com/amelia-county-virginia-recreational-property-for-sale/pid/426611175,,,1.0,0.84,0.381,0.5,0.5
1183,0.6102,True,landandfarm,41241056,VA,Amelia,236.0,876946.0,3715.87,"Jetersville, VA, 23083",https://www.landandfarm.com/property/236-acres-timberland-recreational-property-near-amelia-virginia-41241056/,,,1.0,0.84,0.381,0.5,0.5
1184,0.61,True,landwatch,426438369,MS,Lawrence,237.0,888750.0,3750.0,"Ruth, MS, 39662, Lawrence County",https://www.landwatch.com/lawrence-county-mississippi-recreational-property-for-sale/pid/426438369,,,1.0,0.847,0.375,0.5,0.5
1185,0.6099,True,landwatch,423165430,MO,Barry,312.0,899000.0,2881.41,"Washburn, MO, 65772, Barry County",https://www.landwatch.com/barry-county-missouri-recreational-property-for-sale/pid/423165430,,,1.0,0.653,0.52,0.5,0.5
1186,0.6099,True,landandfarm,37795311,MO,Barry,312.0,899000.0,2881.41,"Washburn, MO, 65772",https://www.landandfarm.com/property/the-ultimate-barry-county-recreational-farm-37795311/,,,1.0,0.653,0.52,0.5,0.5
1187,0.6099,True,landandfarm,38550767,MS,Oktibbeha,400.0,1198000.0,2995.0,"Starkville, MS 39759",https://www.landandfarm.com/property/001-us-82-east-starkville-ms-39759-38550767/,,,1.0,0.678,0.501,0.5,0.5
1188,0.6098,True,landwatch,426566336,NJ,Atlantic,318.0,860000.0,2704.4,"Egg Harbor Township, NJ, 08234, Atlantic County",https://www.landwatch.com/atlantic-county-new-jersey-homes-for-sale/pid/426566336,,,1.0,0.613,0.549,0.5,0.5
1189,0.6098,True,landandfarm,41196217,NJ,Atlantic,318.0,860000.0,2704.4,"Egg Harbor Township, NJ, 08234",https://www.landandfarm.com/property/318-acres-in-atlantic-county-nj-41196217/,,,1.0,0.613,0.549,0.5,0.5
1190,0.6097,True,landwatch,425424743,WI,Ashland,237.0,890000.0,3755.27,"Glidden, WI, 54527, Ashland County",https://www.landwatch.com/ashland-county-wisconsin-homes-for-sale/pid/425424743,,,1.0,0.847,0.374,0.5,0.5
1191,0.6097,True,landwatch,425406161,OH,Scioto,237.0,890000.0,3755.27,"Portsmouth, OH, 45662, Scioto County",https://www.landwatch.com/scioto-county-ohio-recreational-property-for-sale/pid/425406161,,,1.0,0.847,0.374,0.5,0.5
1192,0.6097,True,landandfarm,40054624,WI,Ashland,237.0,890000.0,3755.27,"Glidden, WI, 54527",https://www.landandfarm.com/property/237-acres-in-wi-40054624/,,,1.0,0.847,0.374,0.5,0.5
1193,0.6097,True,landandfarm,40036042,OH,Scioto,237.0,890000.0,3755.27,"Portsmouth, OH, 45662",https://www.landandfarm.com/property/scioto-county-hunters-dream-40036042/,,,1.0,0.847,0.374,0.5,0.5
1194,0.6093,True,landwatch,410697891,MS,Chickasaw,212.0,639000.0,3014.15,"Okolona, MS, 38860, Chickasaw County",https://www.landwatch.com/chickasaw-county-mississippi-farms-and-ranches-for-sale/pid/410697891,,,1.0,0.68,0.498,0.5,0.5
1195,0.6093,True,landandfarm,13791656,MS,Chickasaw,212.0,639000.0,3014.15,"Okolona, MS, 38860",https://www.landandfarm.com/property/duck-paradise-chuquatonchee-creek-13791656/,,,1.0,0.68,0.498,0.5,0.5
1196,0.609,True,landwatch,420031364,AR,White,203.0,558250.0,2750.0,"Judsonia, AR, 72081, White County",https://www.landwatch.com/white-county-arkansas-farms-and-ranches-for-sale/pid/420031364,,,1.0,0.62,0.542,0.5,0.5
1197,0.609,True,landandfarm,34661244,AR,White,203.0,558250.0,2750.0,"Judsonia, AR, 72081",https://www.landandfarm.com/property/fourteenmile-creek-tract-34661244/,,,1.0,0.62,0.542,0.5,0.5
1198,0.609,True,landwatch,426524465,MN,Cass,309.0,924000.0,2990.29,"Staples, MN, 56479, Cass County",https://www.landwatch.com/cass-county-minnesota-farms-and-ranches-for-sale/pid/426524465,,,1.0,0.673,0.502,0.5,0.5
1199,0.609,True,landandfarm,41154346,MN,Cass,309.0,924000.0,2990.29,"Staples, MN, 56479",https://www.landandfarm.com/property/-308-77-acres-of-hunting-land-in-cass-county-mn-41154346/,,,1.0,0.673,0.502,0.5,0.5
1200,0.6089,True,landwatch,426354921,KS,Norton,357.0,929396.0,2603.35,"Lenora, KS, 67645, Norton County",https://www.landwatch.com/norton-county-kansas-farms-and-ranches-for-sale/pid/426354921,,,1.0,0.587,0.566,0.5,0.5
1201,0.6089,True,landandfarm,40984802,KS,Norton,357.0,929396.0,2603.35,"Lenora, KS, 67645",https://www.landandfarm.com/property/the-sanctuary-357-premier-whitetail-ranch-in-norton-county-kansas-40984802/,,,1.0,0.587,0.566,0.5,0.5
1202,0.6087,True,landsearch,5160913,GA,Marion,450.0,1575000.0,3500.0,"Buena Vista, GA 31803",https://www.landsearch.com/properties/bill-merritt-rd-buena-vista-ga-31803/5160913,,,1.0,0.785,0.417,0.5,0.5
1203,0.6087,True,landwatch,423447161,NC,Bladen,397.0,1187668.0,2991.61,"Clarkton, NC, 28433, Bladen County",https://www.landwatch.com/bladen-county-north-carolina-farms-and-ranches-for-sale/pid/423447161,,,1.0,0.672,0.501,0.5,0.5
1204,0.6087,True,landandfarm,38077042,NC,Bladen,397.0,1187668.0,2991.61,"Clarkton, NC, 28433",https://www.landandfarm.com/property/stunning-large-acreage-hunting-and-recreational-paradise-38077042/,,,1.0,0.672,0.501,0.5,0.5
1205,0.6086,True,landsearch,4957513,OK,Cleveland,259.0,1150000.0,4440.15,"Lexington, OK 73051",https://www.landsearch.com/properties/16351-box-rd-lexington-ok-73051/4957513,,,1.0,0.993,0.26,0.5,0.5
1206,0.608,True,landwatch,424393236,VA,Appomattox,310.0,924600.0,2982.58,"Appomattox, VA, 24522, Appomattox County",https://www.landwatch.com/appomattox-county-virginia-recreational-property-for-sale/pid/424393236,,,1.0,0.667,0.503,0.5,0.5
1207,0.608,True,landandfarm,39023117,VA,Appomattox,310.0,924600.0,2982.58,"Appomattox, VA, 24522",https://www.landandfarm.com/property/c04-appomattox-burruss-carter-39023117/,,,1.0,0.667,0.503,0.5,0.5
1208,0.6079,True,landwatch,426517143,AL,Lowndes,518.0,1787100.0,3450.0,"Mount Willing, AL, 36032, Lowndes County",https://www.landwatch.com/lowndes-county-alabama-recreational-property-for-sale/pid/426517143,,,1.0,0.77,0.425,0.5,0.5
1209,0.6079,True,landandfarm,41147024,AL,Lowndes,518.0,1787100.0,3450.0,"Mount Willing, AL, 36032",https://www.landandfarm.com/property/mt-willing-reserve-41147024/,,,1.0,0.77,0.425,0.5,0.5
1210,0.6078,True,landwatch,425948361,KY,Wayne,265.0,1149000.0,4335.85,"Monticello, KY, 42633, Wayne County",https://www.landwatch.com/wayne-county-kentucky-undeveloped-land-for-sale/pid/425948361,,,1.0,0.967,0.277,0.5,0.5
1211,0.6078,True,landwatch,426343477,PA,Bradford,252.0,1070000.0,4246.03,"Canton, PA, 17724, Bradford County",https://www.landwatch.com/bradford-county-pennsylvania-recreational-property-for-sale/pid/426343477,,,1.0,0.947,0.292,0.5,0.5
1212,0.6078,True,landandfarm,40973358,PA,Bradford,252.0,1070000.0,4246.03,"Canton, PA, 17724",https://www.landandfarm.com/property/unbelievable-recreational-retreat-with-pond-and-atv-trail-system-40973358/,,,1.0,0.947,0.292,0.5,0.5
1213,0.6077,True,landwatch,424641901,KS,Norton,318.0,873950.0,2748.27,"Densmore, KS, 67646, Norton County",https://www.landwatch.com/norton-county-kansas-farms-and-ranches-for-sale/pid/424641901,,,1.0,0.613,0.542,0.5,0.5
1214,0.6077,True,landandfarm,39271782,KS,Norton,318.0,873950.0,2748.27,"Densmore, KS, 67646",https://www.landandfarm.com/property/for-sale-317-8-dryland-acres-in-norton-county-ks-39271782/,,,1.0,0.613,0.542,0.5,0.5
1215,0.6077,True,landwatch,420403536,SD,Brown,711.0,1422000.0,2000.0,"Hecla, SD, 57446, Brown County",https://www.landwatch.com/brown-county-south-dakota-farms-and-ranches-for-sale/pid/420403536,,,1.0,0.447,0.667,0.5,0.5
1216,0.6077,True,landandfarm,35033416,SD,Brown,711.0,1422000.0,2000.0,"Hecla, SD, 57446",https://www.landandfarm.com/property/720-acres-pasture-35033416/,,,1.0,0.447,0.667,0.5,0.5
1217,0.6077,True,landwatch,424826050,TX,Titus,274.0,1115000.0,4069.34,"Mount Pleasant, TX, 75455, Titus County",https://www.landwatch.com/titus-county-texas-farms-and-ranches-for-sale/pid/424826050,,,1.0,0.907,0.322,0.5,0.5
1218,0.6077,True,landandfarm,39455931,TX,Titus,274.0,1115000.0,4069.34,"Mount Pleasant, TX, 75455",https://www.landandfarm.com/property/274-acres-hunting-land-with-cabin-39455931/,,,1.0,0.907,0.322,0.5,0.5
1219,0.6075,True,landwatch,426604634,NC,Onslow,298.0,999000.0,3352.35,"Richlands, NC, 28574, Onslow County",https://www.landwatch.com/onslow-county-north-carolina-recreational-property-for-sale/pid/426604634,,,1.0,0.747,0.441,0.5,0.5
1220,0.6075,True,landandfarm,41234515,NC,Onslow,298.0,999000.0,3352.35,"Richlands, NC, 28574",https://www.landandfarm.com/property/comfort-road-tract-41234515/,,,1.0,0.747,0.441,0.5,0.5
1221,0.6072,True,landwatch,426122536,NC,Pender,382.0,1100000.0,2879.58,"Currie, NC, 28435, Pender County",https://www.landwatch.com/pender-county-north-carolina-timberland-property-for-sale/pid/426122536,,,1.0,0.64,0.52,0.5,0.5
1222,0.6072,True,landandfarm,40752417,NC,Pender,382.0,1100000.0,2879.58,"Currie, NC, 28435",https://www.landandfarm.com/property/lewis-timber-tracts-40752417/,,,1.0,0.64,0.52,0.5,0.5
1223,0.6071,True,landwatch,425497944,KS,Trego,320.0,864000.0,2700.0,"Collyer, KS, 67631, Trego County",https://www.landwatch.com/trego-county-kansas-farms-and-ranches-for-sale/pid/425497944,,,1.0,0.6,0.55,0.5,0.5
1224,0.6071,True,landandfarm,39860283,OK,Atoka,240.0,936000.0,3900.0,"Atoka, OK, 74525",https://www.landandfarm.com/property/boggy-creek-240-39860283/,,,1.0,0.867,0.35,0.5,0.5
1225,0.6071,True,landandfarm,40127825,KS,Trego,320.0,864000.0,2700.0,"Collyer, KS, 67631",https://www.landandfarm.com/property/320-acre-premier-cropland-and-hunting-property-trego-county-kansas-40127825/,,,1.0,0.6,0.55,0.5,0.5
1226,0.6065,True,landwatch,426123327,AL,Dallas,393.0,1179000.0,3000.0,"Minter, AL, 36761, Dallas County",https://www.landwatch.com/dallas-county-alabama-recreational-property-for-sale/pid/426123327,,,1.0,0.663,0.5,0.5,0.5
1227,0.6065,True,landandfarm,40753208,AL,Dallas,393.0,1179000.0,3000.0,"Minter, AL, 36761",https://www.landandfarm.com/property/lyons-tract-on-cedar-creek-40753208/,,,1.0,0.663,0.5,0.5,0.5
1228,0.6064,True,landwatch,425579749,KY,Lewis,475.0,1799000.0,3787.37,"Vanceburg, KY, 41179, Lewis County",https://www.landwatch.com/lewis-county-kentucky-homes-for-sale/pid/425579749,,,1.0,0.838,0.369,0.5,0.5
1229,0.6062,True,landwatch,426497580,AL,Choctaw,785.0,1807000.0,2301.91,"Butler, AL, 36904, Choctaw County",https://www.landwatch.com/choctaw-county-alabama-recreational-property-for-sale/pid/426497580,,,1.0,0.507,0.616,0.5,0.5
1230,0.6062,True,landwatch,420741455,AL,Escambia,226.0,791000.0,3500.0,"Brewton, AL, 36426, Escambia County",https://www.landwatch.com/escambia-county-alabama-farms-and-ranches-for-sale/pid/420741455,,,1.0,0.773,0.417,0.5,0.5
1231,0.6062,True,landandfarm,35371335,AL,Escambia,226.0,791000.0,3500.0,"Brewton, AL, 36426",https://www.landandfarm.com/property/226-acre-investment-opportunity-in-brewton-al-35371335/,,,1.0,0.773,0.417,0.5,0.5
1232,0.6062,True,landsearch,5156871,GA,Webster,403.0,1250000.0,3101.74,"Preston, GA 31824",https://www.landsearch.com/properties/county-road-62-preston-ga-31824/5156871,,,1.0,0.685,0.483,0.5,0.5
1233,0.6062,True,landwatch,425750103,GA,Webster,403.0,1250000.0,3101.74,"Preston, GA, 31824, Webster County",https://www.landwatch.com/webster-county-georgia-recreational-property-for-sale/pid/425750103,,,1.0,0.685,0.483,0.5,0.5
1234,0.6061,True,landwatch,424330624,MS,Prentiss,701.0,1399000.0,1995.72,"Booneville, MS, 38829, Prentiss County",https://www.landwatch.com/prentiss-county-mississippi-recreational-property-for-sale/pid/424330624,,,1.0,0.439,0.667,0.5,0.5
1235,0.6061,True,landandfarm,38960505,MS,Prentiss,701.0,1399000.0,1995.72,"Booneville, MS, 38829",https://www.landandfarm.com/property/701-acre-timber-hunting-land-in-prentiss-county-ms-38960505/,,,1.0,0.439,0.667,0.5,0.5
1236,0.606,True,landwatch,425483966,OK,Muskogee,496.0,1835200.0,3700.0,"Warner, OK, 74403, Muskogee County",https://www.landwatch.com/muskogee-county-oklahoma-farms-and-ranches-for-sale/pid/425483966,,,1.0,0.817,0.383,0.5,0.5
1237,0.606,True,landandfarm,40113847,OK,Muskogee,496.0,1835200.0,3700.0,"Warner, OK, 74403",https://www.landandfarm.com/property/diamond-t-ranch-496-acres-muskogee-county-oklahoma-40113847/,,,1.0,0.817,0.383,0.5,0.5
1238,0.6049,True,landwatch,425719934,TN,Stewart,900.0,2475000.0,2750.0,"Stewart, TN, 37175, Stewart County",https://www.landwatch.com/stewart-county-tennessee-timberland-property-for-sale/pid/425719934,,,1.0,0.601,0.542,0.5,0.5
1239,0.6049,True,landandfarm,40349815,TN,Stewart,900.0,2475000.0,2750.0,"Stewart, TN, 37175",https://www.landandfarm.com/property/north-fork-tract-13-40349815/,,,1.0,0.601,0.542,0.5,0.5
1240,0.6048,True,landwatch,424167399,NY,Columbia,301.0,999000.0,3318.94,"Hillsdale, NY, 12529, Columbia County",https://www.landwatch.com/columbia-county-new-york-lakefront-property-for-sale/pid/424167399,,,1.0,0.727,0.447,0.5,0.5
1241,0.6048,True,landandfarm,38797280,NY,Columbia,301.0,999000.0,3318.94,"Hillsdale, NY, 12529",https://www.landandfarm.com/property/single-family-ranch-hillsdale-ny-38797280/,,,1.0,0.727,0.447,0.5,0.5
1242,0.6048,True,landsearch,5235625,AR,Independence,200.0,549900.0,2749.5,"Bradford, AR 72020",https://www.landsearch.com/properties/overlook-dr-bradford-ar-72020/5235625,,,1.0,0.6,0.542,0.5,0.5
1243,0.6048,True,landwatch,426591165,AR,Independence,200.0,549900.0,2749.5,"Bradford, AR, 72020, Independence County",https://www.landwatch.com/independence-county-arkansas-undeveloped-land-for-sale/pid/426591165,,,1.0,0.6,0.542,0.5,0.5
1244,0.6048,True,landandfarm,41221046,AR,Independence,200.0,549900.0,2749.5,"Bradford, AR, 72020",https://www.landandfarm.com/property/200-acres-water-rich-hunting-land-deer-turkey-bear-springs-pon-41221046/,,,1.0,0.6,0.542,0.5,0.5
1245,0.6048,True,landwatch,425121887,NC,Robeson,240.0,948000.0,3950.0,"Fairmont, NC, 28340, Robeson County",https://www.landwatch.com/robeson-county-north-carolina-farms-and-ranches-for-sale/pid/425121887,,,1.0,0.867,0.342,0.5,0.5
1246,0.6048,True,landandfarm,39751768,NC,Robeson,240.0,948000.0,3950.0,"Fairmont, NC, 28340",https://www.landandfarm.com/property/-240-acre-investment-opportunity-on-gaddy-rd-in-fairmont-nc-39751768/,,,1.0,0.867,0.342,0.5,0.5
1247,0.6046,True,landwatch,426256610,KS,Pawnee,1131.0,2661600.0,2353.32,"Larned, KS, 67550, Pawnee County",https://www.landwatch.com/pawnee-county-kansas-farms-and-ranches-for-sale/pid/426256610,,,1.0,0.511,0.608,0.5,0.5
1248,0.6046,True,landandfarm,40886491,KS,Pawnee,1131.0,2661600.0,2353.32,"Larned, KS, 67550",https://www.landandfarm.com/property/garfield-arkansas-river-ranch-40886491/,,,1.0,0.511,0.608,0.5,0.5
1249,0.6045,True,landwatch,426225570,MS,Union,208.0,622960.0,2995.0,"Blue Springs, MS, 38828, Union County",https://www.landwatch.com/union-county-mississippi-recreational-property-for-sale/pid/426225570,,,1.0,0.653,0.501,0.5,0.5
1250,0.6045,True,landsearch,4955014,KY,Hart,258.0,1159799.0,4495.34,"Horse Cave, KY 42749",https://www.landsearch.com/properties/fisher-ridge-rd-horse-cave-ky-42749/4955014,,,1.0,0.987,0.251,0.5,0.5
1251,0.6044,True,landwatch,425830280,OK,Pontotoc,585.0,1684800.0,2880.0,"Byng, OK, 74820, Pontotoc County",https://www.landwatch.com/pontotoc-county-oklahoma-recreational-property-for-sale/pid/425830280,,,1.0,0.627,0.52,0.5,0.5
1252,0.6033,True,landwatch,424320332,AR,Montgomery,360.0,990000.0,2750.0,"Caddo Gap, AR, 71935, Montgomery County",https://www.landwatch.com/montgomery-county-arkansas-recreational-property-for-sale/pid/424320332,,,1.0,0.593,0.542,0.5,0.5
1253,0.6029,True,landwatch,426451476,AL,Crenshaw,240.0,957600.0,3990.0,"Brantley, AL, 36009, Crenshaw County",https://www.landwatch.com/crenshaw-county-alabama-recreational-property-for-sale/pid/426451476,,,1.0,0.867,0.335,0.5,0.5
1254,0.6029,True,landandfarm,41081357,AL,Crenshaw,240.0,957600.0,3990.0,"Brantley, AL, 36009",https://www.landandfarm.com/property/blackmon-road-240-tract-41081357/,,,1.0,0.867,0.335,0.5,0.5
1255,0.6028,True,landwatch,425057797,MS,Monroe,303.0,1000000.0,3300.33,"Aberdeen, MS, 39730, Monroe County",https://www.landwatch.com/monroe-county-mississippi-recreational-property-for-sale/pid/425057797,,,1.0,0.713,0.45,0.5,0.5
1256,0.6028,True,landandfarm,39687678,MS,Monroe,303.0,1000000.0,3300.33,"Aberdeen, MS, 39730",https://www.landandfarm.com/property/lakeview-ranch-big-bucks-ducks-turkey-s-fish-39687678/,,,1.0,0.713,0.45,0.5,0.5
1257,0.6026,True,landwatch,423384668,OK,Garvin,240.0,958800.0,3995.0,"Wynnewood, OK, 73098, Garvin County",https://www.landwatch.com/garvin-county-oklahoma-farms-and-ranches-for-sale/pid/423384668,,,1.0,0.867,0.334,0.5,0.5
1258,0.6026,True,landandfarm,38014549,OK,Garvin,240.0,958800.0,3995.0,"Wynnewood, OK, 73098",https://www.landandfarm.com/property/wynnewood-240-38014549/,,,1.0,0.867,0.334,0.5,0.5
1259,0.6026,True,landwatch,420484872,MO,Barry,230.0,850000.0,3695.65,"Seligman, MO, 65745, Barry County",https://www.landwatch.com/barry-county-missouri-recreational-property-for-sale/pid/420484872,,,1.0,0.8,0.384,0.5,0.5
1260,0.6025,True,landwatch,426088712,OK,Woodward,320.0,894988.0,2796.84,"Mooreland, OK, 73852, Woodward County",https://www.landwatch.com/woodward-county-oklahoma-farms-and-ranches-for-sale/pid/426088712,,,1.0,0.6,0.534,0.5,0.5
1261,0.6025,True,landandfarm,40718593,OK,Woodward,320.0,894988.0,2796.84,"Mooreland, OK, 73852",https://www.landandfarm.com/property/turn-key-hunting-recreational-property-40718593/,,,1.0,0.6,0.534,0.5,0.5
1262,0.6024,True,landwatch,425534491,OK,Greer,800.0,1950000.0,2437.5,"Reed, OK, 73550, Greer County",https://www.landwatch.com/greer-county-oklahoma-farms-and-ranches-for-sale/pid/425534491,,,1.0,0.519,0.594,0.5,0.5
1263,0.6024,True,landandfarm,40164372,OK,Greer,800.0,1950000.0,2437.5,"Reed, OK, 73550",https://www.landandfarm.com/property/southwestern-oklahoma-wildlife-haven-40164372/,,,1.0,0.519,0.594,0.5,0.5
1264,0.6023,True,landsearch,5197220,OK,Custer,680.0,1360000.0,2000.0,"Canute, OK 73626",https://www.landsearch.com/properties/e-1040-rd-canute-ok-73626/5197220,,,1.0,0.422,0.667,0.5,0.5
1265,0.6023,True,landandfarm,41047111,OK,Custer,680.0,1360000.0,2000.0,"Canute, OK, 73626",https://www.landandfarm.com/property/the-foss-ranch-41047111/,,,1.0,0.422,0.667,0.5,0.5
1266,0.6022,True,landandfarm,39799723,AR,Howard,1026.0,2860448.0,2787.96,"Dierks, AR, 71833",https://www.landandfarm.com/property/saline-river-39799723/,,,1.0,0.597,0.535,0.5,0.5
1267,0.6022,True,landwatch,425764111,TN,Henderson,234.0,895000.0,3824.79,"Cedar Grove, TN, 38321, Henderson County",https://www.landwatch.com/henderson-county-tennessee-farms-and-ranches-for-sale/pid/425764111,,,1.0,0.827,0.363,0.5,0.5
1268,0.6022,True,landandfarm,40393992,TN,Henderson,234.0,895000.0,3824.79,"Cedar Grove, TN, 38321",https://www.landandfarm.com/property/windy-hill-farm-40393992/,,,1.0,0.827,0.363,0.5,0.5
1269,0.6021,True,landwatch,426502215,TN,Carroll,312.0,950000.0,3044.87,"Holladay, TN, 38341, Carroll County",https://www.landwatch.com/carroll-county-tennessee-recreational-property-for-sale/pid/426502215,,,1.0,0.653,0.493,0.5,0.5
1270,0.6021,True,landandfarm,41132096,TN,Carroll,312.0,950000.0,3044.87,"Holladay, TN, 38341",https://www.landandfarm.com/property/311-5-acres-recreational-land-w-living-quarters-carroll-co-tn-41132096/,,,1.0,0.653,0.493,0.5,0.5
1271,0.6021,True,landandfarm,36625708,GA,Randolph,430.0,1481844.0,3446.15,"Shellman, GA, 39886",https://www.landandfarm.com/property/supertree-nursery-36625708/,,,1.0,0.742,0.426,0.5,0.5
1272,0.6021,True,landwatch,424781588,AR,Hempstead,480.0,1885000.0,3927.08,"McCaskill, AR, 71847, Hempstead County",https://www.landwatch.com/hempstead-county-arkansas-recreational-property-for-sale/pid/424781588,,,1.0,0.849,0.345,0.5,0.5
1273,0.6021,True,landandfarm,39411469,AR,Hempstead,480.0,1885000.0,3927.08,"McCaskill, AR, 71847",https://www.landandfarm.com/property/hempstead-480-39411469/,,,1.0,0.849,0.345,0.5,0.5
1274,0.6019,True,landwatch,425747186,KS,Labette,228.0,832200.0,3650.0,"Edna, KS, 67342, Labette County",https://www.landwatch.com/labette-county-kansas-farms-and-ranches-for-sale/pid/425747186,,,1.0,0.787,0.392,0.5,0.5
1275,0.6019,True,landandfarm,40377067,KS,Labette,228.0,832200.0,3650.0,"Edna, KS, 67342",https://www.landandfarm.com/property/native-and-improved-productive-grassland-in-labette-county-kansas-40377067/,,,1.0,0.787,0.392,0.5,0.5
1276,0.6014,True,landwatch,423507306,KS,Chautauqua,231.0,866250.0,3750.0,"Elk City, KS, 67344, Chautauqua County",https://www.landwatch.com/chautauqua-county-kansas-farms-and-ranches-for-sale/pid/423507306,,,1.0,0.807,0.375,0.5,0.5
1277,0.6014,True,landandfarm,38137187,KS,Chautauqua,231.0,866250.0,3750.0,"Elk City, KS, 67344",https://www.landandfarm.com/property/whitetail-turkey-and-duck-hunting-in-chautauqua-county-kansas-38137187/,,,1.0,0.807,0.375,0.5,0.5
1278,0.6014,True,landwatch,426391076,TN,Henderson,487.0,1890900.0,3882.75,"Wildersville, TN, 38388, Henderson County",https://www.landwatch.com/henderson-county-tennessee-farms-and-ranches-for-sale/pid/426391076,,,1.0,0.836,0.353,0.5,0.5
1279,0.6014,True,landandfarm,41020957,TN,Henderson,487.0,1890900.0,3882.75,"Wildersville, TN, 38388",https://www.landandfarm.com/property/prime-west-tn-acreage-41020957/,,,1.0,0.836,0.353,0.5,0.5
1280,0.6012,True,landwatch,425451749,OH,Lawrence,243.0,1000000.0,4115.23,"Willow Wood, OH, 45696, Lawrence County",https://www.landwatch.com/lawrence-county-ohio-recreational-property-for-sale/pid/425451749,,,1.0,0.887,0.314,0.5,0.5
1281,0.6012,True,landwatch,426400565,OH,Lawrence,243.0,1000000.0,4115.23,"Willow Wood, OH, 45696, Lawrence County",https://www.landwatch.com/lawrence-county-ohio-undeveloped-land-for-sale/pid/426400565,,,1.0,0.887,0.314,0.5,0.5
1282,0.6012,True,landandfarm,40081630,OH,Lawrence,243.0,1000000.0,4115.23,"Willow Wood, OH, 45696",https://www.landandfarm.com/property/lawrence-county-ohio-land-for-sale-40081630/,,,1.0,0.887,0.314,0.5,0.5
1283,0.6012,True,landandfarm,41030446,OH,Lawrence,243.0,1000000.0,4115.23,"Willow Wood, OH, 45696",https://www.landandfarm.com/property/vacant-land-willow-wood-oh-41030446/,,,1.0,0.887,0.314,0.5,0.5
1284,0.6002,True,landsearch,5156870,GA,Webster,310.0,975000.0,3145.16,"Richland, GA 31825",https://www.landsearch.com/properties/10200-us-280-richland-ga-31825/5156870,,,1.0,0.667,0.476,0.5,0.5
1285,0.6,True,landwatch,426222136,SD,Edmunds,320.0,912000.0,2850.0,"Roscoe, SD, 57471, Edmunds County",https://www.landwatch.com/edmunds-county-south-dakota-farms-and-ranches-for-sale/pid/426222136,,,1.0,0.6,0.525,0.5,0.5
1286,0.6,True,landandfarm,40852017,SD,Edmunds,320.0,912000.0,2850.0,"Roscoe, SD, 57471",https://www.landandfarm.com/property/320-acres-of-grasslands-and-wetlands-in-edmunds-county-sd-40852017/,,,1.0,0.6,0.525,0.5,0.5
1287,0.5998,True,landwatch,417729685,MS,Claiborne,1042.0,2896760.0,2780.0,"Port Gibson, MS, 39150, Claiborne County",https://www.landwatch.com/claiborne-county-mississippi-recreational-property-for-sale/pid/417729685,,,1.0,0.584,0.537,0.5,0.5
1288,0.5998,True,landandfarm,32359565,MS,Claiborne,1042.0,2896760.0,2780.0,"Port Gibson, MS, 39150",https://www.landandfarm.com/property/hunting-club-property-32359565/,,,1.0,0.584,0.537,0.5,0.5
1289,0.5998,True,landwatch,425510200,KY,Cumberland,600.0,1700000.0,2833.33,"Burkesville, KY, 42717, Cumberland County",https://www.landwatch.com/cumberland-county-kentucky-recreational-property-for-sale/pid/425510200,,,1.0,0.595,0.528,0.5,0.5
1290,0.5998,True,landandfarm,40140081,KY,Cumberland,600.0,1700000.0,2833.33,"Burkesville, KY, 42717",https://www.landandfarm.com/property/hunting-retreat-in-kentucky-40140081/,,,1.0,0.595,0.528,0.5,0.5
1291,0.5998,True,landwatch,426266649,KS,Smith,295.0,1063440.0,3604.88,"Smith Center, KS, 66967, Smith County",https://www.landwatch.com/smith-county-kansas-farms-and-ranches-for-sale/pid/426266649,,,1.0,0.767,0.399,0.5,0.5
1292,0.5998,True,landandfarm,40896530,KS,Smith,295.0,1063440.0,3604.88,"Smith Center, KS, 66967",https://www.landandfarm.com/property/295-4-acres-of-prime-tillable-and-pasture-land-with-hunting-opportunities-i-40896530/,,,1.0,0.767,0.399,0.5,0.5
1293,0.5994,True,landandfarm,37986790,OK,Dewey,800.0,2000000.0,2500.0,"Leedey, OK, 73654",https://www.landandfarm.com/property/barnitz-creek-ranch-37986790/,,,1.0,0.519,0.583,0.5,0.5
1294,0.599,True,landwatch,425488151,KS,Wabaunsee,460.0,1748000.0,3800.0,"Harveyville, KS, 66431, Wabaunsee County",https://www.landwatch.com/wabaunsee-county-kansas-farms-and-ranches-for-sale/pid/425488151,,,1.0,0.806,0.367,0.5,0.5
1295,0.5989,True,landwatch,424033151,NE,Brown,478.0,1900000.0,3974.9,"Long Pine, NE 69217",https://www.landwatch.com/brown-county-nebraska-farms-and-ranches-for-sale/pid/424033151,,,1.0,0.845,0.338,0.5,0.5
1296,0.5989,True,landandfarm,38663032,NE,Brown,478.0,1900000.0,3974.9,"Long Pine, NE 69217",https://www.landandfarm.com/property/478-acres-brown-county-8211-buffalo-flats-irrigated-farm-and-wildlife-38663032/,,,1.0,0.845,0.338,0.5,0.5
1297,0.5987,True,landwatch,426451212,NE,Custer,294.0,1075000.0,3656.46,"Mason City, NE, 68855, Custer County",https://www.landwatch.com/custer-county-nebraska-farms-and-ranches-for-sale/pid/426451212,,,1.0,0.773,0.391,0.5,0.5
1298,0.5987,True,landandfarm,41081093,NE,Custer,294.0,1075000.0,3656.46,"Mason City, NE, 68855",https://www.landandfarm.com/property/hwy-183-grassland-41081093/,,,1.0,0.773,0.391,0.5,0.5
1299,0.5987,True,landwatch,425042027,MN,Clearwater,394.0,1250000.0,3172.59,"Bagley, MN, 56621, Clearwater County",https://www.landwatch.com/clearwater-county-minnesota-undeveloped-land-for-sale/pid/425042027,,,1.0,0.666,0.471,0.5,0.5
1300,0.5987,True,landandfarm,39671908,MN,Clearwater,394.0,1250000.0,3172.59,"Bagley, MN, 56621",https://www.landandfarm.com/property/394-acres-in-clearwater-county-mn-39671908/,,,1.0,0.666,0.471,0.5,0.5
1301,0.5983,True,landwatch,426517200,VA,Pittsylvania,427.0,1493795.0,3498.35,"Tunstall, VA, 24054, Pittsylvania County",https://www.landwatch.com/pittsylvania-county-virginia-recreational-property-for-sale/pid/426517200,,,1.0,0.736,0.417,0.5,0.5
1302,0.5983,True,landandfarm,41147081,VA,Pittsylvania,427.0,1493795.0,3498.35,"Tunstall, VA, 24054",https://www.landandfarm.com/property/c118-va-pittsylvania-carter-wells-41147081/,,,1.0,0.736,0.417,0.5,0.5
1303,0.5982,True,landwatch,426583552,MO,Saint Clair,485.0,1925000.0,3969.07,"Osceola, MO, 64776, Saint Clair County",https://www.landwatch.com/saint-clair-county-missouri-recreational-property-for-sale/pid/426583552,,,1.0,0.84,0.338,0.5,0.5
1304,0.5982,True,landandfarm,41213433,MO,Saint Clair,485.0,1925000.0,3969.07,"Osceola, MO, 64776",https://www.landandfarm.com/property/a-true-missouri-trophy-485-acres-saint-clair-county-missouri-41213433/,,,1.0,0.84,0.338,0.5,0.5
1305,0.598,True,landwatch,415235626,AR,Faulkner,266.0,1200000.0,4511.28,"Conway, AR",https://www.landwatch.com/faulkner-county-arkansas-farms-and-ranches-for-sale/pid/415235626,,,1.0,0.96,0.248,0.5,0.5
1306,0.598,True,landwatch,426659652,MS,Lincoln,266.0,1200000.0,4511.28,"Brookhaven, MS, 39601, Lincoln County",https://www.landwatch.com/lincoln-county-mississippi-recreational-property-for-sale/pid/426659652,,,1.0,0.96,0.248,0.5,0.5
1307,0.598,True,landandfarm,18329223,AR,Faulkner,266.0,1200000.0,4511.28,"Conway, AR",https://www.landandfarm.com/property/lollie-bottom-farm-18329223/,,,1.0,0.96,0.248,0.5,0.5
1308,0.598,True,landandfarm,41289533,MS,Lincoln,266.0,1200000.0,4511.28,"Brookhaven, MS, 39601",https://www.landandfarm.com/property/brookhaven-deer-turkey-timber-41289533/,,,1.0,0.96,0.248,0.5,0.5
1309,0.5979,True,landwatch,425447829,KS,Ness,321.0,799000.0,2489.1,"Brownell, KS, 67521, Ness County",https://www.landwatch.com/ness-county-kansas-farms-and-ranches-for-sale/pid/425447829,,,1.0,0.51,0.585,0.5,0.5
1310,0.5979,True,landandfarm,40077710,KS,Ness,321.0,799000.0,2489.1,"Brownell, KS, 67521",https://www.landandfarm.com/property/high-quality-tillable-and-oil-investment-in-northeast-ness-county-40077710/,,,1.0,0.51,0.585,0.5,0.5
1311,0.5978,True,landwatch,425860380,TN,Tipton,250.0,1099000.0,4396.0,"Drummonds, TN, 38015, Tipton County",https://www.landwatch.com/tipton-county-tennessee-farms-and-ranches-for-sale/pid/425860380,,,1.0,0.933,0.267,0.5,0.5
1312,0.5978,True,landandfarm,40490261,TN,Tipton,250.0,1099000.0,4396.0,"Drummonds, TN, 38015",https://www.landandfarm.com/property/tract-that-offers-scenery-recreation-and-farming-potential-40490261/,,,1.0,0.933,0.267,0.5,0.5
1313,0.5978,True,landwatch,424305442,NE,Dawes,400.0,1300000.0,3250.0,"Crawford, NE, 69339, Dawes County",https://www.landwatch.com/dawes-county-nebraska-farms-and-ranches-for-sale/pid/424305442,,,1.0,0.678,0.458,0.5,0.5
1314,0.5978,True,landandfarm,38935323,NE,Dawes,400.0,1300000.0,3250.0,"Crawford, NE, 69339",https://www.landandfarm.com/property/crown-butte-ranch-38935323/,,,1.0,0.678,0.458,0.5,0.5
1315,0.5977,True,landandfarm,41013564,VA,Middlesex,658.0,1326200.0,2015.5,"Saluda, VA, 23149",https://www.landandfarm.com/property/land-saluda-va-41013564/,,,1.0,0.404,0.664,0.5,0.5
1316,0.5976,True,landsearch,5202377,NY,Otsego,517.0,1900000.0,3675.05,"Morris, NY 13808",https://www.landsearch.com/properties/373-county-highway-10-morris-ny-13808/5202377,,,1.0,0.772,0.387,0.5,0.5
1317,0.5976,True,landwatch,426445852,NY,Otsego,517.0,1900000.0,3675.05,"Morris, NY, 13808, Otsego County",https://www.landwatch.com/otsego-county-new-york-lakefront-property-for-sale/pid/426445852,,,1.0,0.772,0.387,0.5,0.5
1318,0.5976,True,landandfarm,41075733,NY,Otsego,517.0,1900000.0,3675.05,"Morris, NY, 13808",https://www.landandfarm.com/property/single-family-other-morris-ny-41075733/,,,1.0,0.772,0.387,0.5,0.5
1319,0.5974,True,landsearch,4948663,KY,Hickman,976.0,3000000.0,3073.77,"Columbus, KY 42032",https://www.landsearch.com/properties/columbus-ky-42032/4948663,,,1.0,0.637,0.488,0.5,0.5
1320,0.5974,True,landwatch,425227477,KY,Hickman,976.0,3000000.0,3073.77,"Columbus, KY, 42032, Hickman County",https://www.landwatch.com/hickman-county-kentucky-farms-and-ranches-for-sale/pid/425227477,,,1.0,0.637,0.488,0.5,0.5
1321,0.5974,True,landandfarm,39857358,KY,Hickman,976.0,3000000.0,3073.77,"Columbus, KY, 42032",https://www.landandfarm.com/property/middle-bar-island-hickman-county-ky-39857358/,,,1.0,0.637,0.488,0.5,0.5
1322,0.5973,True,landwatch,424479634,AR,Jefferson,311.0,988000.0,3176.85,"Pine Bluff, AR, 71603, Jefferson County",https://www.landwatch.com/jefferson-county-arkansas-recreational-property-for-sale/pid/424479634,,,1.0,0.66,0.471,0.5,0.5
1323,0.5973,True,landandfarm,39109515,AR,Jefferson,311.0,988000.0,3176.85,"Pine Bluff, AR, 71603",https://www.landandfarm.com/property/bayou-bartholomew-deer-ducks-and-turkeys-39109515/,,,1.0,0.66,0.471,0.5,0.5
1324,0.5973,True,landwatch,426168649,KS,Comanche,321.0,803250.0,2502.34,"Coldwater, KS, 67029, Comanche County",https://www.landwatch.com/comanche-county-kansas-recreational-property-for-sale/pid/426168649,,,1.0,0.51,0.583,0.5,0.5
1325,0.5973,True,landandfarm,40798530,KS,Comanche,321.0,803250.0,2502.34,"Coldwater, KS, 67029",https://www.landandfarm.com/property/321-acres-grass-land-in-comanche-county-ks-40798530/,,,1.0,0.51,0.583,0.5,0.5
1326,0.5973,True,landandfarm,38798779,KS,Comanche,321.0,803250.0,2502.34,"Coldwater, KS, 67029",https://www.landandfarm.com/property/321-acres-grass-land-in-comanche-county-ks-38798779/,,,1.0,0.51,0.583,0.5,0.5
1327,0.5971,True,landwatch,424702278,AL,Escambia,594.0,1750000.0,2946.13,"Flomaton, AL, 36441, Escambia County",https://www.landwatch.com/escambia-county-alabama-recreational-property-for-sale/pid/424702278,,,1.0,0.608,0.509,0.5,0.5
1328,0.5971,True,landandfarm,39332159,AL,Escambia,594.0,1750000.0,2946.13,"Flomaton, AL, 36441",https://www.landandfarm.com/property/creekside-retreat-39332159/,,,1.0,0.608,0.509,0.5,0.5
1329,0.5971,True,landwatch,426027975,AL,Barbour,240.0,986400.0,4110.0,"Clio, AL, 36017, Barbour County",https://www.landwatch.com/barbour-county-alabama-farms-and-ranches-for-sale/pid/426027975,,,1.0,0.867,0.315,0.5,0.5
1330,0.5971,True,landandfarm,40657856,AL,Barbour,240.0,986400.0,4110.0,"Clio, AL, 36017",https://www.landandfarm.com/property/240-acres-hunting-farmland-recreation-homestead-land-in-barbour-co-40657856/,,,1.0,0.867,0.315,0.5,0.5
1331,0.5969,True,landwatch,333214222,NC,Halifax,372.0,1116000.0,3000.0,"Hobgood, NC, 27843, Halifax County",https://www.landwatch.com/halifax-county-north-carolina-timberland-property-for-sale/pid/333214222,,,1.0,0.619,0.5,0.5,0.5
1332,0.5969,True,landandfarm,8714455,NC,Halifax,372.0,1116000.0,3000.0,"Hobgood, NC, 27843",https://www.landandfarm.com/property/halifax-county-nc-land-for-sale-372-acres-8714455/,,,1.0,0.619,0.5,0.5,0.5
1333,0.5968,True,landwatch,425215879,AR,Jefferson,424.0,1484000.0,3500.0,"Pine Bluff, AR, 71601, Jefferson County",https://www.landwatch.com/jefferson-county-arkansas-recreational-property-for-sale/pid/425215879,,,1.0,0.73,0.417,0.5,0.5
1334,0.5968,True,landandfarm,39845760,AR,Jefferson,424.0,1484000.0,3500.0,"Pine Bluff, AR, 71601",https://www.landandfarm.com/property/deep-bayou-retreat-39845760/,,,1.0,0.73,0.417,0.5,0.5
1335,0.5968,True,landwatch,421363824,MO,Dent,881.0,2511705.0,2850.97,"Jadwin, MO, 65501, Dent County",https://www.landwatch.com/dent-county-missouri-farms-and-ranches-for-sale/pid/421363824,,,1.0,0.585,0.525,0.5,0.5
1336,0.5968,True,landandfarm,35993704,MO,Dent,881.0,2511705.0,2850.97,"Jadwin, MO, 65501",https://www.landandfarm.com/property/881-acre-dent-county-farm-with-timber-hunting-and-water-near-salem-mo-35993704/,,,1.0,0.585,0.525,0.5,0.5
1337,0.5967,True,landwatch,426073483,TX,Mcculloch,226.0,836200.0,3700.0,"Lohn, TX, 76852, McCulloch County",https://www.landwatch.com/mcculloch-county-texas-farms-and-ranches-for-sale/pid/426073483,,,1.0,0.773,0.383,0.5,0.5
1338,0.5967,True,landandfarm,40703364,TX,McCulloch,226.0,836200.0,3700.0,"Lohn, TX, 76852",https://www.landandfarm.com/property/226-acres-with-big-elm-creek-home-water-mcculloch-county-tx-40703364/,,,1.0,0.773,0.383,0.5,0.5
1339,0.5965,True,landwatch,426123334,KS,Ellis,395.0,1275000.0,3227.85,"Hays, KS, 67601, Ellis County",https://www.landwatch.com/ellis-county-kansas-farms-and-ranches-for-sale/pid/426123334,,,1.0,0.668,0.462,0.5,0.5
1340,0.5962,True,landwatch,423426293,PA,Clearfield,328.0,850000.0,2591.46,"Mahaffey, PA, 15757, Clearfield County",https://www.landwatch.com/clearfield-county-pennsylvania-undeveloped-land-for-sale/pid/423426293,,,1.0,0.525,0.568,0.5,0.5
1341,0.5962,True,landwatch,423425240,PA,Clearfield,328.0,850000.0,2591.46,"Mahaffey, PA, 15757, Clearfield County",https://www.landwatch.com/clearfield-county-pennsylvania-undeveloped-land-for-sale/pid/423425240,,,1.0,0.525,0.568,0.5,0.5
1342,0.5962,True,landandfarm,38055121,PA,Clearfield,328.0,850000.0,2591.46,"Mahaffey, PA, 15757",https://www.landandfarm.com/property/land-mahaffey-pa-38055121/,,,1.0,0.525,0.568,0.5,0.5
1343,0.5962,True,landandfarm,38056174,PA,Clearfield,328.0,850000.0,2591.46,"Mahaffey, PA, 15757",https://www.landandfarm.com/property/327-9-acres-in-clearfield-county-38056174/,,,1.0,0.525,0.568,0.5,0.5
1344,0.5958,True,landsearch,4951762,VA,Franklin,788.0,1995000.0,2531.73,"Callaway, VA 24067",https://www.landsearch.com/properties/dugspur-rd-callaway-va-24067/4951762,,,1.0,0.51,0.578,0.5,0.5
1345,0.5958,True,landwatch,425240234,VA,Franklin,788.0,1995000.0,2531.73,"Callaway, VA, 24067, Franklin County",https://www.landwatch.com/franklin-county-virginia-undeveloped-land-for-sale/pid/425240234,,,1.0,0.51,0.578,0.5,0.5
1346,0.5958,True,landandfarm,39870115,VA,Franklin,788.0,1995000.0,2531.73,"Callaway, VA, 24067",https://www.landandfarm.com/property/land-callaway-va-39870115/,,,1.0,0.51,0.578,0.5,0.5
1347,0.5955,True,landwatch,425933986,MO,Texas,249.0,1099000.0,4413.65,"Salem, MO, 65560, Texas County",https://www.landwatch.com/texas-county-missouri-farms-and-ranches-for-sale/pid/425933986,,,1.0,0.927,0.264,0.5,0.5
1348,0.5955,True,landwatch,423180137,SD,Mellette,285.0,1138240.0,3993.82,"Norris, SD, 57560, Mellette County",https://www.landwatch.com/mellette-county-south-dakota-farms-and-ranches-for-sale/pid/423180137,,,1.0,0.833,0.334,0.5,0.5
1349,0.5955,True,landandfarm,37810018,SD,Mellette,285.0,1138240.0,3993.82,"Norris, SD, 57560",https://www.landandfarm.com/property/mellette-county-farmland-37810018/,,,1.0,0.833,0.334,0.5,0.5
1350,0.5955,True,landwatch,421566582,WI,Douglas,200.0,589000.0,2945.0,"Maple, WI, 54854, Douglas County",https://www.landwatch.com/douglas-county-wisconsin-undeveloped-land-for-sale/pid/421566582,,,1.0,0.6,0.509,0.5,0.5
1351,0.5955,True,landandfarm,36196462,WI,Douglas,200.0,589000.0,2945.0,"Maple, WI, 54854",https://www.landandfarm.com/property/lots-land-maple-wi-36196462/,,,1.0,0.6,0.509,0.5,0.5
1352,0.5954,True,landwatch,426198286,MS,Holmes,360.0,1050000.0,2916.67,"Lexington, MS, 39095, Holmes County",https://www.landwatch.com/holmes-county-mississippi-recreational-property-for-sale/pid/426198286,,,1.0,0.593,0.514,0.5,0.5
1353,0.5954,True,landandfarm,40828167,MS,Holmes,360.0,1050000.0,2916.67,"Lexington, MS, 39095",https://www.landandfarm.com/property/360-acres-of-prime-timberland-with-cabin-outdoor-kitchen-and-6-acre-lake-40828167/,,,1.0,0.593,0.514,0.5,0.5
1354,0.5952,True,landwatch,415820092,NY,Washington,759.0,1850000.0,2437.42,"Salem, NY, 12865, Washington County",https://www.landwatch.com/washington-county-new-york-timberland-property-for-sale/pid/415820092,,,1.0,0.486,0.594,0.5,0.5
1355,0.5952,True,landandfarm,30449972,NY,Washington,759.0,1850000.0,2437.42,"Salem, NY, 12865",https://www.landandfarm.com/property/premier-hunting-and-recreational-property-30449972/,,,1.0,0.486,0.594,0.5,0.5
1356,0.5952,True,landwatch,424985810,KS,Comanche,624.0,1684800.0,2700.0,"Wilmore, KS, 67155, Comanche County",https://www.landwatch.com/comanche-county-kansas-farms-and-ranches-for-sale/pid/424985810,,,1.0,0.544,0.55,0.5,0.5
1357,0.595,True,landwatch,426200971,NY,Saint Lawrence,335.0,899000.0,2683.58,"Gouverneur, NY, 13642, Saint Lawrence County",https://www.landwatch.com/saint-lawrence-county-new-york-farms-and-ranches-for-sale/pid/426200971,,,1.0,0.54,0.553,0.5,0.5
1358,0.595,True,landandfarm,40830852,NY,Saint Lawrence,335.0,899000.0,2683.58,"Gouverneur, NY, 13642",https://www.landandfarm.com/property/turnkey-334-ac-income-producing-farmstead-two-homes-infrastructure-done-40830852/,,,1.0,0.54,0.553,0.5,0.5
1359,0.5948,True,landwatch,425490484,GA,Laurens,430.0,1548000.0,3600.0,"Glenwood, GA, 30428, Laurens County",https://www.landwatch.com/laurens-county-georgia-recreational-property-for-sale/pid/425490484,,,1.0,0.742,0.4,0.5,0.5
1360,0.5948,True,landandfarm,40120365,GA,Laurens,430.0,1548000.0,3600.0,"Glenwood, GA, 30428",https://www.landandfarm.com/property/buck-creek-timber-40120365/,,,1.0,0.742,0.4,0.5,0.5
1361,0.5945,True,landwatch,426343471,IL,Alexander,381.0,1195000.0,3136.48,"Thebes, IL, 62990, Alexander County",https://www.landwatch.com/alexander-county-illinois-recreational-property-for-sale/pid/426343471,,,1.0,0.638,0.477,0.5,0.5
1362,0.5945,True,landandfarm,40973352,IL,Alexander,381.0,1195000.0,3136.48,"Thebes, IL, 62990",https://www.landandfarm.com/property/380-624-acre-mississippi-river-hunting-tract-with-big-buck-history-40973352/,,,1.0,0.638,0.477,0.5,0.5
1363,0.5943,True,landwatch,425292414,KS,Chautauqua,572.0,1840000.0,3216.78,"Sedan, KS, 67361, Chautauqua County",https://www.landwatch.com/chautauqua-county-kansas-farms-and-ranches-for-sale/pid/425292414,,,1.0,0.655,0.464,0.5,0.5
1364,0.5943,True,landandfarm,39922295,KS,Chautauqua,572.0,1840000.0,3216.78,"Sedan, KS, 67361",https://www.landandfarm.com/property/chambers-572-acres-39922295/,,,1.0,0.655,0.464,0.5,0.5
1365,0.5943,True,landwatch,424423418,MS,Desoto,329.0,869000.0,2641.34,"Hernando, MS, 38632, DeSoto County",https://www.landwatch.com/desoto-county-mississippi-recreational-property-for-sale/pid/424423418,,,1.0,0.527,0.56,0.5,0.5
1366,0.5943,True,landandfarm,39053299,MS,DeSoto,329.0,869000.0,2641.34,"Hernando, MS, 38632",https://www.landandfarm.com/property/hunting-and-recreation-in-desoto-county-39053299/,,,1.0,0.527,0.56,0.5,0.5
1367,0.5942,True,landwatch,422080113,TN,Scott,374.0,1150000.0,3074.87,"Robbins, TN, 37852, Scott County",https://www.landwatch.com/scott-county-tennessee-recreational-property-for-sale/pid/422080113,,,1.0,0.623,0.488,0.5,0.5
1368,0.5942,True,landandfarm,36709994,TN,Scott,374.0,1150000.0,3074.87,"Robbins, TN, 37852",https://www.landandfarm.com/property/rugby-hwy-36709994/,,,1.0,0.623,0.488,0.5,0.5
1369,0.5938,True,landwatch,424841889,GA,Wilkinson,204.0,632400.0,3100.0,"Toomsboro, GA, 31090, Wilkinson County",https://www.landwatch.com/wilkinson-county-georgia-recreational-property-for-sale/pid/424841889,,,1.0,0.627,0.483,0.5,0.5
1370,0.5938,True,landandfarm,39471770,GA,Wilkinson,204.0,632400.0,3100.0,"Toomsboro, GA, 31090",https://www.landandfarm.com/property/oconee-corridor-farm-39471770/,,,1.0,0.627,0.483,0.5,0.5
1371,0.5936,True,landwatch,425436018,OK,Pittsburg,460.0,1800000.0,3913.04,"Mcalester, OK, 74501, Pittsburg County",https://www.landwatch.com/pittsburg-county-oklahoma-farms-and-ranches-for-sale/pid/425436018,,,1.0,0.806,0.348,0.5,0.5
1372,0.5936,True,landandfarm,40065899,OK,Pittsburg,460.0,1800000.0,3913.04,"Mcalester, OK, 74501",https://www.landandfarm.com/property/exceptional-460-acre-multi-purpose-ranch-with-homestead-mcalester-ok-40065899/,,,1.0,0.806,0.348,0.5,0.5
1373,0.5935,True,landwatch,425392129,NC,Richmond,273.0,1200000.0,4395.6,"Rockingham, NC, 28379, Richmond County",https://www.landwatch.com/richmond-county-north-carolina-recreational-property-for-sale/pid/425392129,,,1.0,0.913,0.267,0.5,0.5
1374,0.5935,True,landandfarm,40022010,NC,Richmond,273.0,1200000.0,4395.6,"Rockingham, NC, 28379",https://www.landandfarm.com/property/everett-s-lake-lodge-retreat-40022010/,,,1.0,0.913,0.267,0.5,0.5
1375,0.5935,True,landwatch,413366192,OK,Sequoyah,635.0,1669500.0,2629.13,"Minutes from Muskogee, OK",https://www.landwatch.com/sequoyah-county-oklahoma-recreational-property-for-sale/pid/413366192,,,1.0,0.521,0.562,0.5,0.5
1376,0.5935,True,landandfarm,16459826,OK,Sequoyah,635.0,1669500.0,2629.13,"Minutes from Muskogee, OK",https://www.landandfarm.com/property/deep-branch-creek-hunting-ranch-635-acres-skb-16459826/,,,1.0,0.521,0.562,0.5,0.5
1377,0.5934,True,landwatch,424890428,NC,Richmond,378.0,1183000.0,3129.63,"Ellerbe, NC, 28338, Richmond County",https://www.landwatch.com/richmond-county-north-carolina-recreational-property-for-sale/pid/424890428,,,1.0,0.632,0.478,0.5,0.5
1378,0.5934,True,landandfarm,39520309,NC,Richmond,378.0,1183000.0,3129.63,"Ellerbe, NC, 28338",https://www.landandfarm.com/property/crump-farm-tract-39520309/,,,1.0,0.632,0.478,0.5,0.5
1379,0.5934,True,landwatch,416373024,VA,Surry,203.0,625000.0,3078.82,"Waverly, VA, 23890, Surry County",https://www.landwatch.com/surry-county-virginia-recreational-property-for-sale/pid/416373024,,,1.0,0.62,0.487,0.5,0.5
1380,0.5934,True,landsearch,5222352,MO,Douglas,373.0,1150000.0,3083.11,"Ava, MO 65608",https://www.landsearch.com/properties/county-road-321-rte-5-ava-mo-65608/5222352,,,1.0,0.621,0.486,0.5,0.5
1381,0.5934,True,landwatch,418597859,NY,Jefferson,435.0,1600000.0,3678.16,"Henderson, NY, 13650, Jefferson County",https://www.landwatch.com/jefferson-county-new-york-recreational-property-for-sale/pid/418597859,,,1.0,0.753,0.387,0.5,0.5
1382,0.5934,True,landwatch,424948876,NY,Jefferson,435.0,1600000.0,3678.16,"Henderson, NY, 12986, Jefferson County",https://www.landwatch.com/jefferson-county-new-york-undeveloped-land-for-sale/pid/424948876,,,1.0,0.753,0.387,0.5,0.5
1383,0.5934,True,landandfarm,33227739,NY,Jefferson,435.0,1600000.0,3678.16,"Henderson, NY, 13650",https://www.landandfarm.com/property/a-spectacular-investment-opportunity-near-lake-ontario-33227739/,,,1.0,0.753,0.387,0.5,0.5
1384,0.5934,True,landandfarm,39578757,NY,Jefferson,435.0,1600000.0,3678.16,"Henderson, NY, 12986",https://www.landandfarm.com/property/vacant-land-henderson-ny-39578757/,,,1.0,0.753,0.387,0.5,0.5
1385,0.5933,True,landwatch,422508913,MI,Alger,485.0,1975000.0,4072.16,"Au Train, MI, 49806, Alger County",https://www.landwatch.com/alger-county-michigan-timberland-property-for-sale/pid/422508913,,,1.0,0.84,0.321,0.5,0.5
1386,0.5933,True,landandfarm,37138794,MI,Alger,485.0,1975000.0,4072.16,"Au Train, MI, 49806",https://www.landandfarm.com/property/laughing-whitefish-point-37138794/,,,1.0,0.84,0.321,0.5,0.5
1387,0.5933,True,landwatch,425720115,KY,Butler,220.0,789900.0,3590.45,"Morgantown, KY, 42261, Butler County",https://www.landwatch.com/butler-county-kentucky-recreational-property-for-sale/pid/425720115,,,1.0,0.733,0.402,0.5,0.5
1388,0.5933,True,landandfarm,40349996,KY,Butler,220.0,789900.0,3590.45,"Morgantown, KY, 42261",https://www.landandfarm.com/property/butler-ohio-220-40349996/,,,1.0,0.733,0.402,0.5,0.5
1389,0.5933,True,landandfarm,40359040,KY,Butler,220.0,789900.0,3590.45,"Morgantown, KY, 42261",https://www.landandfarm.com/property/acreage-morgantown-ky-40359040/,,,1.0,0.733,0.402,0.5,0.5
1390,0.5933,True,landwatch,426021645,KY,Hopkins,576.0,1843200.0,3200.0,"Nortonville, KY, 42442, Hopkins County",https://www.landwatch.com/hopkins-county-kentucky-farms-and-ranches-for-sale/pid/426021645,,,1.0,0.646,0.467,0.5,0.5
1391,0.5933,True,landandfarm,40651526,KY,Hopkins,576.0,1843200.0,3200.0,"Nortonville, KY, 42442",https://www.landandfarm.com/property/4256-nortonville-rd-nortonville-ky-42442-40651526/,,,1.0,0.646,0.467,0.5,0.5
1392,0.5932,True,landwatch,421528394,AR,Ashley,390.0,1267500.0,3250.0,"Crossett, AR, 71635, Ashley County",https://www.landwatch.com/ashley-county-arkansas-recreational-property-for-sale/pid/421528394,,,1.0,0.657,0.458,0.5,0.5
1393,0.5932,True,landandfarm,36158274,AR,Ashley,390.0,1267500.0,3250.0,"Crossett, AR, 71635",https://www.landandfarm.com/property/land-for-sale-near-lake-gp-36158274/,,,1.0,0.657,0.458,0.5,0.5
1394,0.5929,True,landwatch,425554423,AR,Lawrence,200.0,600000.0,3000.0,"Ravenden, AR, 72459, Lawrence County",https://www.landwatch.com/lawrence-county-arkansas-recreational-property-for-sale/pid/425554423,,,1.0,0.6,0.5,0.5,0.5
1395,0.5929,True,landwatch,425614849,GA,Wilcox,245.0,1065750.0,4350.0,"Rochelle, GA, 31079, Wilcox County",https://www.landwatch.com/wilcox-county-georgia-recreational-property-for-sale/pid/425614849,,,1.0,0.9,0.275,0.5,0.5
1396,0.5929,True,landandfarm,40995579,AL,Tuscaloosa,270.0,1215000.0,4500.0,"Buhl, AL, 35446",https://www.landandfarm.com/property/hammer-creek-hunting-timber-homesite-40995579/,,,1.0,0.933,0.25,0.5,0.5
1397,0.5929,True,landsearch,5227975,AR,Searcy,780.0,2000000.0,2564.1,"Leslie, AR 72645",https://www.landsearch.com/properties/319-gooseberry-ln-leslie-ar-72645/5227975,,,1.0,0.503,0.573,0.5,0.5
1398,0.5929,True,landwatch,426550518,AR,Searcy,780.0,2000000.0,2564.1,"Leslie, AR, 72645, Searcy County",https://www.landwatch.com/searcy-county-arkansas-recreational-property-for-sale/pid/426550518,,,1.0,0.503,0.573,0.5,0.5
1399,0.5929,True,landandfarm,41180399,AR,Searcy,780.0,2000000.0,2564.1,"Leslie, AR, 72645",https://www.landandfarm.com/property/maple-grove-41180399/,,,1.0,0.503,0.573,0.5,0.5
1400,0.5923,True,landandfarm,39354741,MS,Lafayette,404.0,1375000.0,3403.47,"Oxford, MS, 38655",https://www.landandfarm.com/property/lafayette-404-39354741/,,,1.0,0.687,0.433,0.5,0.5
1401,0.5921,True,landwatch,425347546,NY,Delaware,1184.0,2868000.0,2422.3,"Hancock, NY, 13783, Delaware County",https://www.landwatch.com/delaware-county-new-york-timberland-property-for-sale/pid/425347546,,,1.0,0.468,0.596,0.5,0.5
1402,0.5921,True,landandfarm,39977427,NY,Delaware,1184.0,2868000.0,2422.3,"Hancock, NY, 13783",https://www.landandfarm.com/property/beaverkill-forest-39977427/,,,1.0,0.468,0.596,0.5,0.5
1403,0.5921,True,landwatch,425374288,WI,Bayfield,384.0,1235000.0,3216.15,"Iron River, WI, 54847, Bayfield County",https://www.landwatch.com/bayfield-county-wisconsin-undeveloped-land-for-sale/pid/425374288,,,1.0,0.644,0.464,0.5,0.5
1404,0.5921,True,landandfarm,40004169,WI,Bayfield,384.0,1235000.0,3216.15,"Iron River, WI, 54847",https://www.landandfarm.com/property/lots-land-iron-river-wi-40004169/,,,1.0,0.644,0.464,0.5,0.5
1405,0.5918,True,landwatch,420865155,IL,Pulaski,460.0,1817000.0,3950.0,"Karnak, IL, 62956, Pulaski County",https://www.landwatch.com/pulaski-county-illinois-recreational-property-for-sale/pid/420865155,,,1.0,0.806,0.342,0.5,0.5
1406,0.5918,True,landandfarm,35495035,IL,Pulaski,460.0,1817000.0,3950.0,"Karnak, IL, 62956",https://www.landandfarm.com/property/world-class-deer-hunting-in-deep-southern-illinois-pulaski-county-35495035/,,,1.0,0.806,0.342,0.5,0.5
1407,0.5917,True,landwatch,423545643,OK,Osage,345.0,983250.0,2850.0,"Pawhuska, OK, 74056, Osage County",https://www.landwatch.com/osage-county-oklahoma-farms-and-ranches-for-sale/pid/423545643,,,1.0,0.561,0.525,0.5,0.5
1408,0.5917,True,landandfarm,38175524,OK,Osage,345.0,983250.0,2850.0,"Pawhuska, OK, 74056",https://www.landandfarm.com/property/pawhuska-345-ac-38175524/,,,1.0,0.561,0.525,0.5,0.5
1409,0.5917,True,landwatch,424300473,MS,Monroe,390.0,1280000.0,3282.05,"Aberdeen, MS, 39730, Monroe County",https://www.landwatch.com/monroe-county-mississippi-recreational-property-for-sale/pid/424300473,,,1.0,0.657,0.453,0.5,0.5
1410,0.5917,True,landandfarm,38930354,MS,Monroe,390.0,1280000.0,3282.05,"Aberdeen, MS, 39730",https://www.landandfarm.com/property/trophy-deer-turkey-hunting-land-on-390-2-acres-monroe-co-ms-38930354/,,,1.0,0.657,0.453,0.5,0.5
1411,0.5916,True,landwatch,426260071,MO,Pulaski,224.0,839400.0,3747.32,"Dixon, MO, 65459, Pulaski County",https://www.landwatch.com/pulaski-county-missouri-farms-and-ranches-for-sale/pid/426260071,,,1.0,0.76,0.375,0.5,0.5
1412,0.5916,True,landandfarm,40889952,MO,Pulaski,224.0,839400.0,3747.32,"Dixon, MO, 65459",https://www.landandfarm.com/property/premier-223-96-acre-trophy-hunting-recreational-retreat-pulaski-county-40889952/,,,1.0,0.76,0.375,0.5,0.5
1413,0.5915,True,landandfarm,38596559,AL,Lowndes,864.0,2505600.0,2900.0,"Gordonville, AL, 36040",https://www.landandfarm.com/property/864-acres-lowndes-county-fostoria-tract-38596559/,,,1.0,0.571,0.517,0.5,0.5
1414,0.5913,True,landwatch,426090752,AL,Barbour,210.0,700000.0,3333.33,"Midway, AL, 36053, Barbour County",https://www.landwatch.com/barbour-county-alabama-recreational-property-for-sale/pid/426090752,,,1.0,0.667,0.444,0.5,0.5
1415,0.5913,True,landandfarm,40720633,AL,Barbour,210.0,700000.0,3333.33,"Midway, AL, 36053",https://www.landandfarm.com/property/alabama-whitetail-getaway-tract-40720633/,,,1.0,0.667,0.444,0.5,0.5
1416,0.591,True,landwatch,426219831,SD,Mccook,229.0,895000.0,3908.3,"Emery, SD, 57332, McCook County",https://www.landwatch.com/mccook-county-south-dakota-recreational-property-for-sale/pid/426219831,,,1.0,0.793,0.349,0.5,0.5
1417,0.591,True,landandfarm,40849712,SD,McCook,229.0,895000.0,3908.3,"Emery, SD, 57332",https://www.landandfarm.com/property/mccook-county-sd-229-acres-40849712/,,,1.0,0.793,0.349,0.5,0.5
1418,0.5908,True,landwatch,425485157,KY,Estill,263.0,1250000.0,4752.85,"Irvine, KY, 40336, Estill County",https://www.landwatch.com/estill-county-kentucky-farms-and-ranches-for-sale/pid/425485157,,,1.0,0.98,0.208,0.5,0.5
1419,0.5908,True,landandfarm,40115038,KY,Estill,263.0,1250000.0,4752.85,"Irvine, KY, 40336",https://www.landandfarm.com/property/farms-ranch-irvine-ky-40115038/,,,1.0,0.98,0.208,0.5,0.5
1420,0.5907,True,landandfarm,36880415,AL,Lowndes,885.0,2649000.0,2993.22,"Letohatchee, AL, 36047",https://www.landandfarm.com/property/885-acres-in-lowndes-county-36880415/,,,1.0,0.589,0.501,0.5,0.5
1421,0.5907,True,landsearch,3356937,AL,Colbert,622.0,1750000.0,2813.5,"Tuscumbia, AL 35674",https://www.landsearch.com/properties/underwood-mountain-rd-tuscumbia-al-35674/3356937,,,1.0,0.548,0.531,0.5,0.5
1422,0.5907,True,landwatch,423852570,TN,Hardeman,330.0,900000.0,2727.27,"Hornsby, TN, 38044, Hardeman County",https://www.landwatch.com/hardeman-county-tennessee-recreational-property-for-sale/pid/423852570,,,1.0,0.529,0.545,0.5,0.5
1423,0.5907,True,landandfarm,38482451,TN,Hardeman,330.0,900000.0,2727.27,"Hornsby, TN, 38044",https://www.landandfarm.com/property/tn-hunters-paradise-with-food-plots-prime-wildlife-habitat-38482451/,,,1.0,0.529,0.545,0.5,0.5
1424,0.5906,True,landwatch,426374866,SD,Gregory,305.0,1066835.0,3497.82,"Burke, SD, 57523, Gregory County",https://www.landwatch.com/gregory-county-south-dakota-farms-and-ranches-for-sale/pid/426374866,,,1.0,0.7,0.417,0.5,0.5
1425,0.5906,True,landandfarm,41004747,SD,Gregory,305.0,1066835.0,3497.82,"Burke, SD, 57523",https://www.landandfarm.com/property/gregory-county-sd-304-8-acres-41004747/,,,1.0,0.7,0.417,0.5,0.5
1426,0.5901,True,landwatch,426665304,KY,Jackson,456.0,1800000.0,3947.37,"McKee, KY, 40447, Jackson County",https://www.landwatch.com/jackson-county-kentucky-recreational-property-for-sale/pid/426665304,,,1.0,0.798,0.342,0.5,0.5
1427,0.5901,True,landandfarm,41295185,KY,Jackson,456.0,1800000.0,3947.37,"McKee, KY, 40447",https://www.landandfarm.com/property/premier-hunting-recreational-paradise-on-456-acres-41295185/,,,1.0,0.798,0.342,0.5,0.5
1428,0.5899,True,landsearch,5087339,AR,Independence,204.0,649000.0,3181.37,"Cushman, AR 72526",https://www.landsearch.com/properties/collietown-rd-cushman-ar-72526/5087339,,,1.0,0.627,0.47,0.5,0.5
1429,0.5899,True,landwatch,425917112,AR,Independence,204.0,649000.0,3181.37,"Cushman, AR, 72526, Independence County",https://www.landwatch.com/independence-county-arkansas-recreational-property-for-sale/pid/425917112,,,1.0,0.627,0.47,0.5,0.5
1430,0.5899,True,landandfarm,40546993,AR,Independence,204.0,649000.0,3181.37,"Cushman, AR, 72526",https://www.landandfarm.com/property/breathtaking-204-acres-with-hilltop-meadow-incredible-views-in-cushm-40546993/,,,1.0,0.627,0.47,0.5,0.5
1431,0.5898,True,landwatch,422222608,MN,Roseau,317.0,1000000.0,3154.57,"Badger, MN, 56714, Roseau County",https://www.landwatch.com/roseau-county-minnesota-farms-and-ranches-for-sale/pid/422222608,,,1.0,0.62,0.474,0.5,0.5
1432,0.5898,True,landandfarm,36852489,MN,Roseau,317.0,1000000.0,3154.57,"Badger, MN, 56714",https://www.landandfarm.com/property/l-2500191-317-acres-roseau-county-minnesota-36852489/,,,1.0,0.62,0.474,0.5,0.5
1433,0.5897,True,landwatch,426354910,KS,Edwards,341.0,972990.0,2853.34,"Offerle, KS, 67563, Edwards County",https://www.landwatch.com/edwards-county-kansas-farms-and-ranches-for-sale/pid/426354910,,,1.0,0.553,0.524,0.5,0.5
1434,0.5897,True,landandfarm,40984791,KS,Edwards,341.0,972990.0,2853.34,"Offerle, KS, 67563",https://www.landandfarm.com/property/341-acres-edwards-county-arkansas-river-hunting-40984791/,,,1.0,0.553,0.524,0.5,0.5
1435,0.5896,True,landwatch,426051623,TN,Grundy,574.0,1891659.0,3295.57,"Palmer, TN, 37365, Grundy County",https://www.landwatch.com/grundy-county-tennessee-farms-and-ranches-for-sale/pid/426051623,,,1.0,0.651,0.451,0.5,0.5
1436,0.5896,True,landandfarm,40681504,TN,Grundy,574.0,1891659.0,3295.57,"Palmer, TN, 37365",https://www.landandfarm.com/property/acreage-hunting-land-in-sequatchie-and-grundy-county-tn-40681504/,,,1.0,0.651,0.451,0.5,0.5
1437,0.5895,True,landwatch,334274646,MN,Nicollet,337.0,950000.0,2818.99,"Nicollet, MN, 56074, Nicollet County",https://www.landwatch.com/nicollet-county-minnesota-undeveloped-land-for-sale/pid/334274646,,,1.0,0.544,0.53,0.5,0.5
1438,0.5895,True,landandfarm,9147062,MN,Nicollet,337.0,950000.0,2818.99,"Nicollet, MN, 56074",https://www.landandfarm.com/property/337-acres-in-nicollet-county-9147062/,,,1.0,0.544,0.53,0.5,0.5
1439,0.5894,True,landwatch,425666609,TN,Decatur,208.0,689000.0,3312.5,"Decaturville, TN, 38329, Decatur County",https://www.landwatch.com/decatur-county-tennessee-farms-and-ranches-for-sale/pid/425666609,,,1.0,0.653,0.448,0.5,0.5
1440,0.5894,True,landandfarm,40296490,TN,Decatur,208.0,689000.0,3312.5,"Decaturville, TN, 38329",https://www.landandfarm.com/property/decatur-207-99-40296490/,,,1.0,0.653,0.448,0.5,0.5
1441,0.5894,True,landwatch,425510618,NE,Franklin,635.0,1725000.0,2716.54,"Bloomington, NE, 68929, Franklin County",https://www.landwatch.com/franklin-county-nebraska-farms-and-ranches-for-sale/pid/425510618,,,1.0,0.521,0.547,0.5,0.5
1442,0.5894,True,landandfarm,40140499,NE,Franklin,635.0,1725000.0,2716.54,"Bloomington, NE, 68929",https://www.landandfarm.com/property/franklin-county-pastureland-40140499/,,,1.0,0.521,0.547,0.5,0.5
1443,0.5893,True,landsearch,4996096,OK,Latimer,345.0,1000500.0,2900.0,"Red Oak, OK 74563",https://www.landsearch.com/properties/black-loops-rd-red-oak-ok-74563/4996096,,,1.0,0.561,0.517,0.5,0.5
1444,0.5893,True,landsearch,4881783,ND,Adams,712.0,1701920.0,2390.34,"Reeder, ND 58649",https://www.landsearch.com/properties/reeder-nd-58649/4881783,,,1.0,0.448,0.602,0.5,0.5
1445,0.5893,True,landwatch,424852090,ND,Adams,712.0,1701920.0,2390.34,"Reeder, ND, 58649, Adams County",https://www.landwatch.com/adams-county-north-dakota-farms-and-ranches-for-sale/pid/424852090,,,1.0,0.448,0.602,0.5,0.5
1446,0.5893,True,landandfarm,39481971,ND,Adams,712.0,1701920.0,2390.34,"Reeder, ND, 58649",https://www.landandfarm.com/property/cedar-creek-712-39481971/,,,1.0,0.448,0.602,0.5,0.5
1447,0.5891,True,landwatch,426594380,OK,Grady,320.0,985430.0,3079.47,"Rush Springs, OK, 73082, Grady County",https://www.landwatch.com/grady-county-oklahoma-farms-and-ranches-for-sale/pid/426594380,,,1.0,0.6,0.487,0.5,0.5
1448,0.5891,True,landandfarm,41224261,OK,Grady,320.0,985430.0,3079.47,"Rush Springs, OK, 73082",https://www.landandfarm.com/property/diverse-320-acre-grady-county-ranch-41224261/,,,1.0,0.6,0.487,0.5,0.5
1449,0.589,True,landwatch,425825131,VA,Buckingham,430.0,1600000.0,3720.93,"Cumberland, VA, 23040, Buckingham County",https://www.landwatch.com/buckingham-county-virginia-recreational-property-for-sale/pid/425825131,,,1.0,0.742,0.38,0.5,0.5
1450,0.589,True,landandfarm,40455012,VA,Buckingham,430.0,1600000.0,3720.93,"Cumberland, VA, 23040",https://www.landandfarm.com/property/claybank-road-430-acres-40455012/,,,1.0,0.742,0.38,0.5,0.5
1451,0.5889,True,landwatch,333214223,NC,Edgecombe,354.0,1060000.0,2994.35,"Tarboro, NC, 27886, Edgecombe County",https://www.landwatch.com/edgecombe-county-north-carolina-timberland-property-for-sale/pid/333214223,,,1.0,0.58,0.501,0.5,0.5
1452,0.5889,True,landandfarm,8714457,NC,Edgecombe,354.0,1060000.0,2994.35,"Tarboro, NC, 27886",https://www.landandfarm.com/property/edgecombe-county-nc-land-for-sale-354-acres-8714457/,,,1.0,0.58,0.501,0.5,0.5
1453,0.5888,True,landwatch,425818917,AL,Bibb,730.0,1800000.0,2465.75,"Eoline, AL, 35042, Bibb County",https://www.landwatch.com/bibb-county-alabama-farms-and-ranches-for-sale/pid/425818917,,,1.0,0.462,0.589,0.5,0.5
1454,0.5888,True,landandfarm,40448798,AL,Bibb,730.0,1800000.0,2465.75,"Eoline, AL, 35042",https://www.landandfarm.com/property/sportsman-investor-property-40448798/,,,1.0,0.462,0.589,0.5,0.5
1455,0.5888,True,landwatch,425510631,OK,Creek,855.0,2500000.0,2923.98,"Oilton, OK, 74030, Creek County",https://www.landwatch.com/creek-county-oklahoma-farms-and-ranches-for-sale/pid/425510631,,,1.0,0.564,0.513,0.5,0.5
1456,0.5888,True,landandfarm,40140512,OK,Creek,855.0,2500000.0,2923.98,"Oilton, OK, 74030",https://www.landandfarm.com/property/cimarron-oaks-ranch-40140512/,,,1.0,0.564,0.513,0.5,0.5
1457,0.5887,True,landwatch,414920411,MI,Marquette,523.0,1990000.0,3804.97,"Marquette, MI, 49855, Marquette County",https://www.landwatch.com/marquette-county-michigan-homes-for-sale/pid/414920411,,,1.0,0.759,0.366,0.5,0.5
1458,0.5887,True,landandfarm,18013155,MI,Marquette,523.0,1990000.0,3804.97,"Marquette, MI, 49855",https://www.landandfarm.com/property/camp-single-family-marquette-mi-18013155/,,,1.0,0.759,0.366,0.5,0.5
1459,0.5887,True,landwatch,426018485,NC,Anson,239.0,1017580.0,4257.66,"Morven, NC, 28119, Anson County",https://www.landwatch.com/anson-county-north-carolina-recreational-property-for-sale/pid/426018485,,,1.0,0.86,0.29,0.5,0.5
1460,0.5887,True,landandfarm,40648366,NC,Anson,239.0,1017580.0,4257.66,"Morven, NC, 28119",https://www.landandfarm.com/property/morris-branch-40648366/,,,1.0,0.86,0.29,0.5,0.5
1461,0.5884,True,landwatch,421766846,NE,Dawes,699.0,1650000.0,2360.52,"Chadron, NE, 69337, Dawes County",https://www.landwatch.com/dawes-county-nebraska-farms-and-ranches-for-sale/pid/421766846,,,1.0,0.437,0.607,0.5,0.5
1462,0.5884,True,landandfarm,36396727,NE,Dawes,699.0,1650000.0,2360.52,"Chadron, NE, 69337",https://www.landandfarm.com/property/deadhorse-creek-ranch-36396727/,,,1.0,0.437,0.607,0.5,0.5
1463,0.5884,True,landwatch,426340513,KY,Lawrence,552.0,1950000.0,3532.61,"Louisa, KY, 41230, Lawrence County",https://www.landwatch.com/lawrence-county-kentucky-farms-and-ranches-for-sale/pid/426340513,,,1.0,0.698,0.411,0.5,0.5
1464,0.5884,True,landandfarm,40970394,KY,Lawrence,552.0,1950000.0,3532.61,"Louisa, KY, 41230",https://www.landandfarm.com/property/witheniwe-farms-40970394/,,,1.0,0.698,0.411,0.5,0.5
1465,0.5881,True,landwatch,421351797,OK,Le Flore,230.0,920000.0,4000.0,"Pocola, OK, 74959, Le Flore County",https://www.landwatch.com/le-flore-county-oklahoma-farms-and-ranches-for-sale/pid/421351797,,,1.0,0.8,0.333,0.5,0.5
1466,0.5881,True,landandfarm,35981677,OK,Le Flore,230.0,920000.0,4000.0,"Pocola, OK, 74959",https://www.landandfarm.com/property/poteau-river-farm-35981677/,,,1.0,0.8,0.333,0.5,0.5
1467,0.5879,True,landwatch,426279002,KY,Bath,254.0,1200000.0,4724.41,"Owingsville, KY, 40360, Bath County",https://www.landwatch.com/bath-county-kentucky-farms-and-ranches-for-sale/pid/426279002,,,1.0,0.96,0.213,0.5,0.5
1468,0.5879,True,landandfarm,40908883,KY,Bath,254.0,1200000.0,4724.41,"Owingsville, KY, 40360",https://www.landandfarm.com/property/farms-ranch-owingsville-ky-40908883/,,,1.0,0.96,0.213,0.5,0.5
1469,0.5879,True,landwatch,426661258,MN,Pine,359.0,1100000.0,3064.07,"Nickerson, MN, 55749, Pine County",https://www.landwatch.com/pine-county-minnesota-hunting-property-for-sale/pid/426661258,,,1.0,0.591,0.489,0.5,0.5
1470,0.5879,True,landandfarm,41291139,MN,Pine,359.0,1100000.0,3064.07,"Nickerson, MN, 55749",https://www.landandfarm.com/property/359-acres-on-delong-lake-and-maheu-lake-41291139/,,,1.0,0.591,0.489,0.5,0.5
1471,0.5878,True,landwatch,424129813,KS,Ellis,218.0,795000.0,3646.79,"Hays, KS, 67601, Ellis County",https://www.landwatch.com/ellis-county-kansas-farms-and-ranches-for-sale/pid/424129813,,,1.0,0.72,0.392,0.5,0.5
1472,0.5878,True,landandfarm,38759694,KS,Ellis,218.0,795000.0,3646.79,"Hays, KS, 67601",https://www.landandfarm.com/property/schumacher-trust-ranch-38759694/,,,1.0,0.72,0.392,0.5,0.5
1473,0.5876,True,landwatch,426594721,KY,Cumberland,203.0,649600.0,3200.0,"Burkesville, KY, 42717, Cumberland County",https://www.landwatch.com/cumberland-county-kentucky-recreational-property-for-sale/pid/426594721,,,1.0,0.62,0.467,0.5,0.5
1474,0.5876,True,landandfarm,41224602,KY,Cumberland,203.0,649600.0,3200.0,"Burkesville, KY, 42717",https://www.landandfarm.com/property/203-acre-hunting-land-with-river-frontage-cumberland-county-41224602/,,,1.0,0.62,0.467,0.5,0.5
1475,0.5872,True,landsearch,5220295,AL,Perry,455.0,1820000.0,4000.0,"Heiberger, AL 36756",https://www.landsearch.com/properties/heiberger-al-36756/5220295,,,1.0,0.796,0.333,0.5,0.5
1476,0.5872,True,landwatch,426515230,AL,Perry,455.0,1820000.0,4000.0,"Heiberger, AL",https://www.landwatch.com/perry-county-alabama-recreational-property-for-sale/pid/426515230,,,1.0,0.796,0.333,0.5,0.5
1477,0.5872,True,landandfarm,41145111,AL,Perry,455.0,1820000.0,4000.0,"Heiberger, AL",https://www.landandfarm.com/property/heiberger-sportsman-club-41145111/,,,1.0,0.796,0.333,0.5,0.5
1478,0.5871,True,landsearch,5163403,OK,Okfuskee,303.0,1100000.0,3630.36,"Boley, OK 74829",https://www.landsearch.com/properties/leftwich-st-boley-ok-74829/5163403,,,1.0,0.713,0.395,0.5,0.5
1479,0.5871,True,landwatch,426274456,OK,Okfuskee,303.0,1100000.0,3630.36,"Boley, OK, 74829, Okfuskee County",https://www.landwatch.com/okfuskee-county-oklahoma-farms-and-ranches-for-sale/pid/426274456,,,1.0,0.713,0.395,0.5,0.5
1480,0.5871,True,landsearch,5144809,OH,Scioto,213.0,748000.0,3511.74,"Lucasville, OH 45648",https://www.landsearch.com/properties/millers-run-back-run-rd-lucasville-oh-45648/5144809,,,1.0,0.687,0.415,0.5,0.5
1481,0.5871,True,landwatch,426113298,OH,Scioto,213.0,748000.0,3511.74,"Lucasville, OH, 45648, Scioto County",https://www.landwatch.com/scioto-county-ohio-recreational-property-for-sale/pid/426113298,,,1.0,0.687,0.415,0.5,0.5
1482,0.5871,True,landwatch,426193181,OH,Scioto,213.0,748000.0,3511.74,"Lucasville, OH, 45648, Scioto County",https://www.landwatch.com/scioto-county-ohio-undeveloped-land-for-sale/pid/426193181,,,1.0,0.687,0.415,0.5,0.5
1483,0.5871,True,landandfarm,40743179,OH,Scioto,213.0,748000.0,3511.74,"Lucasville, OH, 45648",https://www.landandfarm.com/property/scioto-county-ohio-land-for-sale-40743179/,,,1.0,0.687,0.415,0.5,0.5
1484,0.5871,True,landandfarm,40823062,OH,Scioto,213.0,748000.0,3511.74,"Lucasville, OH, 45648",https://www.landandfarm.com/property/vacant-land-lucasville-oh-40823062/,,,1.0,0.687,0.415,0.5,0.5
1485,0.5866,True,landandfarm,39793001,AL,Covington,217.0,790000.0,3640.55,"Andalusia, AL, 36456",https://www.landandfarm.com/property/big-times-within-the-bottomlands-of-pigeon-creek-39793001/,,,1.0,0.713,0.393,0.5,0.5
1486,0.5865,True,landwatch,423910874,TX,Sutton,300.0,1120315.0,3734.38,"Sonora, TX, 76950, Sutton County",https://www.landwatch.com/sutton-county-texas-farms-and-ranches-for-sale/pid/423910874,,,1.0,0.733,0.378,0.5,0.5
1487,0.5865,True,landandfarm,38540755,TX,Sutton,300.0,1120315.0,3734.38,"Sonora, TX, 76950",https://www.landandfarm.com/property/300-acres-with-cabin-electric-and-private-water-well-38540755/,,,1.0,0.733,0.378,0.5,0.5
1488,0.5864,True,landwatch,421240428,KY,Lewis,475.0,1999000.0,4208.42,"Vanceburg, KY, 41179, Lewis County",https://www.landwatch.com/lewis-county-kentucky-farms-and-ranches-for-sale/pid/421240428,,,1.0,0.838,0.299,0.5,0.5
1489,0.5864,True,landandfarm,35870308,KY,Lewis,475.0,1999000.0,4208.42,"Vanceburg, KY, 41179",https://www.landandfarm.com/property/scheidler-bee-branch-35870308/,,,1.0,0.838,0.299,0.5,0.5
1490,0.5862,True,landwatch,420920545,TN,Jackson,245.0,1100000.0,4489.8,"Bloomington Springs, TN, 38545, Jackson County",https://www.landwatch.com/jackson-county-tennessee-farms-and-ranches-for-sale/pid/420920545,,,1.0,0.9,0.252,0.5,0.5
1491,0.5862,True,landandfarm,35550425,TN,Jackson,245.0,1100000.0,4489.8,"Bloomington Springs, TN, 38545",https://www.landandfarm.com/property/245-acres-of-exceptional-hunting-and-recreational-property-with-dream-h-35550425/,,,1.0,0.9,0.252,0.5,0.5
1492,0.5861,True,landwatch,425751082,ND,Grant,212.0,742350.0,3501.65,"Hebron, ND, 58638, Grant County",https://www.landwatch.com/grant-county-north-dakota-farms-and-ranches-for-sale/pid/425751082,,,1.0,0.68,0.416,0.5,0.5
1493,0.5861,True,landandfarm,40380963,ND,Grant,212.0,742350.0,3501.65,"Hebron, ND, 58638",https://www.landandfarm.com/property/hebron-hunting-hideaway-212a-40380963/,,,1.0,0.68,0.416,0.5,0.5
1494,0.586,True,landwatch,418562992,OK,Sequoyah,735.0,1869400.0,2543.4,"Webbers Falls, OK, 74435, Sequoyah County",https://www.landwatch.com/sequoyah-county-oklahoma-lakefront-property-for-sale/pid/418562992,,,1.0,0.466,0.576,0.5,0.5
1495,0.586,True,landandfarm,33192872,OK,Sequoyah,735.0,1869400.0,2543.4,"Webbers Falls, OK, 74435",https://www.landandfarm.com/property/deep-branch-creek-735-33192872/,,,1.0,0.466,0.576,0.5,0.5
1496,0.586,True,landwatch,424870359,OK,Caddo,313.0,1050000.0,3354.63,"Boone, OK, 73006, Caddo County",https://www.landwatch.com/caddo-county-oklahoma-farms-and-ranches-for-sale/pid/424870359,,,1.0,0.647,0.441,0.5,0.5
1497,0.586,True,landandfarm,39500240,OK,Caddo,313.0,1050000.0,3354.63,"Boone, OK, 73006",https://www.landandfarm.com/property/red-hill-ranch-39500240/,,,1.0,0.647,0.441,0.5,0.5
1498,0.5859,True,landwatch,426575423,TN,Mcnairy,540.0,1998000.0,3700.0,"Selmer, TN, 38375, McNairy County",https://www.landwatch.com/mcnairy-county-tennessee-recreational-property-for-sale/pid/426575423,,,1.0,0.723,0.383,0.5,0.5
1499,0.5859,True,landandfarm,41205304,TN,McNairy,540.0,1998000.0,3700.0,"Selmer, TN, 38375",https://www.landandfarm.com/property/540-acre-hunter-s-haven-41205304/,,,1.0,0.723,0.383,0.5,0.5
1500,0.5859,True,landwatch,423920586,GA,Clay,582.0,1919000.0,3297.25,"Fort Gaines, GA, 39851, Clay County",https://www.landwatch.com/clay-county-georgia-recreational-property-for-sale/pid/423920586,,,1.0,0.634,0.45,0.5,0.5
1501,0.5859,True,landandfarm,38550467,GA,Clay,582.0,1919000.0,3297.25,"Fort Gaines, GA, 39851",https://www.landandfarm.com/property/waukeefriskee-wildlife-hideaway-38550467/,,,1.0,0.634,0.45,0.5,0.5
1502,0.5858,True,landwatch,426305359,NE,Webster,804.0,2250444.0,2799.06,"Red Cloud, NE, 68970, Webster County",https://www.landwatch.com/webster-county-nebraska-farms-and-ranches-for-sale/pid/426305359,,,1.0,0.523,0.533,0.5,0.5
1503,0.5858,True,landandfarm,40935240,NE,Webster,804.0,2250444.0,2799.06,"Red Cloud, NE, 68970",https://www.landandfarm.com/property/contiguous-pastureland-offering-803-73-acres-webster-county-40935240/,,,1.0,0.523,0.533,0.5,0.5
1504,0.5858,True,landwatch,426343449,MI,Gladwin,400.0,1400000.0,3500.0,"Alger, MI, 48610, Gladwin County",https://www.landwatch.com/gladwin-county-michigan-recreational-property-for-sale/pid/426343449,,,1.0,0.678,0.417,0.5,0.5
1505,0.5858,True,landandfarm,40973330,MI,Gladwin,400.0,1400000.0,3500.0,"Alger, MI, 48610",https://www.landandfarm.com/property/premier-400-acre-hunting-and-recreational-estate-gladwin-county-michiga-40973330/,,,1.0,0.678,0.417,0.5,0.5
1506,0.5856,True,landandfarm,39728188,AL,Franklin,205.0,677000.0,3302.44,"Russellville, AL, 35654",https://www.landandfarm.com/property/recreational-tract-with-excellent-hunting-and-year-round-creek-near-russell-39728188/,,,1.0,0.633,0.45,0.5,0.5
1507,0.5855,True,landsearch,5041722,AL,Elmore,570.0,1950000.0,3421.05,"Wetumpka, AL 36093",https://www.landsearch.com/properties/jug-factory-rd-wetumpka-al-36093/5041722,,,1.0,0.659,0.43,0.5,0.5
1508,0.5855,True,landwatch,425708742,AL,Elmore,570.0,1950000.0,3421.05,"Wetumpka, AL, 36093, Elmore County",https://www.landwatch.com/elmore-county-alabama-recreational-property-for-sale/pid/425708742,,,1.0,0.659,0.43,0.5,0.5
1509,0.5855,True,landandfarm,40338623,AL,Elmore,570.0,1950000.0,3421.05,"Wetumpka, AL, 36093",https://www.landandfarm.com/property/570-acre-investment-opportunity-in-the-redland-road-community-40338623/,,,1.0,0.659,0.43,0.5,0.5
1510,0.5854,True,landwatch,426657000,PA,Northumberland,236.0,1000000.0,4237.29,"Dalmatia, PA, 17017, Northumberland County",https://www.landwatch.com/northumberland-county-pennsylvania-farms-and-ranches-for-sale/pid/426657000,,,1.0,0.84,0.294,0.5,0.5
1511,0.5854,True,landandfarm,41286881,PA,Northumberland,236.0,1000000.0,4237.29,"Dalmatia, PA, 17017",https://www.landandfarm.com/property/farms-national-dalmatia-pa-41286881/,,,1.0,0.84,0.294,0.5,0.5
1512,0.5852,True,landandfarm,40902733,MS,Leake,625.0,1812000.0,2899.2,"Acres Leake County, MS",https://www.landandfarm.com/property/-625-acres-leake-county-ms-40902733/,,,1.0,0.542,0.517,0.5,0.5
1513,0.5849,True,landwatch,419384758,AR,Hempstead,292.0,1170000.0,4006.85,"Hope, AR, 71801, Hempstead County",https://www.landwatch.com/hempstead-county-arkansas-timberland-property-for-sale/pid/419384758,,,1.0,0.787,0.332,0.5,0.5
1514,0.5849,True,landwatch,421309214,MO,Ripley,385.0,1300000.0,3376.62,"Doniphan, MO, 63935, Ripley County",https://www.landwatch.com/ripley-county-missouri-farms-and-ranches-for-sale/pid/421309214,,,1.0,0.646,0.437,0.5,0.5
1515,0.5849,True,landandfarm,35939094,MO,Ripley,385.0,1300000.0,3376.62,"Doniphan, MO, 63935",https://www.landandfarm.com/property/385-acres-of-proven-hunting-ground-for-sale-in-ripley-co-35939094/,,,1.0,0.646,0.437,0.5,0.5
1516,0.5848,True,landsearch,5090432,TX,Edwards,425.0,1599000.0,3762.35,"Rocksprings, TX 78880",https://www.landsearch.com/properties/rocksprings-tx-78880/5090432,,,1.0,0.732,0.373,0.5,0.5
1517,0.5847,True,landandfarm,40313023,MS,Copiah,361.0,1137150.0,3150.0,"Crystal Springs, MS, 39059",https://www.landandfarm.com/property/byron-paul-lane-40313023/,,,1.0,0.595,0.475,0.5,0.5
1518,0.5843,True,landwatch,425663353,GA,Jones,244.0,1098000.0,4500.0,"Gray, GA, 31032, Jones County",https://www.landwatch.com/jones-county-georgia-recreational-property-for-sale/pid/425663353,,,1.0,0.893,0.25,0.5,0.5
1519,0.5842,True,landwatch,425945780,IL,Pope,448.0,1790000.0,3995.54,"Brookport, IL, 62910, Pope County",https://www.landwatch.com/pope-county-illinois-farms-and-ranches-for-sale/pid/425945780,,,1.0,0.781,0.334,0.5,0.5
1520,0.5842,True,landandfarm,40575661,IL,Pope,448.0,1790000.0,3995.54,"Brookport, IL, 62910",https://www.landandfarm.com/property/the-poco-lodge-and-ranch-40575661/,,,1.0,0.781,0.334,0.5,0.5
1521,0.584,True,landandfarm,41095746,GA,Twiggs,223.0,864125.0,3875.0,"Westlake, GA, 31014",https://www.landandfarm.com/property/savage-creek-ocmulgee-41095746/,,,1.0,0.753,0.354,0.5,0.5
1522,0.584,True,landwatch,424700381,VA,Southampton,230.0,939900.0,4086.52,"Courtland, VA, 23837, Southampton County",https://www.landwatch.com/southampton-county-virginia-homes-for-sale/pid/424700381,,,1.0,0.8,0.319,0.5,0.5
1523,0.5835,True,landwatch,425758892,NC,Richmond,220.0,835240.0,3796.55,"Ellerbe, NC, 28338, Richmond County",https://www.landwatch.com/richmond-county-north-carolina-recreational-property-for-sale/pid/425758892,,,1.0,0.733,0.367,0.5,0.5
1524,0.5835,True,landandfarm,40388773,NC,Richmond,220.0,835240.0,3796.55,"Ellerbe, NC, 28338",https://www.landandfarm.com/property/capel-mill-rd-tract-40388773/,,,1.0,0.733,0.367,0.5,0.5
1525,0.5833,True,landwatch,425395851,OK,Atoka,260.0,1300000.0,5000.0,"Atoka, OK, 74525, Atoka County",https://www.landwatch.com/atoka-county-oklahoma-farms-and-ranches-for-sale/pid/425395851,,,1.0,1.0,0.167,0.5,0.5
1526,0.5833,True,landwatch,425709277,NE,Greeley,310.0,1085000.0,3500.0,"Spalding, NE, 68665, Greeley County",https://www.landwatch.com/greeley-county-nebraska-farms-and-ranches-for-sale/pid/425709277,,,1.0,0.667,0.417,0.5,0.5
1527,0.5833,True,landandfarm,40025732,OK,Atoka,260.0,1300000.0,5000.0,"Atoka, OK, 74525",https://www.landandfarm.com/property/sandy-creek-ranch-40025732/,,,1.0,1.0,0.167,0.5,0.5
1528,0.5833,True,landandfarm,40339158,NE,Greeley,310.0,1085000.0,3500.0,"Spalding, NE, 68665",https://www.landandfarm.com/property/greeley-county-pasture-40339158/,,,1.0,0.667,0.417,0.5,0.5
1529,0.5831,True,landwatch,423718899,VA,Suffolk City,553.0,2009448.0,3633.72,"Suffolk, VA, 23434, Suffolk City County",https://www.landwatch.com/suffolk-city-county-virginia-recreational-property-for-sale/pid/423718899,,,1.0,0.695,0.394,0.5,0.5
1530,0.5831,True,landandfarm,38348780,VA,Suffolk City,553.0,2009448.0,3633.72,"Suffolk, VA, 23434",https://www.landandfarm.com/property/b979-chesapeake-block-4-61-119-38348780/,,,1.0,0.695,0.394,0.5,0.5
1531,0.5831,True,landwatch,425701357,KY,Carlisle,362.0,1155900.0,3193.09,"Bardwell, KY, 42023, Carlisle County",https://www.landwatch.com/carlisle-county-kentucky-undeveloped-land-for-sale/pid/425701357,,,1.0,0.597,0.468,0.5,0.5
1532,0.5831,True,landandfarm,40331238,KY,Carlisle,362.0,1155900.0,3193.09,"Bardwell, KY, 42023",https://www.landandfarm.com/property/other-bardwell-ky-40331238/,,,1.0,0.597,0.468,0.5,0.5
1533,0.5829,True,landwatch,425556546,NC,Bladen,204.0,679000.0,3328.43,"White Oak, NC, 28339, Bladen County",https://www.landwatch.com/bladen-county-north-carolina-timberland-property-for-sale/pid/425556546,,,1.0,0.627,0.445,0.5,0.5
1534,0.5829,True,landandfarm,40186427,NC,Bladen,204.0,679000.0,3328.43,"White Oak, NC, 28339",https://www.landandfarm.com/property/white-oak-hunting-plantation-40186427/,,,1.0,0.627,0.445,0.5,0.5
1535,0.5829,True,landwatch,425986502,NE,Custer,560.0,2000000.0,3571.43,"Oconto, NE, 68860, Custer County",https://www.landwatch.com/custer-county-nebraska-farms-and-ranches-for-sale/pid/425986502,,,1.0,0.681,0.405,0.5,0.5
1536,0.5829,True,landandfarm,40616383,NE,Custer,560.0,2000000.0,3571.43,"Oconto, NE, 68860",https://www.landandfarm.com/property/beck-ranch-560-acres-custer-county-ne-40616383/,,,1.0,0.681,0.405,0.5,0.5
1537,0.5827,True,landwatch,425269298,AL,Barbour,736.0,1925000.0,2615.49,"Midway, AL, 36053, Barbour County",https://www.landwatch.com/barbour-county-alabama-hunting-property-for-sale/pid/425269298,,,1.0,0.467,0.564,0.5,0.5
1538,0.5827,True,landandfarm,39899179,AL,Barbour,736.0,1925000.0,2615.49,"Midway, AL, 36053",https://www.landandfarm.com/property/alabama-whitetail-39899179/,,,1.0,0.467,0.564,0.5,0.5
1539,0.5825,True,landwatch,424701528,MS,Carroll,206.0,699900.0,3397.57,"Sidon, MS, 38954, Carroll County",https://www.landwatch.com/carroll-county-mississippi-recreational-property-for-sale/pid/424701528,,,1.0,0.64,0.434,0.5,0.5
1540,0.5825,True,landandfarm,39331409,MS,Carroll,206.0,699900.0,3397.57,"Sidon, MS, 38954",https://www.landandfarm.com/property/carroll-206-39331409/,,,1.0,0.64,0.434,0.5,0.5
1541,0.5824,True,landsearch,4906675,MS,Alcorn,319.0,1036750.0,3250.0,"Rienzi, MS 38865",https://www.landsearch.com/properties/county-road-409-rienzi-ms-38865/4906675,,,1.0,0.607,0.458,0.5,0.5
1542,0.5824,True,landwatch,423027086,MS,Alcorn,319.0,1036750.0,3250.0,"Rienzi, MS, 38865, Alcorn County",https://www.landwatch.com/alcorn-county-mississippi-timberland-property-for-sale/pid/423027086,,,1.0,0.607,0.458,0.5,0.5
1543,0.5824,True,landandfarm,37656967,MS,Alcorn,319.0,1036750.0,3250.0,"Rienzi, MS, 38865",https://www.landandfarm.com/property/jobes-creek-37656967/,,,1.0,0.607,0.458,0.5,0.5
1544,0.5823,True,landwatch,425269290,AR,Clay,262.0,1300000.0,4961.83,"Rector, AR, 72461, Clay County",https://www.landwatch.com/clay-county-arkansas-farms-and-ranches-for-sale/pid/425269290,,,1.0,0.987,0.173,0.5,0.5
1545,0.5823,True,landandfarm,39899171,AR,Clay,262.0,1300000.0,4961.83,"Rector, AR, 72461",https://www.landandfarm.com/property/crowley-s-ridge-national-scenic-byway-39899171/,,,1.0,0.987,0.173,0.5,0.5
1546,0.5823,True,landwatch,424844470,MS,Oktibbeha,277.0,1250000.0,4512.64,"Starkville, MS, 39773, Oktibbeha County",https://www.landwatch.com/oktibbeha-county-mississippi-recreational-property-for-sale/pid/424844470,,,1.0,0.887,0.248,0.5,0.5
1547,0.5823,True,landandfarm,39474351,MS,Oktibbeha,277.0,1250000.0,4512.64,"Starkville, MS, 39773",https://www.landandfarm.com/property/oktibbeha-county-277-acres-artesia-road-39474351/,,,1.0,0.887,0.248,0.5,0.5
1548,0.5817,True,landwatch,423934214,OK,Osage,223.0,875000.0,3923.77,"Pawhuska, OK, 74056, Osage County",https://www.landwatch.com/osage-county-oklahoma-farms-and-ranches-for-sale/pid/423934214,,,1.0,0.753,0.346,0.5,0.5
1549,0.5817,True,landandfarm,38564095,OK,Osage,223.0,875000.0,3923.77,"Pawhuska, OK, 74056",https://www.landandfarm.com/property/hunt-223-acres-38564095/,,,1.0,0.753,0.346,0.5,0.5
1550,0.5813,True,landwatch,423852554,VA,Southampton,309.0,1104245.0,3573.61,"Franklin, VA, 23851, Southampton County",https://www.landwatch.com/southampton-county-virginia-recreational-property-for-sale/pid/423852554,,,1.0,0.673,0.404,0.5,0.5
1551,0.5813,True,landandfarm,38482435,VA,Southampton,309.0,1104245.0,3573.61,"Franklin, VA, 23851",https://www.landandfarm.com/property/b981-chesapeake-surry-griffin-d-38482435/,,,1.0,0.673,0.404,0.5,0.5
1552,0.5812,True,landandfarm,33704891,OK,McCurtain,212.0,764424.0,3605.77,"Battiest, OK, 74722",https://www.landandfarm.com/property/west-fork-glover-33704891/,,,1.0,0.68,0.399,0.5,0.5
1553,0.581,True,landwatch,423964983,NY,Otsego,310.0,1100000.0,3548.39,"Burlington Flats, NY, 13315, Otsego County",https://www.landwatch.com/otsego-county-new-york-farms-and-ranches-for-sale/pid/423964983,,,1.0,0.667,0.409,0.5,0.5
1554,0.581,True,landandfarm,38594864,NY,Otsego,310.0,1100000.0,3548.39,"Burlington Flats, NY, 13315",https://www.landandfarm.com/property/large-parcel-views-solar-38594864/,,,1.0,0.667,0.409,0.5,0.5
1555,0.581,True,landwatch,425117102,SD,Gregory,525.0,2072368.0,3947.37,"Bonesteel, SD, 57335, Gregory County",https://www.landwatch.com/gregory-county-south-dakota-farms-and-ranches-for-sale/pid/425117102,,,1.0,0.755,0.342,0.5,0.5
1556,0.581,True,landandfarm,39746983,SD,Gregory,525.0,2072368.0,3947.37,"Bonesteel, SD, 57335",https://www.landandfarm.com/property/gregory-county-sd-524-65-acres-39746983/,,,1.0,0.755,0.342,0.5,0.5
1557,0.581,True,landwatch,424381707,AL,Jefferson,225.0,900000.0,4000.0,"Dora, AL, 35062, Jefferson County",https://www.landwatch.com/jefferson-county-alabama-recreational-property-for-sale/pid/424381707,,,1.0,0.767,0.333,0.5,0.5
1558,0.581,True,landwatch,426198281,VA,Sussex,200.0,650000.0,3250.0,"Yale, VA, 23897, Sussex County",https://www.landwatch.com/sussex-county-virginia-farms-and-ranches-for-sale/pid/426198281,,,1.0,0.6,0.458,0.5,0.5
1559,0.581,True,landandfarm,40206559,KS,Rooks,200.0,650000.0,3250.0,"Damar, KS, 67632",https://www.landandfarm.com/property/whitetail-dream-farm-on-spring-creek-40206559/,,,1.0,0.6,0.458,0.5,0.5
1560,0.581,True,landandfarm,39011588,AL,Jefferson,225.0,900000.0,4000.0,"Dora, AL, 35062",https://www.landandfarm.com/property/225-ac-jefferson-county-al-locust-fork-west-39011588/,,,1.0,0.767,0.333,0.5,0.5
1561,0.581,True,landandfarm,40828162,VA,Sussex,200.0,650000.0,3250.0,"Yale, VA, 23897",https://www.landandfarm.com/property/22163-courthouse-road-40828162/,,,1.0,0.6,0.458,0.5,0.5
1562,0.5808,True,landwatch,426334056,ND,Pembina,327.0,950000.0,2905.2,"Drayton, ND, 58225, Pembina County",https://www.landwatch.com/pembina-county-north-dakota-farms-and-ranches-for-sale/pid/426334056,,,1.0,0.523,0.516,0.5,0.5
1563,0.5808,True,landandfarm,40963937,ND,Pembina,327.0,950000.0,2905.2,"Drayton, ND, 58225",https://www.landandfarm.com/property/farmland-for-sale-pembina-county-nd-40963937/,,,1.0,0.523,0.516,0.5,0.5
1564,0.5803,True,landwatch,425839886,KY,Union,286.0,1225000.0,4283.22,"Sturgis, KY, 42459, Union County",https://www.landwatch.com/union-county-kentucky-farms-and-ranches-for-sale/pid/425839886,,,1.0,0.827,0.286,0.5,0.5
1565,0.5803,True,landandfarm,40469767,KY,Union,286.0,1225000.0,4283.22,"Sturgis, KY, 42459",https://www.landandfarm.com/property/diverse-farm-with-multiple-lakes-and-tradewater-river-frontage-for-agricult-40469767/,,,1.0,0.827,0.286,0.5,0.5
1566,0.5803,True,landwatch,422022071,IL,Clark,312.0,1093435.0,3504.6,"West Union, IL, 62477, Clark County",https://www.landwatch.com/clark-county-illinois-recreational-property-for-sale/pid/422022071,,,1.0,0.653,0.416,0.5,0.5
1567,0.5803,True,landandfarm,36651952,IL,Clark,312.0,1093435.0,3504.6,"West Union, IL, 62477",https://www.landandfarm.com/property/large-wrp-tract-in-clark-county-along-the-wabash-river-36651952/,,,1.0,0.653,0.416,0.5,0.5
1568,0.5802,True,landwatch,426614986,OK,Jefferson,223.0,881996.0,3955.14,"Ryan, OK, 73565, Jefferson County",https://www.landwatch.com/jefferson-county-oklahoma-farms-and-ranches-for-sale/pid/426614986,,,1.0,0.753,0.341,0.5,0.5
1569,0.5802,True,landandfarm,41244867,OK,Jefferson,223.0,881996.0,3955.14,"Ryan, OK, 73565",https://www.landandfarm.com/property/mesquite-plateau-ranch-41244867/,,,1.0,0.753,0.341,0.5,0.5
1570,0.5802,True,landwatch,425730815,NE,Kimball,407.0,1500000.0,3685.5,"Kimball, NE 69145",https://www.landwatch.com/kimball-county-nebraska-farms-and-ranches-for-sale/pid/425730815,,,1.0,0.693,0.386,0.5,0.5
1571,0.5802,True,landandfarm,40360696,NE,Kimball,407.0,1500000.0,3685.5,"Kimball, NE 69145",https://www.landandfarm.com/property/407-acres-kimball-county-mader-ranch-40360696/,,,1.0,0.693,0.386,0.5,0.5
1572,0.5802,True,landwatch,422673752,TN,Hardeman,210.0,749000.0,3566.67,"Medon, TN, 38368, Hardeman County",https://www.landwatch.com/hardeman-county-tennessee-recreational-property-for-sale/pid/422673752,,,1.0,0.667,0.406,0.5,0.5
1573,0.5802,True,landandfarm,37303633,TN,Hardeman,210.0,749000.0,3566.67,"Medon, TN, 38368",https://www.landandfarm.com/property/remarkable-210-acre-tract-that-features-a-robust-stand-of-mature-timber-37303633/,,,1.0,0.667,0.406,0.5,0.5
1574,0.5801,True,landwatch,426462151,GA,Irwin,238.0,1049000.0,4407.56,"Ocilla, GA, 31774, Irwin County",https://www.landwatch.com/irwin-county-georgia-farms-and-ranches-for-sale/pid/426462151,,,1.0,0.853,0.265,0.5,0.5
1575,0.5801,True,landandfarm,41092032,GA,Irwin,238.0,1049000.0,4407.56,"Ocilla, GA, 31774",https://www.landandfarm.com/property/the-willacoochee-river-farm-41092032/,,,1.0,0.853,0.265,0.5,0.5
1576,0.5795,True,landsearch,5041735,OK,Blaine,386.0,1351000.0,3500.0,"Fay, OK 73646",https://www.landsearch.com/properties/e-820-rd-fay-ok-73646/5041735,,,1.0,0.649,0.417,0.5,0.5
1577,0.5793,True,landwatch,424721395,KS,Barber,312.0,1100000.0,3525.64,"Hazelton, KS, 67061, Barber County",https://www.landwatch.com/barber-county-kansas-farms-and-ranches-for-sale/pid/424721395,,,1.0,0.653,0.412,0.5,0.5
1578,0.5793,True,landandfarm,39351276,KS,Barber,312.0,1100000.0,3525.64,"Hazelton, KS, 67061",https://www.landandfarm.com/property/barber-county-312-acres-cropland-9-5-acre-pond-unit-16-hunting-farm-39351276/,,,1.0,0.653,0.412,0.5,0.5
1579,0.5792,True,landsearch,5187116,MO,Texas,375.0,1275000.0,3400.0,"Licking, MO 65542",https://www.landsearch.com/properties/licking-mo-65542/5187116,,,1.0,0.625,0.433,0.5,0.5
1580,0.5787,True,landsearch,4968519,OK,Coal,410.0,1535775.0,3745.79,"Coalgate, OK 74538",https://www.landsearch.com/properties/n3840-rd-coalgate-ok-74538/4968519,,,1.0,0.7,0.376,0.5,0.5
1581,0.5787,True,landandfarm,41205290,OK,Coal,410.0,1535775.0,3745.79,"Coalgate, OK, 74538",https://www.landandfarm.com/property/oklahoma-hunting-land-with-free-range-elk-41205290/,,,1.0,0.7,0.376,0.5,0.5
1582,0.5787,True,landwatch,423118046,KY,Livingston,353.0,1129600.0,3200.0,"Salem, KY, 42078, Livingston County",https://www.landwatch.com/livingston-county-kentucky-recreational-property-for-sale/pid/423118046,,,1.0,0.578,0.467,0.5,0.5
1583,0.5787,True,landandfarm,37747927,KY,Livingston,353.0,1129600.0,3200.0,"Salem, KY, 42078",https://www.landandfarm.com/property/turn-key-hunting-tract-with-established-habitat-and-improvements-37747927/,,,1.0,0.578,0.467,0.5,0.5
1584,0.5785,True,landandfarm,34348580,OK,Atoka,223.0,890000.0,3991.03,"Daisy, OK, 74540",https://www.landandfarm.com/property/223-acres-in-atoka-county-34348580/,,,1.0,0.753,0.335,0.5,0.5
1585,0.5783,True,landwatch,426314564,OK,Kingfisher,782.0,2250000.0,2877.24,"Loyal, OK, 73756, Kingfisher County",https://www.landwatch.com/kingfisher-county-oklahoma-farms-and-ranches-for-sale/pid/426314564,,,1.0,0.505,0.52,0.5,0.5
1586,0.5783,True,landandfarm,40944445,OK,Kingfisher,782.0,2250000.0,2877.24,"Loyal, OK, 73756",https://www.landandfarm.com/property/782-acres-kingfisher-county-40944445/,,,1.0,0.505,0.52,0.5,0.5
1587,0.5782,True,landwatch,425808358,AL,Wilcox,232.0,990000.0,4267.24,"Pine Apple, AL, 36768, Wilcox County",https://www.landwatch.com/wilcox-county-alabama-recreational-property-for-sale/pid/425808358,,,1.0,0.813,0.289,0.5,0.5
1588,0.5782,True,landandfarm,40438239,AL,Wilcox,232.0,990000.0,4267.24,"Pine Apple, AL, 36768",https://www.landandfarm.com/property/mt-moriah-tract-40438239/,,,1.0,0.813,0.289,0.5,0.5
1589,0.5782,True,landwatch,424624766,MI,Chippewa,363.0,1200000.0,3305.79,"Goetzville, MI, 49736, Chippewa County",https://www.landwatch.com/chippewa-county-michigan-farms-and-ranches-for-sale/pid/424624766,,,1.0,0.6,0.449,0.5,0.5
1590,0.5782,True,landandfarm,39254647,MI,Chippewa,363.0,1200000.0,3305.79,"Goetzville, MI, 49736",https://www.landandfarm.com/property/363-acres-in-eastern-upper-peninsula-39254647/,,,1.0,0.6,0.449,0.5,0.5
1591,0.5778,True,landwatch,423443952,AL,Escambia,287.0,1236164.0,4307.19,"Atmore, AL, 36502, Escambia County",https://www.landwatch.com/escambia-county-alabama-farms-and-ranches-for-sale/pid/423443952,,,1.0,0.82,0.282,0.5,0.5
1592,0.5778,True,landandfarm,38073833,AL,Escambia,287.0,1236164.0,4307.19,"Atmore, AL, 36502",https://www.landandfarm.com/property/divisible-atmore-huxford-farm-homesites-38073833/,,,1.0,0.82,0.282,0.5,0.5
1593,0.5774,True,landwatch,425763834,MI,Marquette,200.0,665000.0,3325.0,"Negaunee, MI, 49855, Marquette County",https://www.landwatch.com/marquette-county-michigan-timberland-property-for-sale/pid/425763834,,,1.0,0.6,0.446,0.5,0.5
1594,0.5774,True,landandfarm,40393715,MI,Marquette,200.0,665000.0,3325.0,"Negaunee, MI, 49855",https://www.landandfarm.com/property/county-road-492-40393715/,,,1.0,0.6,0.446,0.5,0.5
1595,0.5774,True,landsearch,4828919,NE,Furnas,742.0,2040500.0,2750.0,"Oxford, NE 68967",https://www.landsearch.com/properties/718-road-oxford-ne-68967/4828919,,,1.0,0.472,0.542,0.5,0.5
1596,0.5774,True,landwatch,424497010,NE,Furnas,742.0,2040500.0,2750.0,"Oxford, NE, 68967, Furnas County",https://www.landwatch.com/furnas-county-nebraska-farms-and-ranches-for-sale/pid/424497010,,,1.0,0.472,0.542,0.5,0.5
1597,0.5774,True,landandfarm,39126891,NE,Furnas,742.0,2040500.0,2750.0,"Oxford, NE, 68967",https://www.landandfarm.com/property/742-acres-of-grass-in-2-tracts-furnas-county-ne-39126891/,,,1.0,0.472,0.542,0.5,0.5
1598,0.577,True,landwatch,425789824,AR,Boone,837.0,2600000.0,3106.33,"Harrison, AR, 72601, Boone County",https://www.landwatch.com/boone-county-arkansas-farms-and-ranches-for-sale/pid/425789824,,,1.0,0.549,0.482,0.5,0.5
1599,0.577,True,landandfarm,40419705,AR,Boone,837.0,2600000.0,3106.33,"Harrison, AR, 72601",https://www.landandfarm.com/property/secluded-837-acre-ozark-trophy-ranch-with-lake-and-custom-home-40419705/,,,1.0,0.549,0.482,0.5,0.5
1600,0.5766,True,landwatch,425242277,TN,Dekalb,223.0,899000.0,4031.39,"Liberty, TN, 37095, DeKalb County",https://www.landwatch.com/dekalb-county-tennessee-hunting-property-for-sale/pid/425242277,,,1.0,0.753,0.328,0.5,0.5
1601,0.5766,True,landandfarm,39872158,TN,DeKalb,223.0,899000.0,4031.39,"Liberty, TN, 37095",https://www.landandfarm.com/property/223ac-on-pea-ridge-road-in-dekalb-county-tn-39872158/,,,1.0,0.753,0.328,0.5,0.5
1602,0.5765,True,landwatch,423244213,NE,Box Butte,455.0,1921891.0,4223.94,"Hemingford, NE, 69348, Box Butte County",https://www.landwatch.com/box-butte-county-nebraska-farms-and-ranches-for-sale/pid/423244213,,,1.0,0.796,0.296,0.5,0.5
1603,0.5765,True,landandfarm,37874094,NE,Box Butte,455.0,1921891.0,4223.94,"Hemingford, NE, 69348",https://www.landandfarm.com/property/triple-g-farm-group-2-37874094/,,,1.0,0.796,0.296,0.5,0.5
1604,0.5764,True,landwatch,426051629,KS,Kiowa,832.0,2579200.0,3100.0,"Mullinville, KS, 67109, Kiowa County",https://www.landwatch.com/kiowa-county-kansas-farms-and-ranches-for-sale/pid/426051629,,,1.0,0.545,0.483,0.5,0.5
1605,0.5764,True,landandfarm,40681510,KS,Kiowa,832.0,2579200.0,3100.0,"Mullinville, KS, 67109",https://www.landandfarm.com/property/832-acres-hunting-and-grazing-land-in-kiowa-county-40681510/,,,1.0,0.545,0.483,0.5,0.5
1606,0.5763,True,landwatch,423842051,AL,Dallas,400.0,1480000.0,3700.0,"Selma, AL, 36701, Dallas County",https://www.landwatch.com/dallas-county-alabama-timberland-property-for-sale/pid/423842051,,,1.0,0.678,0.383,0.5,0.5
1607,0.5763,True,landandfarm,38471932,AL,Dallas,400.0,1480000.0,3700.0,"Selma, AL, 36701",https://www.landandfarm.com/property/craig-hill-hunting-timber-tract-38471932/,,,1.0,0.678,0.383,0.5,0.5
1608,0.5762,True,landsearch,5157347,KS,Chautauqua,315.0,1102500.0,3500.0,"Peru, KS 67360",https://www.landsearch.com/properties/peru-ks-67360/5157347,,,1.0,0.633,0.417,0.5,0.5
1609,0.5762,True,landwatch,420282084,VA,Surry,483.0,2150000.0,4451.35,"Surry, VA, 23883, Surry County",https://www.landwatch.com/surry-county-virginia-recreational-property-for-sale/pid/420282084,,,1.0,0.845,0.258,0.5,0.5
1610,0.5762,True,landandfarm,34911964,VA,Surry,483.0,2150000.0,4451.35,"Surry, VA, 23883",https://www.landandfarm.com/property/rolfe-highway-483-acres-34911964/,,,1.0,0.845,0.258,0.5,0.5
1611,0.5761,True,landwatch,418483928,MI,Iron,728.0,1984000.0,2725.27,"Iron River, MI, 49935, Iron County",https://www.landwatch.com/iron-county-michigan-undeveloped-land-for-sale/pid/418483928,,,1.0,0.461,0.546,0.5,0.5
1612,0.5761,True,landandfarm,33113808,MI,Iron,728.0,1984000.0,2725.27,"Iron River, MI, 49935",https://www.landandfarm.com/property/vacant-land-iron-river-mi-33113808/,,,1.0,0.461,0.546,0.5,0.5
1613,0.5761,True,landwatch,426106628,NC,Halifax,298.0,1195640.0,4012.21,"Enfield, NC, 27823, Halifax County",https://www.landwatch.com/halifax-county-north-carolina-farms-and-ranches-for-sale/pid/426106628,,,1.0,0.747,0.331,0.5,0.5
1614,0.5761,True,landandfarm,40736509,NC,Halifax,298.0,1195640.0,4012.21,"Enfield, NC, 27823",https://www.landandfarm.com/property/prime-recreational-agricultural-and-development-opportunity-40736509/,,,1.0,0.747,0.331,0.5,0.5
1615,0.576,True,landwatch,425784102,IL,Pope,236.0,1046600.0,4434.75,"Eddyville, IL, 62928, Pope County",https://www.landwatch.com/pope-county-illinois-farms-and-ranches-for-sale/pid/425784102,,,1.0,0.84,0.261,0.5,0.5
1616,0.576,True,landandfarm,40413983,IL,Pope,236.0,1046600.0,4434.75,"Eddyville, IL, 62928",https://www.landandfarm.com/property/236-acre-pope-co-trophy-farm-40413983/,,,1.0,0.84,0.261,0.5,0.5
1617,0.5757,True,landwatch,424470936,PA,Huntingdon,215.0,819000.0,3809.3,"Robertsdale, PA, 16674, Huntingdon County",https://www.landwatch.com/huntingdon-county-pennsylvania-undeveloped-land-for-sale/pid/424470936,,,1.0,0.7,0.365,0.5,0.5
1618,0.5757,True,landandfarm,39100817,PA,Huntingdon,215.0,819000.0,3809.3,"Robertsdale, PA, 16674",https://www.landandfarm.com/property/land-robertsdale-pa-39100817/,,,1.0,0.7,0.365,0.5,0.5
1619,0.5757,True,landwatch,426604633,AL,Dallas,430.0,1720000.0,4000.0,"Marion Junction, AL, 36759, Dallas County",https://www.landwatch.com/dallas-county-alabama-recreational-property-for-sale/pid/426604633,,,1.0,0.742,0.333,0.5,0.5
1620,0.5757,True,landandfarm,41234514,AL,Dallas,430.0,1720000.0,4000.0,"Marion Junction, AL, 36759",https://www.landandfarm.com/property/cahaba-river-430-hunting-and-recreation-tract-41234514/,,,1.0,0.742,0.333,0.5,0.5
1621,0.5757,True,landwatch,426430191,OH,Morgan,225.0,925000.0,4111.11,"Beverly, OH, 45715, Morgan County",https://www.landwatch.com/morgan-county-ohio-recreational-property-for-sale/pid/426430191,,,1.0,0.767,0.315,0.5,0.5
1622,0.5757,True,landandfarm,41060072,OH,Morgan,225.0,925000.0,4111.11,"Beverly, OH, 45715",https://www.landandfarm.com/property/morgan-county-ohio-land-for-sale-41060072/,,,1.0,0.767,0.315,0.5,0.5
1623,0.5754,True,landwatch,426568929,MN,Crow Wing,568.0,2074900.0,3652.99,"Emily, MN, 56447, Crow Wing County",https://www.landwatch.com/crow-wing-county-minnesota-hunting-property-for-sale/pid/426568929,,,1.0,0.663,0.391,0.5,0.5
1624,0.5754,True,landandfarm,41198810,MN,Crow Wing,568.0,2074900.0,3652.99,"Emily, MN, 56447",https://www.landandfarm.com/property/little-pine-lodge-41198810/,,,1.0,0.663,0.391,0.5,0.5
1625,0.5753,True,landwatch,422215088,KS,Chautauqua,316.0,1102500.0,3488.92,"Peru, KS, 67360, Chautauqua County",https://www.landwatch.com/chautauqua-county-kansas-farms-and-ranches-for-sale/pid/422215088,,,1.0,0.627,0.419,0.5,0.5
1626,0.5753,True,landandfarm,36844969,KS,Chautauqua,316.0,1102500.0,3488.92,"Peru, KS, 67360",https://www.landandfarm.com/property/turnkey-deer-hunt-tract-36844969/,,,1.0,0.627,0.419,0.5,0.5
1627,0.5751,True,landwatch,424372071,MS,Prentiss,640.0,1900000.0,2968.75,"Booneville, MS, 38829, Prentiss County",https://www.landwatch.com/prentiss-county-mississippi-farms-and-ranches-for-sale/pid/424372071,,,1.0,0.51,0.505,0.5,0.5
1628,0.5751,True,landandfarm,39001952,MS,Prentiss,640.0,1900000.0,2968.75,"Booneville, MS, 38829",https://www.landandfarm.com/property/everything-you-need-39001952/,,,1.0,0.51,0.505,0.5,0.5
1629,0.5749,True,landwatch,423612469,VA,Franklin,669.0,1695000.0,2533.63,"Callaway, VA, 24067, Franklin County",https://www.landwatch.com/franklin-county-virginia-recreational-property-for-sale/pid/423612469,,,1.0,0.413,0.578,0.5,0.5
1630,0.5749,True,landandfarm,38242350,VA,Franklin,669.0,1695000.0,2533.63,"Callaway, VA, 24067",https://www.landandfarm.com/property/hunting-club-land-38242350/,,,1.0,0.413,0.578,0.5,0.5
1631,0.5748,True,landwatch,419467289,OK,Payne,480.0,2160000.0,4500.0,"Cushing, OK, 74023, Payne County",https://www.landwatch.com/payne-county-oklahoma-farms-and-ranches-for-sale/pid/419467289,,,1.0,0.849,0.25,0.5,0.5
1632,0.5748,True,landandfarm,34097169,OK,Payne,480.0,2160000.0,4500.0,"Cushing, OK, 74023",https://www.landandfarm.com/property/turkey-creek-ranch-34097169/,,,1.0,0.849,0.25,0.5,0.5
1633,0.5748,True,landwatch,426323943,KS,Harper,638.0,1910211.0,2994.06,"Waldron, KS, 67150, Harper County",https://www.landwatch.com/harper-county-kansas-farms-and-ranches-for-sale/pid/426323943,,,1.0,0.514,0.501,0.5,0.5
1634,0.5748,True,landandfarm,40953824,KS,Harper,638.0,1910211.0,2994.06,"Waldron, KS, 67150",https://www.landandfarm.com/property/harper-county-hunting-land-along-sandy-creek-40953824/,,,1.0,0.514,0.501,0.5,0.5
1635,0.5745,True,landwatch,425841169,AL,Dale,279.0,1287750.0,4615.59,"Ozark, AL, 36360, Dale County",https://www.landwatch.com/dale-county-alabama-recreational-property-for-sale/pid/425841169,,,1.0,0.873,0.231,0.5,0.5
1636,0.5745,True,landandfarm,40471050,AL,Dale,279.0,1287750.0,4615.59,"Ozark, AL, 36360",https://www.landandfarm.com/property/279-acres-dale-county-alabama-little-claybank-tract-40471050/,,,1.0,0.873,0.231,0.5,0.5
1637,0.5744,True,landwatch,422204922,TN,Hardin,215.0,824999.0,3837.2,"Saltillo, TN, 38370, Hardin County",https://www.landwatch.com/hardin-county-tennessee-undeveloped-land-for-sale/pid/422204922,,,1.0,0.7,0.36,0.5,0.5
1638,0.5744,True,landandfarm,36834803,TN,Hardin,215.0,824999.0,3837.2,"Saltillo, TN, 38370",https://www.landandfarm.com/property/215-acres-to-hunt-or-homestead-in-hardin-county-tn-36834803/,,,1.0,0.7,0.36,0.5,0.5
1639,0.5744,True,landsearch,5209825,TN,Benton,739.0,2070000.0,2801.08,"Big Sandy, TN 38221",https://www.landsearch.com/properties/sandys-camp-rd-big-sandy-tn-38221/5209825,,,1.0,0.47,0.533,0.5,0.5
1640,0.5742,True,landwatch,421911359,MO,New Madrid,668.0,1700850.0,2546.18,"Portageville, MO, 63873, New Madrid County",https://www.landwatch.com/new-madrid-county-missouri-hunting-property-for-sale/pid/421911359,,,1.0,0.412,0.576,0.5,0.5
1641,0.5742,True,landandfarm,36541240,MO,New Madrid,668.0,1700850.0,2546.18,"Portageville, MO, 63873",https://www.landandfarm.com/property/waterfowl-club-36541240/,,,1.0,0.412,0.576,0.5,0.5
1642,0.574,True,landandfarm,40299101,GA,Wayne,230.0,987850.0,4295.0,"Odum, GA, 31555",https://www.landandfarm.com/property/premier-recreational-timber-investment-40299101/,,,1.0,0.8,0.284,0.5,0.5
1643,0.574,True,landwatch,424591842,GA,Screven,447.0,1877400.0,4200.0,"Newington, GA, 30446, Screven County",https://www.landwatch.com/screven-county-georgia-recreational-property-for-sale/pid/424591842,,,1.0,0.779,0.3,0.5,0.5
1644,0.574,True,landandfarm,39221723,GA,Screven,447.0,1877400.0,4200.0,"Newington, GA, 30446",https://www.landandfarm.com/property/runs-branch-plantation-39221723/,,,1.0,0.779,0.3,0.5,0.5
1645,0.5739,True,landsearch,5062211,NE,Holt,400.0,1500000.0,3750.0,"Ewing, NE 68735",https://www.landsearch.com/properties/502nd-ave-ewing-ne-68735/5062211,,,1.0,0.678,0.375,0.5,0.5
1646,0.5739,True,landwatch,425919851,NE,Holt,400.0,1500000.0,3750.0,"Ewing, NE, 68735, Holt County",https://www.landwatch.com/holt-county-nebraska-farms-and-ranches-for-sale/pid/425919851,,,1.0,0.678,0.375,0.5,0.5
1647,0.5739,True,landandfarm,40549732,NE,Holt,400.0,1500000.0,3750.0,"Ewing, NE, 68735",https://www.landandfarm.com/property/listing-19145-400-00-acres-in-holt-county-ne-40549732/,,,1.0,0.678,0.375,0.5,0.5
1648,0.5738,True,landwatch,426397065,MS,Claiborne,315.0,1118250.0,3550.0,"Port Gibson, MS, 39150, Claiborne County",https://www.landwatch.com/claiborne-county-mississippi-recreational-property-for-sale/pid/426397065,,,1.0,0.633,0.408,0.5,0.5
1649,0.5738,True,landandfarm,41026946,MS,Claiborne,315.0,1118250.0,3550.0,"Port Gibson, MS, 39150",https://www.landandfarm.com/property/claiborne-315-trophy-hunt-41026946/,,,1.0,0.633,0.408,0.5,0.5
1650,0.5736,True,landwatch,422996252,GA,Atkinson,335.0,1049900.0,3134.03,"Willacoochee, GA, 31650, Atkinson County",https://www.landwatch.com/atkinson-county-georgia-recreational-property-for-sale/pid/422996252,,,1.0,0.54,0.478,0.5,0.5
1651,0.5734,True,landsearch,4296170,AL,Autauga,267.0,1334650.0,4998.69,"Deatsville, AL 36022",https://www.landsearch.com/properties/bond-rd-deatsville-al-36022/4296170,,,1.0,0.953,0.167,0.5,0.5
1652,0.5734,True,landsearch,5227974,NE,Merrick,449.0,1900000.0,4231.63,"Central City, NE 68827",https://www.landsearch.com/properties/1304-lone-tree-rd-central-city-ne-68827/5227974,,,1.0,0.783,0.295,0.5,0.5
1653,0.5734,True,landwatch,426547590,NE,Merrick,449.0,1900000.0,4231.63,"Central City, NE, 68827, Merrick County",https://www.landwatch.com/merrick-county-nebraska-farms-and-ranches-for-sale/pid/426547590,,,1.0,0.783,0.295,0.5,0.5
1654,0.5734,True,landandfarm,41177471,NE,Merrick,449.0,1900000.0,4231.63,"Central City, NE, 68827",https://www.landandfarm.com/property/platte-river-paradise-41177471/,,,1.0,0.783,0.295,0.5,0.5
1655,0.5733,True,landandfarm,32966792,OK,McIntosh,203.0,710500.0,3500.0,"Hanna, OK, 74845",https://www.landandfarm.com/property/river-trails-ranch-32966792/,,,1.0,0.62,0.417,0.5,0.5
1656,0.5732,True,landsearch,5066882,TX,Red River,228.0,969705.0,4253.09,"Detroit, TX 75436",https://www.landsearch.com/properties/1200-county-road-1255-detroit-tx-75436/5066882,,,1.0,0.787,0.291,0.5,0.5
1657,0.5729,True,landwatch,425045544,VA,Spotsylvania,439.0,1820000.0,4145.79,"Spotsylvania, VA, 22551, Spotsylvania County",https://www.landwatch.com/spotsylvania-county-virginia-recreational-property-for-sale/pid/425045544,,,1.0,0.762,0.309,0.5,0.5
1658,0.5729,True,landandfarm,39675425,VA,Spotsylvania,439.0,1820000.0,4145.79,"Spotsylvania, VA, 22551",https://www.landandfarm.com/property/grand-brooks-road-439-acres-39675425/,,,1.0,0.762,0.309,0.5,0.5
1659,0.5727,True,landwatch,419771821,OK,Okfuskee,538.0,2150000.0,3996.28,"Pharoah, OK, 74437, Okfuskee County",https://www.landwatch.com/okfuskee-county-oklahoma-farms-and-ranches-for-sale/pid/419771821,,,1.0,0.727,0.334,0.5,0.5
1660,0.5727,True,landandfarm,34401701,OK,Okfuskee,538.0,2150000.0,3996.28,"Pharoah, OK, 74437",https://www.landandfarm.com/property/pecan-valley-ranch-34401701/,,,1.0,0.727,0.334,0.5,0.5
1661,0.5727,True,landwatch,423031258,NC,Craven,263.0,1350000.0,5133.08,"Kinston, NC, 28501, Craven County",https://www.landwatch.com/craven-county-north-carolina-farms-and-ranches-for-sale/pid/423031258,,,1.0,0.98,0.144,0.5,0.5
1662,0.5727,True,landandfarm,37661139,NC,Craven,263.0,1350000.0,5133.08,"Kinston, NC, 28501",https://www.landandfarm.com/property/craven-county-263-acre-farm-and-hog-operation-37661139/,,,1.0,0.98,0.144,0.5,0.5
1663,0.5726,True,landwatch,426572952,OH,Brown,291.0,1249900.0,4295.19,"Ripley, OH, 45167, Brown County",https://www.landwatch.com/brown-county-ohio-farms-and-ranches-for-sale/pid/426572952,,,1.0,0.793,0.284,0.5,0.5
1664,0.5726,True,landandfarm,41202833,OH,Brown,291.0,1249900.0,4295.19,"Ripley, OH, 45167",https://www.landandfarm.com/property/291-acres-brown-county-ohio-w-140x46-commercial-grade-livestock-barn-41202833/,,,1.0,0.793,0.284,0.5,0.5
1665,0.5726,True,landandfarm,40598540,AL,Dallas,361.0,1228842.0,3403.99,"Minter, AL, 36761",https://www.landandfarm.com/property/the-black-belt-minter-cedar-creek-tract-40598540/,,,1.0,0.595,0.433,0.5,0.5
1666,0.5726,True,landwatch,426063207,NY,Oswego,219.0,875000.0,3995.43,"Lacona, NY, 13083, Oswego County",https://www.landwatch.com/oswego-county-new-york-farms-and-ranches-for-sale/pid/426063207,,,1.0,0.727,0.334,0.5,0.5
1667,0.5726,True,landwatch,425498581,NY,Oswego,219.0,875000.0,3995.43,"Lacona, NY, 13083, Oswego County",https://www.landwatch.com/oswego-county-new-york-lakefront-property-for-sale/pid/425498581,,,1.0,0.727,0.334,0.5,0.5
1668,0.5726,True,landandfarm,40693088,NY,Oswego,219.0,875000.0,3995.43,"Lacona, NY, 13083",https://www.landandfarm.com/property/farms-other-lacona-ny-40693088/,,,1.0,0.727,0.334,0.5,0.5
1669,0.5726,True,landandfarm,40128462,NY,Oswego,219.0,875000.0,3995.43,"Lacona, NY, 13083",https://www.landandfarm.com/property/single-family-other-lacona-ny-40128462/,,,1.0,0.727,0.334,0.5,0.5
1670,0.5726,True,landwatch,424336789,KY,Carter,643.0,1600000.0,2488.34,"Hitchins, KY, 41146, Carter County",https://www.landwatch.com/carter-county-kentucky-farms-and-ranches-for-sale/pid/424336789,,,1.0,0.392,0.585,0.5,0.5
1671,0.5726,True,landandfarm,38966670,KY,Carter,643.0,1600000.0,2488.34,"Hitchins, KY, 41146",https://www.landandfarm.com/property/farms-hitchins-ky-38966670/,,,1.0,0.392,0.585,0.5,0.5
1672,0.5725,True,landwatch,426200241,IL,Johnson,486.0,2187000.0,4500.0,"Vienna, IL, 62995, Johnson County",https://www.landwatch.com/johnson-county-illinois-farms-and-ranches-for-sale/pid/426200241,,,1.0,0.838,0.25,0.5,0.5
1673,0.5725,True,landandfarm,40830122,IL,Johnson,486.0,2187000.0,4500.0,"Vienna, IL, 62995",https://www.landandfarm.com/property/income-producing-farm-w-barn-prime-hunting-build-sites-johnson-county-40830122/,,,1.0,0.838,0.25,0.5,0.5
1674,0.5722,True,landwatch,424864977,NE,Antelope,271.0,1329050.0,4904.24,"Oakdale, NE, 68761, Antelope County",https://www.landwatch.com/antelope-county-nebraska-recreational-property-for-sale/pid/424864977,,,1.0,0.927,0.183,0.5,0.5
1675,0.5722,True,landandfarm,39494858,NE,Antelope,271.0,1329050.0,4904.24,"Oakdale, NE, 68761",https://www.landandfarm.com/property/buck-river-recreational-property-39494858/,,,1.0,0.927,0.183,0.5,0.5
1676,0.572,True,landwatch,424436566,PA,Tioga,230.0,997900.0,4338.7,"Westfield, PA, 16950, Tioga County",https://www.landwatch.com/tioga-county-pennsylvania-farms-and-ranches-for-sale/pid/424436566,,,1.0,0.8,0.277,0.5,0.5
1677,0.572,True,landwatch,423210829,PA,Tioga,230.0,997900.0,4338.7,"Westfield, PA, 16950, Tioga County",https://www.landwatch.com/tioga-county-pennsylvania-farms-and-ranches-for-sale/pid/423210829,,,1.0,0.8,0.277,0.5,0.5
1678,0.572,True,landandfarm,39066447,PA,Tioga,230.0,997900.0,4338.7,"Westfield, PA, 16950",https://www.landandfarm.com/property/farms-westfield-pa-39066447/,,,1.0,0.8,0.277,0.5,0.5
1679,0.572,True,landandfarm,37840710,PA,Tioga,230.0,997900.0,4338.7,"Westfield, PA, 16950",https://www.landandfarm.com/property/farm-westfield-pa-37840710/,,,1.0,0.8,0.277,0.5,0.5
1680,0.5719,True,landwatch,425180955,OK,Carter,280.0,1299000.0,4639.29,"Wilson, OK, 73401, Carter County",https://www.landwatch.com/carter-county-oklahoma-farms-and-ranches-for-sale/pid/425180955,,,1.0,0.867,0.227,0.5,0.5
1681,0.5719,True,landandfarm,39810836,OK,Carter,280.0,1299000.0,4639.29,"Wilson, OK, 73401",https://www.landandfarm.com/property/280-acres-of-prime-hunting-recreation-in-carter-county-oklahoma-39810836/,,,1.0,0.867,0.227,0.5,0.5
1682,0.5716,True,landwatch,424913806,KS,Chautauqua,363.0,1250000.0,3443.53,"Peru, KS, 67360, Chautauqua County",https://www.landwatch.com/chautauqua-county-kansas-farms-and-ranches-for-sale/pid/424913806,,,1.0,0.6,0.426,0.5,0.5
1683,0.5716,True,landandfarm,39543687,KS,Chautauqua,363.0,1250000.0,3443.53,"Peru, KS, 67360",https://www.landandfarm.com/property/a-legacy-of-land-and-lasting-memories-in-southern-chautauqua-county-39543687/,,,1.0,0.6,0.426,0.5,0.5
1684,0.5714,True,landwatch,424999160,GA,Laurens,215.0,838500.0,3900.0,"Dublin, GA, 31021, Laurens County",https://www.landwatch.com/laurens-county-georgia-recreational-property-for-sale/pid/424999160,,,1.0,0.7,0.35,0.5,0.5
1685,0.5714,True,landwatch,425292464,NC,Sampson,235.0,1057500.0,4500.0,"Rose Hill, NC, 28458, Sampson County",https://www.landwatch.com/sampson-county-north-carolina-recreational-property-for-sale/pid/425292464,,,1.0,0.833,0.25,0.5,0.5
1686,0.5714,True,landandfarm,39629041,GA,Laurens,215.0,838500.0,3900.0,"Dublin, GA, 31021",https://www.landandfarm.com/property/laurens-ponds-pines-39629041/,,,1.0,0.7,0.35,0.5,0.5
1687,0.5714,True,landandfarm,39922345,NC,Sampson,235.0,1057500.0,4500.0,"Rose Hill, NC, 28458",https://www.landandfarm.com/property/sanderson-harrell-family-tract-39922345/,,,1.0,0.833,0.25,0.5,0.5
1688,0.5712,True,landwatch,426619972,GA,Camden,397.0,1500000.0,3778.34,"Waverly, GA, 31565, Camden County",https://www.landwatch.com/camden-county-georgia-recreational-property-for-sale/pid/426619972,,,1.0,0.672,0.37,0.5,0.5
1689,0.5712,True,landandfarm,41249853,GA,Camden,397.0,1500000.0,3778.34,"Waverly, GA, 31565",https://www.landandfarm.com/property/quarterman-creek-preserve-41249853/,,,1.0,0.672,0.37,0.5,0.5
1690,0.5711,True,landandfarm,38263035,AL,Marengo,206.0,749000.0,3635.92,"Sweet Water, AL, 36782",https://www.landandfarm.com/property/206-ac-marengo-county-campground-tract-1-38263035/,,,1.0,0.64,0.394,0.5,0.5
1691,0.5707,True,landwatch,425843320,VA,Cumberland,446.0,1900000.0,4260.09,"Cumberland, VA, 23040, Cumberland County",https://www.landwatch.com/cumberland-county-virginia-recreational-property-for-sale/pid/425843320,,,1.0,0.776,0.29,0.5,0.5
1692,0.5707,True,landandfarm,40473201,VA,Cumberland,446.0,1900000.0,4260.09,"Cumberland, VA, 23040",https://www.landandfarm.com/property/anderson-highway-446-acres-40473201/,,,1.0,0.776,0.29,0.5,0.5
1693,0.57,True,landsearch,4950109,MS,Amite,283.0,1299000.0,4590.11,"Liberty, MS 39645",https://www.landsearch.com/properties/3448-lower-centreville-rd-liberty-ms-39645/4950109,,,1.0,0.847,0.235,0.5,0.5
1694,0.57,True,landwatch,425518683,VA,Charlotte,359.0,1235000.0,3440.11,"Phenix, VA, 23959, Charlotte County",https://www.landwatch.com/charlotte-county-virginia-recreational-property-for-sale/pid/425518683,,,1.0,0.591,0.427,0.5,0.5
1695,0.57,True,landandfarm,40148564,VA,Charlotte,359.0,1235000.0,3440.11,"Phenix, VA, 23959",https://www.landandfarm.com/property/aspenwall-rd-deaner-breedlove-358-acres-40148564/,,,1.0,0.591,0.427,0.5,0.5
1696,0.5694,True,landsearch,5175010,AR,Little River,395.0,1500000.0,3797.47,"Foreman, AR 71836",https://www.landsearch.com/properties/foreman-ar-71836/5175010,,,1.0,0.668,0.367,0.5,0.5
1697,0.5694,True,landandfarm,40964666,AR,Little River,395.0,1500000.0,3797.47,"Foreman, AR, 71836",https://www.landandfarm.com/property/walnut-bayou-hunting-ranch-40964666/,,,1.0,0.668,0.367,0.5,0.5
1698,0.5693,True,landwatch,423484363,VA,Louisa,264.0,1366252.0,5175.2,"Louisa, VA, 23093, Louisa County",https://www.landwatch.com/louisa-county-virginia-recreational-property-for-sale/pid/423484363,,,1.0,0.973,0.137,0.5,0.5
1699,0.5693,True,landandfarm,38114244,VA,Louisa,264.0,1366252.0,5175.2,"Louisa, VA, 23093",https://www.landandfarm.com/property/b962-dtof-louisa-38114244/,,,1.0,0.973,0.137,0.5,0.5
1700,0.5692,True,landwatch,425183781,WI,Sawyer,380.0,1390000.0,3657.89,"Winter, WI, 54896, Sawyer County",https://www.landwatch.com/sawyer-county-wisconsin-farms-and-ranches-for-sale/pid/425183781,,,1.0,0.636,0.39,0.5,0.5
1701,0.5692,True,landandfarm,39813662,WI,Sawyer,380.0,1390000.0,3657.89,"Winter, WI, 54896",https://www.landandfarm.com/property/turnkey-northern-wisconsin-hunting-camp-and-home-near-flambeau-river-39813662/,,,1.0,0.636,0.39,0.5,0.5
1702,0.5691,True,landwatch,425038841,MO,Benton,270.0,1349900.0,4999.63,"Lincoln, MO, 65338, Benton County",https://www.landwatch.com/benton-county-missouri-farms-and-ranches-for-sale/pid/425038841,,,1.0,0.933,0.167,0.5,0.5
1703,0.5691,True,landandfarm,39668722,MO,Benton,270.0,1349900.0,4999.63,"Lincoln, MO, 65338",https://www.landandfarm.com/property/269-5-acres-with-duran-creek-and-multiple-branches-and-ponds-39668722/,,,1.0,0.933,0.167,0.5,0.5
1704,0.569,True,landwatch,424322246,OK,Cimarron,320.0,1120000.0,3500.0,"Griggs, OK, 73949, Cimarron County",https://www.landwatch.com/cimarron-county-oklahoma-farms-and-ranches-for-sale/pid/424322246,,,1.0,0.6,0.417,0.5,0.5
1705,0.569,True,landwatch,421179028,AR,Saline,200.0,700000.0,3500.0,"Haskell, AR, 72015, Saline County",https://www.landwatch.com/saline-county-arkansas-recreational-property-for-sale/pid/421179028,,,1.0,0.6,0.417,0.5,0.5
1706,0.569,True,landwatch,425368322,NE,Holt,320.0,1120000.0,3500.0,"Emmet, NE, 68734, Holt County",https://www.landwatch.com/holt-county-nebraska-farms-and-ranches-for-sale/pid/425368322,,,1.0,0.6,0.417,0.5,0.5
1707,0.569,True,landwatch,425750459,ND,Grant,200.0,700000.0,3500.0,"Hebron, ND, 58638, Grant County",https://www.landwatch.com/grant-county-north-dakota-farms-and-ranches-for-sale/pid/425750459,,,1.0,0.6,0.417,0.5,0.5
1708,0.569,True,landandfarm,38952127,OK,Cimarron,320.0,1120000.0,3500.0,"Griggs, OK, 73949",https://www.landandfarm.com/property/se-cimarron-co-irrigated-320-38952127/,,,1.0,0.6,0.417,0.5,0.5
1709,0.569,True,landandfarm,35808908,AR,Saline,200.0,700000.0,3500.0,"Haskell, AR, 72015",https://www.landandfarm.com/property/saline-county-haskell-timber-wildlife-tracts-35808908/,,,1.0,0.6,0.417,0.5,0.5
1710,0.569,True,landandfarm,39998203,NE,Holt,320.0,1120000.0,3500.0,"Emmet, NE, 68734",https://www.landandfarm.com/property/320-acres-holt-county-nebraska-39998203/,,,1.0,0.6,0.417,0.5,0.5
1711,0.569,True,landandfarm,40380340,ND,Grant,200.0,700000.0,3500.0,"Hebron, ND, 58638",https://www.landandfarm.com/property/hebron-hunting-hideaway-200a-40380340/,,,1.0,0.6,0.417,0.5,0.5
1712,0.569,True,landwatch,425900968,TN,Henry,358.0,1235307.0,3450.58,"Puryear, TN, 38251, Henry County",https://www.landwatch.com/henry-county-tennessee-recreational-property-for-sale/pid/425900968,,,1.0,0.589,0.425,0.5,0.5
1713,0.569,True,landandfarm,40530849,TN,Henry,358.0,1235307.0,3450.58,"Puryear, TN, 38251",https://www.landandfarm.com/property/358-acres-hunting-land-henry-county-tn-40530849/,,,1.0,0.589,0.425,0.5,0.5
1714,0.5689,True,landandfarm,41242330,TN,Hardeman,215.0,849999.0,3953.48,"Toone, TN, 38381",https://www.landandfarm.com/property/toone-215-41242330/,,,1.0,0.7,0.341,0.5,0.5
1715,0.5688,True,landwatch,423409173,MO,Ozark,275.0,1335000.0,4854.55,"Theodosia, MO, 65761, Ozark County",https://www.landwatch.com/ozark-county-missouri-recreational-property-for-sale/pid/423409173,,,1.0,0.9,0.191,0.5,0.5
1716,0.5688,True,landandfarm,38039054,MO,Ozark,275.0,1335000.0,4854.55,"Theodosia, MO, 65761",https://www.landandfarm.com/property/custom-brick-home-on-275-acres-in-southern-missouri-38039054/,,,1.0,0.9,0.191,0.5,0.5
1717,0.5685,True,landwatch,422841785,OK,Haskell,691.0,1900000.0,2749.64,"Stigler, OK, 74462, Haskell County",https://www.landwatch.com/haskell-county-oklahoma-farms-and-ranches-for-sale/pid/422841785,,,1.0,0.431,0.542,0.5,0.5
1718,0.5685,True,landandfarm,37471666,OK,Haskell,691.0,1900000.0,2749.64,"Stigler, OK, 74462",https://www.landandfarm.com/property/canadian-river-691-37471666/,,,1.0,0.431,0.542,0.5,0.5
1719,0.5684,True,landwatch,422675309,NE,Brown,640.0,1990000.0,3109.38,"Ainsworth, NE, 69210, Brown County",https://www.landwatch.com/brown-county-nebraska-hunting-property-for-sale/pid/422675309,,,1.0,0.51,0.482,0.5,0.5
1720,0.5684,True,landandfarm,37305190,NE,Brown,640.0,1990000.0,3109.38,"Ainsworth, NE, 69210",https://www.landandfarm.com/property/niobrara-river-hunting-paradise-37305190/,,,1.0,0.51,0.482,0.5,0.5
1721,0.5683,True,landwatch,423739148,MO,Dallas,297.0,1249000.0,4205.39,"Long Lane, MO, 65590, Dallas County",https://www.landwatch.com/dallas-county-missouri-recreational-property-for-sale/pid/423739148,,,1.0,0.753,0.299,0.5,0.5
1722,0.5683,True,landandfarm,38369029,MO,Dallas,297.0,1249000.0,4205.39,"Long Lane, MO, 65590",https://www.landandfarm.com/property/premier-hunting-acreage-with-custom-home-38369029/,,,1.0,0.753,0.299,0.5,0.5
1723,0.5683,True,landwatch,425611674,OK,Okfuskee,321.0,998631.0,3111.0,"Okemah, OK, 74859, Okfuskee County",https://www.landwatch.com/okfuskee-county-oklahoma-farms-and-ranches-for-sale/pid/425611674,,,1.0,0.51,0.482,0.5,0.5
1724,0.5681,True,landandfarm,37832265,GA,Taylor,216.0,864000.0,4000.0,"Rupert, GA, 31081",https://www.landandfarm.com/property/ag-land-with-multiple-opportunities-37832265/,,,1.0,0.707,0.333,0.5,0.5
1725,0.568,True,landwatch,423508066,KS,Morton,566.0,2166000.0,3826.86,"Rolla, KS, 67954, Morton County",https://www.landwatch.com/morton-county-kansas-farms-and-ranches-for-sale/pid/423508066,,,1.0,0.668,0.362,0.5,0.5
1726,0.568,True,landandfarm,38137947,KS,Morton,566.0,2166000.0,3826.86,"Rolla, KS, 67954",https://www.landandfarm.com/property/kallenbach-irrigated-farm-38137947/,,,1.0,0.668,0.362,0.5,0.5
1727,0.5678,True,landwatch,425906953,MO,Benton,288.0,1292000.0,4486.11,"Edwards, MO, 65326, Benton County",https://www.landwatch.com/benton-county-missouri-farms-and-ranches-for-sale/pid/425906953,,,1.0,0.813,0.252,0.5,0.5
1728,0.5678,True,landandfarm,40536834,MO,Benton,288.0,1292000.0,4486.11,"Edwards, MO, 65326",https://www.landandfarm.com/property/tbd-knobby-creek-ln-edwards-mo-40536834/,,,1.0,0.813,0.252,0.5,0.5
1729,0.5671,True,landwatch,426361384,VA,Northampton,476.0,2200000.0,4621.85,"Cape Charles, VA, 23310, Northampton County",https://www.landwatch.com/northampton-county-virginia-undeveloped-land-for-sale/pid/426361384,,,1.0,0.84,0.23,0.5,0.5
1730,0.5671,True,landandfarm,40991265,VA,Northampton,476.0,2200000.0,4621.85,"Cape Charles, VA, 23310",https://www.landandfarm.com/property/land-cape-charles-va-40991265/,,,1.0,0.84,0.23,0.5,0.5
1731,0.5671,True,landwatch,422314466,KS,Barber,668.0,1800000.0,2694.61,"Lake City, KS, 67071, Barber County",https://www.landwatch.com/barber-county-kansas-farms-and-ranches-for-sale/pid/422314466,,,1.0,0.412,0.551,0.5,0.5
1732,0.5671,True,landandfarm,36944347,KS,Barber,668.0,1800000.0,2694.61,"Lake City, KS, 67071",https://www.landandfarm.com/property/little-bear-creek-ranch-36944347/,,,1.0,0.412,0.551,0.5,0.5
1733,0.567,True,landsearch,5087368,OK,Grant,320.0,1134000.0,3543.75,"Medford, OK 73759",https://www.landsearch.com/properties/33201-county-road-920-medford-ok-73759/5087368,,,1.0,0.6,0.409,0.5,0.5
1734,0.567,True,landwatch,425917995,OK,Grant,320.0,1134000.0,3543.75,"Medford, OK, 73759, Grant County",https://www.landwatch.com/grant-county-oklahoma-farms-and-ranches-for-sale/pid/425917995,,,1.0,0.6,0.409,0.5,0.5
1735,0.567,True,landandfarm,40547876,OK,Grant,320.0,1134000.0,3543.75,"Medford, OK, 73759",https://www.landandfarm.com/property/mixed-use-homestead-farm-40547876/,,,1.0,0.6,0.409,0.5,0.5
1736,0.5667,True,landwatch,425507910,MO,Putnam,240.0,1140000.0,4750.0,"Unionville, MO, 63565, Putnam County",https://www.landwatch.com/putnam-county-missouri-farms-and-ranches-for-sale/pid/425507910,,,1.0,0.867,0.208,0.5,0.5
1737,0.5667,True,landandfarm,40137791,MO,Putnam,240.0,1140000.0,4750.0,"Unionville, MO, 63565",https://www.landandfarm.com/property/scenic-secluded-recreational-hunting-farm-with-cabin-in-putnam-county-miss-40137791/,,,1.0,0.867,0.208,0.5,0.5
1738,0.5666,True,landsearch,5211987,KY,Greenup,694.0,1943200.0,2800.0,"Argillite, KY 41121",https://www.landsearch.com/properties/694a-tunnel-ridge-rd-argillite-ky-41121/5211987,,,1.0,0.433,0.533,0.5,0.5
1739,0.5661,True,landsearch,5083614,MS,Marshall,452.0,1995000.0,4413.72,"Holly Springs, MS 38635",https://www.landsearch.com/properties/holly-springs-ms-38635/5083614,,,1.0,0.789,0.264,0.5,0.5
1740,0.5661,True,landwatch,425732496,MS,Marshall,452.0,1995000.0,4413.72,"Holly Springs, MS, 38635, Marshall County",https://www.landwatch.com/marshall-county-mississippi-recreational-property-for-sale/pid/425732496,,,1.0,0.789,0.264,0.5,0.5
1741,0.5661,True,landandfarm,40362377,MS,Marshall,452.0,1995000.0,4413.72,"Holly Springs, MS, 38635",https://www.landandfarm.com/property/pigeon-roost-creek-farm-marshall-co-ms-40362377/,,,1.0,0.789,0.264,0.5,0.5
1742,0.5657,True,landwatch,424842739,KS,Labette,381.0,1425000.0,3740.16,"Mound Valley, KS, 67354, Labette County",https://www.landwatch.com/labette-county-kansas-undeveloped-land-for-sale/pid/424842739,,,1.0,0.638,0.377,0.5,0.5
1743,0.5657,True,landandfarm,39472620,KS,Labette,381.0,1425000.0,3740.16,"Mound Valley, KS, 67354",https://www.landandfarm.com/property/labette-county-380-acre-multi-use-farm-39472620/,,,1.0,0.638,0.377,0.5,0.5
1744,0.5657,True,landwatch,424880587,MS,Lincoln,231.0,1039500.0,4500.0,"Ruth, MS, 39662, Lincoln County",https://www.landwatch.com/lincoln-county-mississippi-recreational-property-for-sale/pid/424880587,,,1.0,0.807,0.25,0.5,0.5
1745,0.5657,True,landandfarm,39510468,MS,Lincoln,231.0,1039500.0,4500.0,"Ruth, MS, 39662",https://www.landandfarm.com/property/231-acres-of-prime-turn-key-hunting-recreational-paradise-ruth-ms-39510468/,,,1.0,0.807,0.25,0.5,0.5
1746,0.5657,True,landwatch,424716763,NY,Washington,216.0,875000.0,4050.93,"Granville, NY, 12832, Washington County",https://www.landwatch.com/washington-county-new-york-farms-and-ranches-for-sale/pid/424716763,,,1.0,0.707,0.325,0.5,0.5
1747,0.5657,True,landwatch,425374973,NY,Washington,216.0,875000.0,4050.93,"Granville, NY, 12832, Washington County",https://www.landwatch.com/washington-county-new-york-commercial-property-for-sale/pid/425374973,,,1.0,0.707,0.325,0.5,0.5
1748,0.5657,True,landandfarm,39346644,NY,Washington,216.0,875000.0,4050.93,"Granville, NY, 12832",https://www.landandfarm.com/property/farm-farmhouse-farm-estate-granville-ny-39346644/,,,1.0,0.707,0.325,0.5,0.5
1749,0.5657,True,landandfarm,40004854,NY,Washington,216.0,875000.0,4050.93,"Granville, NY, 12832",https://www.landandfarm.com/property/commercial-granville-ny-40004854/,,,1.0,0.707,0.325,0.5,0.5
1750,0.5652,True,landwatch,425698678,TN,Warren,291.0,1295000.0,4450.17,"McMinnville, TN, 37110, Warren County",https://www.landwatch.com/warren-county-tennessee-recreational-property-for-sale/pid/425698678,,,1.0,0.793,0.258,0.5,0.5
1751,0.5652,True,landandfarm,40328559,TN,Warren,291.0,1295000.0,4450.17,"McMinnville, TN, 37110",https://www.landandfarm.com/property/unrestricted-recreational-291ac-near-mcminnville-w-creek-and-trails-40328559/,,,1.0,0.793,0.258,0.5,0.5
1752,0.5652,True,landandfarm,40449400,TN,Warren,291.0,1295000.0,4450.17,"McMinnville, TN, 37110",https://www.landandfarm.com/property/mcminnville-291-acres-40449400/,,,1.0,0.793,0.258,0.5,0.5
1753,0.5652,True,landwatch,426000611,ND,Richland,236.0,1100000.0,4661.02,"Hankinson, ND, 58041, Richland County",https://www.landwatch.com/richland-county-north-dakota-farms-and-ranches-for-sale/pid/426000611,,,1.0,0.84,0.223,0.5,0.5
1754,0.5652,True,landandfarm,40630492,ND,Richland,236.0,1100000.0,4661.02,"Hankinson, ND, 58041",https://www.landandfarm.com/property/richland-county-236-acres-40630492/,,,1.0,0.84,0.223,0.5,0.5
1755,0.5652,True,landwatch,425707444,OK,Pittsburg,771.0,2399999.0,3112.84,"Daisy, OK, 74540, Pittsburg County",https://www.landwatch.com/pittsburg-county-oklahoma-farms-and-ranches-for-sale/pid/425707444,,,1.0,0.496,0.481,0.5,0.5
1756,0.565,True,landwatch,426212526,KS,Cowley,264.0,1389789.0,5264.35,"Latham, KS, 67072, Cowley County",https://www.landwatch.com/cowley-county-kansas-farms-and-ranches-for-sale/pid/426212526,,,1.0,0.973,0.123,0.5,0.5
1757,0.565,True,landandfarm,40842407,KS,Cowley,264.0,1389789.0,5264.35,"Latham, KS, 67072",https://www.landandfarm.com/property/beautiful-264-acre-ranch-in-cowley-county-40842407/,,,1.0,0.973,0.123,0.5,0.5
1758,0.5648,True,landwatch,425357262,MO,Iron,245.0,1210000.0,4938.78,"Belleview, MO, 63623, Iron County",https://www.landwatch.com/iron-county-missouri-recreational-property-for-sale/pid/425357262,,,1.0,0.9,0.177,0.5,0.5
1759,0.5648,True,landsearch,5197227,MS,Stone,390.0,1500000.0,3846.15,"Wiggins, MS 39577",https://www.landsearch.com/properties/cox-rd-wiggins-ms-39577/5197227,,,1.0,0.657,0.359,0.5,0.5
1760,0.5646,True,landwatch,422606146,AR,Lafayette,213.0,848424.0,3983.21,"Taylor, AR, 71861, Lafayette County",https://www.landwatch.com/lafayette-county-arkansas-recreational-property-for-sale/pid/422606146,,,1.0,0.687,0.336,0.5,0.5
1761,0.5646,True,landwatch,424470935,PA,Huntingdon,320.0,1150000.0,3593.75,"Robertsdale, PA, 16674, Huntingdon County",https://www.landwatch.com/huntingdon-county-pennsylvania-undeveloped-land-for-sale/pid/424470935,,,1.0,0.6,0.401,0.5,0.5
1762,0.5646,True,landandfarm,39100816,PA,Huntingdon,320.0,1150000.0,3593.75,"Robertsdale, PA, 16674",https://www.landandfarm.com/property/land-robertsdale-pa-39100816/,,,1.0,0.6,0.401,0.5,0.5
1763,0.5644,True,landwatch,424129818,VA,Nelson,207.0,788000.0,3806.76,"Buffalo Springs, VA, 24553, Nelson County",https://www.landwatch.com/nelson-county-virginia-recreational-property-for-sale/pid/424129818,,,1.0,0.647,0.366,0.5,0.5
1764,0.5644,True,landandfarm,38759699,VA,Nelson,207.0,788000.0,3806.76,"Buffalo Springs, VA, 24553",https://www.landandfarm.com/property/207-acres-nelson-county-va-own-a-piece-of-heaven-on-earth-38759699/,,,1.0,0.647,0.366,0.5,0.5
1765,0.5644,True,landwatch,425778139,VA,Charlotte,769.0,2400000.0,3120.94,"Charlotte Court House, VA, 23923, Charlotte County",https://www.landwatch.com/charlotte-county-virginia-recreational-property-for-sale/pid/425778139,,,1.0,0.494,0.48,0.5,0.5
1766,0.5644,True,landandfarm,40408020,VA,Charlotte,769.0,2400000.0,3120.94,"Charlotte Court House, VA, 23923",https://www.landandfarm.com/property/abilene-road-769-acres-40408020/,,,1.0,0.494,0.48,0.5,0.5
1767,0.5644,True,landwatch,424786213,OK,Osage,327.0,1062750.0,3250.0,"Pawhuska, OK, 74056, Osage County",https://www.landwatch.com/osage-county-oklahoma-farms-and-ranches-for-sale/pid/424786213,,,1.0,0.523,0.458,0.5,0.5
1768,0.5643,True,landwatch,421288681,AL,Chilton,572.0,2200000.0,3846.15,"Verbena, AL, 36091, Chilton County",https://www.landwatch.com/chilton-county-alabama-recreational-property-for-sale/pid/421288681,,,1.0,0.655,0.359,0.5,0.5
1769,0.5643,True,landandfarm,35918561,AL,Chilton,572.0,2200000.0,3846.15,"Verbena, AL, 36091",https://www.landandfarm.com/property/buckhaven-35918561/,,,1.0,0.655,0.359,0.5,0.5
1770,0.5643,True,landsearch,4959248,IA,Appanoose,260.0,1404000.0,5400.0,"Moulton, IA 52572",https://www.landsearch.com/properties/310th-ave-moulton-ia-52572/4959248,,,1.0,1.0,0.1,0.5,0.5
1771,0.5643,True,landwatch,425461673,IA,Appanoose,260.0,1404000.0,5400.0,"Moulton, IA, 52572, Appanoose County",https://www.landwatch.com/appanoose-county-iowa-undeveloped-land-for-sale/pid/425461673,,,1.0,1.0,0.1,0.5,0.5
1772,0.5643,True,landwatch,425930733,MS,Holmes,200.0,720000.0,3600.0,"Lexington, MS, 39095, Holmes County",https://www.landwatch.com/holmes-county-mississippi-recreational-property-for-sale/pid/425930733,,,1.0,0.6,0.4,0.5,0.5
1773,0.5643,True,landandfarm,40091554,IA,Appanoose,260.0,1404000.0,5400.0,"Moulton, IA, 52572",https://www.landandfarm.com/property/listing-18782-260-00-acres-in-appanoose-county-ia-40091554/,,,1.0,1.0,0.1,0.5,0.5
1774,0.5643,True,landandfarm,40560614,MS,Holmes,200.0,720000.0,3600.0,"Lexington, MS, 39095",https://www.landandfarm.com/property/200-acres-recreational-hunting-land-with-bass-lake-lexington-ms-40560614/,,,1.0,0.6,0.4,0.5,0.5
1775,0.5639,True,landwatch,425615094,TN,Henry,665.0,1828750.0,2750.0,"Springville, TN, 38256, Henry County",https://www.landwatch.com/henry-county-tennessee-timberland-property-for-sale/pid/425615094,,,1.0,0.41,0.542,0.5,0.5
1776,0.5639,True,landandfarm,40244975,TN,Henry,665.0,1828750.0,2750.0,"Springville, TN, 38256",https://www.landandfarm.com/property/henry-county-665-acres-40244975/,,,1.0,0.41,0.542,0.5,0.5
1777,0.5637,True,landwatch,425804291,VA,Charlotte,332.0,1100000.0,3313.25,"Harrisburg, VA, 24528, Charlotte County",https://www.landwatch.com/charlotte-county-virginia-recreational-property-for-sale/pid/425804291,,,1.0,0.533,0.448,0.5,0.5
1778,0.5637,True,landandfarm,40434172,VA,Charlotte,332.0,1100000.0,3313.25,"Harrisburg, VA, 24528",https://www.landandfarm.com/property/cub-creek-tract-40434172/,,,1.0,0.533,0.448,0.5,0.5
1779,0.5637,True,landwatch,425315048,WI,Adams,263.0,1399900.0,5322.81,"Friendship, WI, 53934, Adams County",https://www.landwatch.com/adams-county-wisconsin-recreational-property-for-sale/pid/425315048,,,1.0,0.98,0.113,0.5,0.5
1780,0.5637,True,landandfarm,39944929,WI,Adams,263.0,1399900.0,5322.81,"Friendship, WI, 53934",https://www.landandfarm.com/property/263-acre-hunting-property-with-cabin-and-pond-in-adams-county-wi-39944929/,,,1.0,0.98,0.113,0.5,0.5
1781,0.5635,True,landwatch,419192308,GA,Elbert,341.0,1160352.0,3402.79,"Elberton, GA, 30635, Elbert County",https://www.landwatch.com/elbert-county-georgia-recreational-property-for-sale/pid/419192308,,,1.0,0.553,0.433,0.5,0.5
1782,0.5635,True,landandfarm,33822188,GA,Elbert,341.0,1160352.0,3402.79,"Elberton, GA, 30635",https://www.landandfarm.com/property/lake-russell-recreation-timber-33822188/,,,1.0,0.553,0.433,0.5,0.5
1783,0.5635,True,landwatch,424724856,AL,Crenshaw,578.0,2200000.0,3806.23,"Rutledge, AL, 36071, Crenshaw County",https://www.landwatch.com/crenshaw-county-alabama-farms-and-ranches-for-sale/pid/424724856,,,1.0,0.642,0.366,0.5,0.5
1784,0.5635,True,landandfarm,39354737,AL,Crenshaw,578.0,2200000.0,3806.23,"Rutledge, AL, 36071",https://www.landandfarm.com/property/crenshaw-578-39354737/,,,1.0,0.642,0.366,0.5,0.5
1785,0.5635,True,landwatch,416473800,NC,Granville,222.0,949500.0,4277.03,"Oxford, NC, 27565, Granville County",https://www.landwatch.com/granville-county-north-carolina-timberland-property-for-sale/pid/416473800,,,1.0,0.747,0.287,0.5,0.5
1786,0.5635,True,landandfarm,31103680,NC,Granville,222.0,949500.0,4277.03,"Oxford, NC, 27565",https://www.landandfarm.com/property/222-old-roxboro-31103680/,,,1.0,0.747,0.287,0.5,0.5
1787,0.5634,True,landwatch,426666492,VA,Buckingham,424.0,1781262.0,4201.09,"Dillwyn, VA, 23936, Buckingham County",https://www.landwatch.com/buckingham-county-virginia-recreational-property-for-sale/pid/426666492,,,1.0,0.73,0.3,0.5,0.5
1788,0.5634,True,landandfarm,41296373,VA,Buckingham,424.0,1781262.0,4201.09,"Dillwyn, VA, 23936",https://www.landandfarm.com/property/c141-moore-north-41296373/,,,1.0,0.73,0.3,0.5,0.5
1789,0.5634,True,landwatch,423673056,GA,Washington,403.0,1612000.0,4000.0,"Mitchell, GA, 30820, Washington County",https://www.landwatch.com/washington-county-georgia-recreational-property-for-sale/pid/423673056,,,1.0,0.685,0.333,0.5,0.5
1790,0.5631,True,landwatch,424008747,MO,Miller,200.0,725000.0,3625.0,"Iberia, MO, 65486, Miller County",https://www.landwatch.com/miller-county-missouri-farms-and-ranches-for-sale/pid/424008747,,,1.0,0.6,0.396,0.5,0.5
1791,0.5631,True,landandfarm,38638628,MO,Miller,200.0,725000.0,3625.0,"Iberia, MO, 65486",https://www.landandfarm.com/property/beautiful-200-acres-miller-county-property-with-lots-of-road-frontage-w-38638628/,,,1.0,0.6,0.396,0.5,0.5
1792,0.5631,True,landwatch,424890974,KS,Cowley,637.0,2069665.0,3249.08,"Arkansas City, KS, 67005, Cowley County",https://www.landwatch.com/cowley-county-kansas-farms-and-ranches-for-sale/pid/424890974,,,1.0,0.516,0.458,0.5,0.5
1793,0.5631,True,landandfarm,39520855,KS,Cowley,637.0,2069665.0,3249.08,"Arkansas City, KS, 67005",https://www.landandfarm.com/property/636-ac-hunting-and-grazing-land-cowley-county-ks-39520855/,,,1.0,0.516,0.458,0.5,0.5
1794,0.563,True,landwatch,421444097,TN,Sullivan,273.0,1375000.0,5036.63,"Blountville, TN, 37617, Sullivan County",https://www.landwatch.com/sullivan-county-tennessee-recreational-property-for-sale/pid/421444097,,,1.0,0.913,0.161,0.5,0.5
1795,0.563,True,landwatch,426660667,MI,Iron,225.0,985000.0,4377.78,"Iron River, MI, 49935, Iron County",https://www.landwatch.com/iron-county-michigan-homes-for-sale/pid/426660667,,,1.0,0.767,0.27,0.5,0.5
1796,0.563,True,landandfarm,41290548,MI,Iron,225.0,985000.0,4377.78,"Iron River, MI, 49935",https://www.landandfarm.com/property/225-acres-in-iron-county-41290548/,,,1.0,0.767,0.27,0.5,0.5
1797,0.5629,True,landsearch,5157215,MS,Franklin,201.0,735500.0,3659.2,"Smithdale, MS 39664",https://www.landsearch.com/properties/chathaw-path-smithdale-ms-39664/5157215,,,1.0,0.607,0.39,0.5,0.5
1798,0.5628,True,landwatch,416579377,NY,Sullivan,357.0,1275000.0,3571.43,"Forestburgh, NY, 12777, Sullivan County",https://www.landwatch.com/sullivan-county-new-york-undeveloped-land-for-sale/pid/416579377,,,1.0,0.587,0.405,0.5,0.5
1799,0.5628,True,landandfarm,31209257,NY,Sullivan,357.0,1275000.0,3571.43,"Forestburgh, NY, 12777",https://www.landandfarm.com/property/forestburgh-357-acres-31209257/,,,1.0,0.587,0.405,0.5,0.5
1800,0.5623,True,landwatch,425414773,VA,Appomattox,367.0,1350000.0,3678.47,"Gladstone, VA, 24553, Appomattox County",https://www.landwatch.com/appomattox-county-virginia-recreational-property-for-sale/pid/425414773,,,1.0,0.608,0.387,0.5,0.5
1801,0.5623,True,landandfarm,40044654,VA,Appomattox,367.0,1350000.0,3678.47,"Gladstone, VA, 24553",https://www.landandfarm.com/property/366-acres-of-excellent-hunting-and-atv-recreation-40044654/,,,1.0,0.608,0.387,0.5,0.5
1802,0.5622,True,landandfarm,35457932,AL,Covington,226.0,999995.0,4424.76,"Red Level, AL, 36474",https://www.landandfarm.com/property/palustris-on-the-patsaliga-35457932/,,,1.0,0.773,0.263,0.5,0.5
1803,0.5621,True,landwatch,425494542,GA,Wayne,202.0,748519.0,3705.54,"Jesup, GA, 31546, Wayne County",https://www.landwatch.com/wayne-county-georgia-farms-and-ranches-for-sale/pid/425494542,,,1.0,0.613,0.382,0.5,0.5
1804,0.5619,True,landwatch,426365694,MS,Pike,315.0,1197225.0,3800.71,"Mccomb, MS, 39648, Pike County",https://www.landwatch.com/pike-county-mississippi-recreational-property-for-sale/pid/426365694,,,1.0,0.633,0.367,0.5,0.5
1805,0.5619,True,landandfarm,40995575,MS,Pike,315.0,1197225.0,3800.71,"Mccomb, MS, 39648",https://www.landandfarm.com/property/315-acre-investment-and-recreational-property-in-pike-county-ms-40995575/,,,1.0,0.633,0.367,0.5,0.5
1806,0.5618,True,landwatch,423946664,AL,Escambia,345.0,1200000.0,3478.26,"Andalusia, AL, 36420, Escambia County",https://www.landwatch.com/escambia-county-alabama-recreational-property-for-sale/pid/423946664,,,1.0,0.561,0.42,0.5,0.5
1807,0.5618,True,landandfarm,38576545,AL,Escambia,345.0,1200000.0,3478.26,"Andalusia, AL, 36420",https://www.landandfarm.com/property/old-ranch-road-tract-345-acres-38576545/,,,1.0,0.561,0.42,0.5,0.5
1808,0.5617,True,landwatch,426581535,MS,Franklin,420.0,1764000.0,4200.0,"Roxie, MS, 39661, Franklin County",https://www.landwatch.com/franklin-county-mississippi-recreational-property-for-sale/pid/426581535,,,1.0,0.721,0.3,0.5,0.5
1809,0.5614,True,landwatch,425600294,KY,Montgomery,283.0,1350000.0,4770.32,"Mt Sterling, KY, 40353, Montgomery County",https://www.landwatch.com/montgomery-county-kentucky-farms-and-ranches-for-sale/pid/425600294,,,1.0,0.847,0.205,0.5,0.5
1810,0.5614,True,landwatch,423609052,MO,Adair,565.0,2245875.0,3975.0,"Green Castle, MO, 63544, Adair County",https://www.landwatch.com/adair-county-missouri-recreational-property-for-sale/pid/423609052,,,1.0,0.67,0.338,0.5,0.5
1811,0.5614,True,landandfarm,38238933,MO,Adair,565.0,2245875.0,3975.0,"Green Castle, MO, 63544",https://www.landandfarm.com/property/outstanding-adair-county-combo-property-38238933/,,,1.0,0.67,0.338,0.5,0.5
1812,0.561,True,landwatch,421849897,KS,Wilson,296.0,1299000.0,4388.51,"Neodesha, KS, 66776, Wilson County",https://www.landwatch.com/wilson-county-kansas-farms-and-ranches-for-sale/pid/421849897,,,1.0,0.76,0.269,0.5,0.5
1813,0.561,True,landandfarm,36479778,KS,Wilson,296.0,1299000.0,4388.51,"Neodesha, KS, 66776",https://www.landandfarm.com/property/295-acres-for-sale-in-wilson-county-ks-with-private-lake-36479778/,,,1.0,0.76,0.269,0.5,0.5
1814,0.5608,True,landwatch,426204326,WI,Sawyer,360.0,1311564.0,3643.23,"Winter, WI, 54896, Sawyer County",https://www.landwatch.com/sawyer-county-wisconsin-undeveloped-land-for-sale/pid/426204326,,,1.0,0.593,0.393,0.5,0.5
1815,0.5608,True,landandfarm,40834207,WI,Sawyer,360.0,1311564.0,3643.23,"Winter, WI, 54896",https://www.landandfarm.com/property/land-winter-wi-40834207/,,,1.0,0.593,0.393,0.5,0.5
1816,0.5606,True,landwatch,424810421,WI,Ashland,242.0,1195000.0,4938.02,"Glidden, WI, 54527, Ashland County",https://www.landwatch.com/ashland-county-wisconsin-lakefront-property-for-sale/pid/424810421,,,1.0,0.88,0.177,0.5,0.5
1817,0.5606,True,landandfarm,39440302,WI,Ashland,242.0,1195000.0,4938.02,"Glidden, WI, 54527",https://www.landandfarm.com/property/single-family-other-glidden-wi-39440302/,,,1.0,0.88,0.177,0.5,0.5
1818,0.5605,True,landwatch,421198646,OK,Grady,372.0,1400000.0,3763.44,"Minco, OK, 73059, Grady County",https://www.landwatch.com/grady-county-oklahoma-farms-and-ranches-for-sale/pid/421198646,,,1.0,0.619,0.373,0.5,0.5
1819,0.5605,True,landandfarm,35828526,OK,Grady,372.0,1400000.0,3763.44,"Minco, OK, 73059",https://www.landandfarm.com/property/brushy-lake-372-35828526/,,,1.0,0.619,0.373,0.5,0.5
1820,0.5602,True,landwatch,425579928,KS,Osborne,657.0,1839000.0,2799.09,"Waldo, KS, 67673, Osborne County",https://www.landwatch.com/osborne-county-kansas-farms-and-ranches-for-sale/pid/425579928,,,1.0,0.403,0.533,0.5,0.5
1821,0.5602,True,landandfarm,40209809,KS,Osborne,657.0,1839000.0,2799.09,"Waldo, KS, 67673",https://www.landandfarm.com/property/hard-to-beat-hunting-ranch-in-north-central-kansas-40209809/,,,1.0,0.403,0.533,0.5,0.5
1822,0.5599,True,landwatch,426603890,PA,Potter,271.0,1399000.0,5162.36,"Austin, PA, 16720, Potter County",https://www.landwatch.com/potter-county-pennsylvania-homes-for-sale/pid/426603890,,,1.0,0.927,0.14,0.5,0.5
1823,0.5599,True,landandfarm,41233771,PA,Potter,271.0,1399000.0,5162.36,"Austin, PA, 16720",https://www.landandfarm.com/property/1-5-story-residential-austin-pa-41233771/,,,1.0,0.927,0.14,0.5,0.5
1824,0.5597,True,landwatch,425227483,OK,Okfuskee,635.0,2120000.0,3338.58,"Okemah, OK, 74859, Okfuskee County",https://www.landwatch.com/okfuskee-county-oklahoma-farms-and-ranches-for-sale/pid/425227483,,,1.0,0.521,0.444,0.5,0.5
1825,0.5597,True,landandfarm,39857364,OK,Okfuskee,635.0,2120000.0,3338.58,"Okemah, OK, 74859",https://www.landandfarm.com/property/clearview-ranch-39857364/,,,1.0,0.521,0.444,0.5,0.5
1826,0.5596,True,landwatch,424505358,KY,Cumberland,318.0,1195000.0,3757.86,"Burkesville, KY, 42717, Cumberland County",https://www.landwatch.com/cumberland-county-kentucky-farms-and-ranches-for-sale/pid/424505358,,,1.0,0.613,0.374,0.5,0.5
1827,0.5596,True,landandfarm,39156994,KY,Cumberland,318.0,1195000.0,3757.86,"Burkesville, KY, 42717",https://www.landandfarm.com/property/single-family-burkesville-ky-39156994/,,,1.0,0.613,0.374,0.5,0.5
1828,0.5596,True,landwatch,426111525,MS,Holmes,211.0,850000.0,4028.44,"Durant, MS, 39063, Holmes County",https://www.landwatch.com/holmes-county-mississippi-undeveloped-land-for-sale/pid/426111525,,,1.0,0.673,0.329,0.5,0.5
1829,0.5596,True,landandfarm,40741406,MS,Holmes,211.0,850000.0,4028.44,"Durant, MS, 39063",https://www.landandfarm.com/property/vacant-land-durant-ms-40741406/,,,1.0,0.673,0.329,0.5,0.5
1830,0.5596,True,landwatch,425292168,NC,Iredell,308.0,1250000.0,4058.44,"Union Grove, NC, 28689, Iredell County",https://www.landwatch.com/iredell-county-north-carolina-recreational-property-for-sale/pid/425292168,,,1.0,0.68,0.324,0.5,0.5
1831,0.5596,True,landandfarm,39922049,NC,Iredell,308.0,1250000.0,4058.44,"Union Grove, NC, 28689",https://www.landandfarm.com/property/fox-mountain-39922049/,,,1.0,0.68,0.324,0.5,0.5
1832,0.5596,True,landwatch,425764121,KY,Caldwell,206.0,799000.0,3878.64,"Princeton, KY, 42445, Caldwell County",https://www.landwatch.com/caldwell-county-kentucky-recreational-property-for-sale/pid/425764121,,,1.0,0.64,0.354,0.5,0.5
1833,0.5596,True,landandfarm,40394002,KY,Caldwell,206.0,799000.0,3878.64,"Princeton, KY, 42445",https://www.landandfarm.com/property/205-996-acre-proven-big-buck-hunting-tract-with-extensive-road-frontage-40394002/,,,1.0,0.64,0.354,0.5,0.5
1834,0.5596,True,landwatch,423396178,AL,Mobile,242.0,1200000.0,4958.68,"Theodore, AL, 36582, Mobile County",https://www.landwatch.com/mobile-county-alabama-recreational-property-for-sale/pid/423396178,,,1.0,0.88,0.174,0.5,0.5
1835,0.5596,True,landandfarm,38026059,AL,Mobile,242.0,1200000.0,4958.68,"Theodore, AL, 36582",https://www.landandfarm.com/property/242-acres-in-mobile-county-38026059/,,,1.0,0.88,0.174,0.5,0.5
1836,0.5596,True,landwatch,425867579,SD,Gregory,368.0,1378125.0,3744.9,"Herrick, SD, 57538, Gregory County",https://www.landwatch.com/gregory-county-south-dakota-farms-and-ranches-for-sale/pid/425867579,,,1.0,0.61,0.376,0.5,0.5
1837,0.5596,True,landandfarm,40497460,SD,Gregory,368.0,1378125.0,3744.9,"Herrick, SD, 57538",https://www.landandfarm.com/property/gregory-county-sd-367-5-acres-40497460/,,,1.0,0.61,0.376,0.5,0.5
1838,0.5595,True,landwatch,422125925,TN,Henry,210.0,840000.0,4000.0,"Springville, TN, 38256, Henry County",https://www.landwatch.com/henry-county-tennessee-recreational-property-for-sale/pid/422125925,,,1.0,0.667,0.333,0.5,0.5
1839,0.5595,True,landandfarm,36755806,TN,Henry,210.0,840000.0,4000.0,"Springville, TN, 38256",https://www.landandfarm.com/property/copper-spring-duck-hole-36755806/,,,1.0,0.667,0.333,0.5,0.5
1840,0.5586,True,landwatch,424325590,MO,Maries,403.0,1652400.0,4100.25,"Vienna, MO, 65582, Maries County",https://www.landwatch.com/maries-county-missouri-recreational-property-for-sale/pid/424325590,,,1.0,0.685,0.317,0.5,0.5
1841,0.5586,True,landandfarm,38955471,MO,Maries,403.0,1652400.0,4100.25,"Vienna, MO, 65582",https://www.landandfarm.com/property/gascoande-maries-tract-1-38955471/,,,1.0,0.685,0.317,0.5,0.5
1842,0.5584,True,landwatch,423633133,AL,Marengo,608.0,2204000.0,3625.0,"Sweet Water, AL, 36782, Marengo County",https://www.landwatch.com/marengo-county-alabama-recreational-property-for-sale/pid/423633133,,,1.0,0.578,0.396,0.5,0.5
1843,0.5584,True,landandfarm,38263014,AL,Marengo,608.0,2204000.0,3625.0,"Sweet Water, AL, 36782",https://www.landandfarm.com/property/608-ac-marengo-county-campground-tract-38263014/,,,1.0,0.578,0.396,0.5,0.5
1844,0.5583,True,landwatch,426556378,MO,Barry,444.0,1998000.0,4500.0,"Exeter, MO, 65647, Barry County",https://www.landwatch.com/barry-county-missouri-recreational-property-for-sale/pid/426556378,,,1.0,0.772,0.25,0.5,0.5
1845,0.5582,True,landwatch,422860966,WI,Taylor,611.0,2200000.0,3600.65,"Gilman, WI, 54433, Taylor County",https://www.landwatch.com/taylor-county-wisconsin-recreational-property-for-sale/pid/422860966,,,1.0,0.572,0.4,0.5,0.5
1846,0.5582,True,landandfarm,37490847,WI,Taylor,611.0,2200000.0,3600.65,"Gilman, WI, 54433",https://www.landandfarm.com/property/large-block-of-high-quality-timber-with-great-hunting-potential-adjacent-to-37490847/,,,1.0,0.572,0.4,0.5,0.5
1847,0.5578,True,landwatch,426518817,MS,Jefferson,453.0,2083000.0,4598.23,"Lorman, MS, 39096, Jefferson County",https://www.landwatch.com/jefferson-county-mississippi-recreational-property-for-sale/pid/426518817,,,1.0,0.791,0.234,0.5,0.5
1848,0.5574,True,landwatch,421061982,MS,Madison,750.0,2399000.0,3198.67,"Pickens, MS, 39146, Madison County",https://www.landwatch.com/madison-county-mississippi-recreational-property-for-sale/pid/421061982,,,1.0,0.479,0.467,0.5,0.5
1849,0.5574,True,landandfarm,35691862,MS,Madison,750.0,2399000.0,3198.67,"Pickens, MS, 39146",https://www.landandfarm.com/property/750-acres-in-madison-county-35691862/,,,1.0,0.479,0.467,0.5,0.5
1850,0.5573,True,landwatch,420763708,KS,Butler,363.0,1359000.0,3743.8,"Leon, KS, 67074, Butler County",https://www.landwatch.com/butler-county-kansas-farms-and-ranches-for-sale/pid/420763708,,,1.0,0.6,0.376,0.5,0.5
1851,0.5573,True,landwatch,425538798,NC,Halifax,385.0,1523066.0,3956.02,"Littleton, NC, 27850, Halifax County",https://www.landwatch.com/halifax-county-north-carolina-recreational-property-for-sale/pid/425538798,,,1.0,0.646,0.341,0.5,0.5
1852,0.5573,True,landandfarm,40168679,NC,Halifax,385.0,1523066.0,3956.02,"Littleton, NC, 27850",https://www.landandfarm.com/property/halifax-county-southern-pine-plantation-40168679/,,,1.0,0.646,0.341,0.5,0.5
1853,0.5571,True,landsearch,5138627,OK,Sequoyah,320.0,1200000.0,3750.0,"Stoney Point, OK 74955",https://www.landsearch.com/properties/e0964-rd-stoney-point-ok-74955/5138627,,,1.0,0.6,0.375,0.5,0.5
1854,0.5571,True,landwatch,425690388,OK,Hughes,295.0,1327500.0,4500.0,"Calvin, OK, 74531, Hughes County",https://www.landwatch.com/hughes-county-oklahoma-farms-and-ranches-for-sale/pid/425690388,,,1.0,0.767,0.25,0.5,0.5
1855,0.5571,True,landwatch,423889388,NE,Holt,320.0,1200000.0,3750.0,"Page, NE, 68766, Holt County",https://www.landwatch.com/holt-county-nebraska-farms-and-ranches-for-sale/pid/423889388,,,1.0,0.6,0.375,0.5,0.5
1856,0.5571,True,landandfarm,40320269,OK,Hughes,295.0,1327500.0,4500.0,"Calvin, OK, 74531",https://www.landandfarm.com/property/hughes-county-295-calvin-oklahoma-40320269/,,,1.0,0.767,0.25,0.5,0.5
1857,0.5571,True,landandfarm,38519269,NE,Holt,320.0,1200000.0,3750.0,"Page, NE, 68766",https://www.landandfarm.com/property/l-2500473-320-acres-holt-county-nebraska-38519269/,,,1.0,0.6,0.375,0.5,0.5
1858,0.5571,True,landwatch,422304490,KY,Cumberland,367.0,1390000.0,3787.47,"Burkesville, KY, 42717, Cumberland County",https://www.landwatch.com/cumberland-county-kentucky-farms-and-ranches-for-sale/pid/422304490,,,1.0,0.608,0.369,0.5,0.5
1859,0.5571,True,landandfarm,36934371,KY,Cumberland,367.0,1390000.0,3787.47,"Burkesville, KY, 42717",https://www.landandfarm.com/property/367-acres-in-cumberland-county-36934371/,,,1.0,0.608,0.369,0.5,0.5
1860,0.5571,True,landwatch,426452814,WI,Trempealeau,247.0,1274900.0,5161.54,"Trempealeau, WI, 54758, Trempealeau County",https://www.landwatch.com/trempealeau-county-wisconsin-recreational-property-for-sale/pid/426452814,,,1.0,0.913,0.14,0.5,0.5
1861,0.5571,True,landandfarm,41082695,WI,Trempealeau,247.0,1274900.0,5161.54,"Trempealeau, WI, 54758",https://www.landandfarm.com/property/247-26-acres-trempealeau-county-41082695/,,,1.0,0.913,0.14,0.5,0.5
1862,0.557,True,landwatch,424755285,MO,Howell,279.0,1390000.0,4982.08,"Willow Springs, MO, 65793, Howell County",https://www.landwatch.com/howell-county-missouri-farms-and-ranches-for-sale/pid/424755285,,,1.0,0.873,0.17,0.5,0.5
1863,0.557,True,landwatch,424755291,MO,Howell,279.0,1390000.0,4982.08,"Willow Springs, MO, 65793, Howell County",https://www.landwatch.com/howell-county-missouri-farms-and-ranches-for-sale/pid/424755291,,,1.0,0.873,0.17,0.5,0.5
1864,0.557,True,landandfarm,39385166,MO,Howell,279.0,1390000.0,4982.08,"Willow Springs, MO, 65793",https://www.landandfarm.com/property/welcome-to-deer-canyon-ranch-39385166/,,,1.0,0.873,0.17,0.5,0.5
1865,0.557,True,landandfarm,39385172,MO,Howell,279.0,1390000.0,4982.08,"Willow Springs, MO, 65793",https://www.landandfarm.com/property/welcome-to-deer-canyon-ranch-39385172/,,,1.0,0.873,0.17,0.5,0.5
1866,0.557,True,landwatch,425963236,AL,Lamar,340.0,1200000.0,3529.41,"Millport, AL, 35576, Lamar County",https://www.landwatch.com/lamar-county-alabama-recreational-property-for-sale/pid/425963236,,,1.0,0.551,0.412,0.5,0.5
1867,0.557,True,landandfarm,40593117,AL,Lamar,340.0,1200000.0,3529.41,"Millport, AL, 35576",https://www.landandfarm.com/property/340-ac-lamar-county-al-rickman-rd-tract-40593117/,,,1.0,0.551,0.412,0.5,0.5
1868,0.5561,True,landandfarm,40830865,MS,Leflore,400.0,1650000.0,4125.0,"Sidon, MS, 38954",https://www.landandfarm.com/property/leflore-400-40830865/,,,1.0,0.678,0.312,0.5,0.5
1869,0.5554,True,landwatch,425021530,WI,Taylor,305.0,1292000.0,4236.07,"Gilman, WI, 54433, Taylor County",https://www.landwatch.com/taylor-county-wisconsin-recreational-property-for-sale/pid/425021530,,,1.0,0.7,0.294,0.5,0.5
1870,0.5554,True,landandfarm,39651411,WI,Taylor,305.0,1292000.0,4236.07,"Gilman, WI, 54433",https://www.landandfarm.com/property/high-quality-timber-with-1-2-mile-of-road-frontage-adjacent-to-national-for-39651411/,,,1.0,0.7,0.294,0.5,0.5
1871,0.5554,True,landwatch,421555067,MS,Amite,375.0,1462500.0,3900.0,"Gloster, MS, 39638, Amite County",https://www.landwatch.com/amite-county-mississippi-recreational-property-for-sale/pid/421555067,,,1.0,0.625,0.35,0.5,0.5
1872,0.5554,True,landandfarm,36184947,MS,Amite,375.0,1462500.0,3900.0,"Gloster, MS, 39638",https://www.landandfarm.com/property/hunting-property-36184947/,,,1.0,0.625,0.35,0.5,0.5
1873,0.5553,True,landwatch,423118047,KY,Livingston,718.0,2243750.0,3125.0,"Salem, KY, 42078, Livingston County",https://www.landwatch.com/livingston-county-kentucky-recreational-property-for-sale/pid/423118047,,,1.0,0.453,0.479,0.5,0.5
1874,0.5553,True,landandfarm,37747928,KY,Livingston,718.0,2243750.0,3125.0,"Salem, KY, 42078",https://www.landandfarm.com/property/turn-key-hunting-tract-with-diverse-habitat-and-extensive-improvements-37747928/,,,1.0,0.453,0.479,0.5,0.5
1875,0.5547,True,landsearch,5119651,MS,Itawamba,206.0,820000.0,3980.58,"Tremont, MS 38876",https://www.landsearch.com/properties/731-wright-rd-tremont-ms-38876/5119651,,,1.0,0.64,0.337,0.5,0.5
1876,0.5547,True,landwatch,426054595,MS,Itawamba,206.0,820000.0,3980.58,"Tremont, MS, 38876, Itawamba County",https://www.landwatch.com/itawamba-county-mississippi-recreational-property-for-sale/pid/426054595,,,1.0,0.64,0.337,0.5,0.5
1877,0.5547,True,landandfarm,40684476,MS,Itawamba,206.0,820000.0,3980.58,"Tremont, MS, 38876",https://www.landandfarm.com/property/itawamba-county-206-acres-for-sale-in-tremont-ms-with-camphouse-shop-sp-40684476/,,,1.0,0.64,0.337,0.5,0.5
1878,0.5541,True,landwatch,421348857,TN,Sullivan,307.0,1290912.0,4204.93,"Kingsport, TN, 37660, Sullivan County",https://www.landwatch.com/sullivan-county-tennessee-farms-and-ranches-for-sale/pid/421348857,,,1.0,0.687,0.299,0.5,0.5
1879,0.5541,True,landandfarm,35978737,TN,Sullivan,307.0,1290912.0,4204.93,"Kingsport, TN, 37660",https://www.landandfarm.com/property/large-multi-use-farmstead-35978737/,,,1.0,0.687,0.299,0.5,0.5
1880,0.5539,True,landsearch,5011698,AL,Perry,631.0,2208500.0,3500.0,"Suttle, AL 36701",https://www.landsearch.com/properties/suttle-al-36701/5011698,,,1.0,0.529,0.417,0.5,0.5
1881,0.5531,True,landwatch,425910887,VA,Lunenburg,834.0,3000000.0,3597.12,"Keysville, VA, 23936, Lunenburg County",https://www.landwatch.com/lunenburg-county-virginia-recreational-property-for-sale/pid/425910887,,,1.0,0.547,0.4,0.5,0.5
1882,0.5531,True,landandfarm,40540768,VA,Lunenburg,834.0,3000000.0,3597.12,"Keysville, VA, 23936",https://www.landandfarm.com/property/wildwood-road-tract-40540768/,,,1.0,0.547,0.4,0.5,0.5
1883,0.5529,True,landsearch,5147094,WI,Adams,255.0,1399900.0,5489.8,"Adams, WI 53910",https://www.landsearch.com/properties/dover-dr-adams-wi-53910/5147094,,,1.0,0.967,0.085,0.5,0.5
1884,0.5524,True,landwatch,425046056,IL,Jersey,245.0,1274000.0,5200.0,"Fieldon, IL, 62031, Jersey County",https://www.landwatch.com/jersey-county-illinois-recreational-property-for-sale/pid/425046056,,,1.0,0.9,0.133,0.5,0.5
1885,0.5524,True,landandfarm,39675937,IL,Jersey,245.0,1274000.0,5200.0,"Fieldon, IL, 62031",https://www.landandfarm.com/property/jersey-county-illinois-245-acres-of-land-for-sale-39675937/,,,1.0,0.9,0.133,0.5,0.5
1886,0.5523,True,landsearch,5211864,IL,Jersey,261.0,1467000.0,5620.69,"Grafton, IL 62037",https://www.landsearch.com/properties/17816-powerline-rd-grafton-il-62037/5211864,,,1.0,0.993,0.063,0.5,0.5
1887,0.5523,True,landwatch,426489531,IL,Jersey,261.0,1467000.0,5620.69,"Grafton, IL, 62037, Jersey County",https://www.landwatch.com/jersey-county-illinois-farms-and-ranches-for-sale/pid/426489531,,,1.0,0.993,0.063,0.5,0.5
1888,0.5523,True,landandfarm,41119412,IL,Jersey,261.0,1467000.0,5620.69,"Grafton, IL, 62037",https://www.landandfarm.com/property/17816-powerline-rd-grafton-il-41119412/,,,1.0,0.993,0.063,0.5,0.5
1889,0.5519,True,landwatch,424865268,AR,Fulton,750.0,2485000.0,3313.33,"Viola, AR, 72583, Fulton County",https://www.landwatch.com/fulton-county-arkansas-recreational-property-for-sale/pid/424865268,,,1.0,0.479,0.448,0.5,0.5
1890,0.5519,True,landandfarm,39495149,AR,Fulton,750.0,2485000.0,3313.33,"Viola, AR, 72583",https://www.landandfarm.com/property/ozark-cattle-ranch-39495149/,,,1.0,0.479,0.448,0.5,0.5
1891,0.5519,True,landwatch,425847318,WI,Ashland,269.0,1449900.0,5389.96,"High Bridge, WI, 54846, Ashland County",https://www.landwatch.com/ashland-county-wisconsin-lakefront-property-for-sale/pid/425847318,,,1.0,0.94,0.102,0.5,0.5
1892,0.5519,True,landwatch,426088875,KY,Henry,414.0,1800000.0,4347.83,"Eminence, KY, 40019, Henry County",https://www.landwatch.com/henry-county-kentucky-undeveloped-land-for-sale/pid/426088875,,,1.0,0.708,0.275,0.5,0.5
1893,0.5519,True,landandfarm,40718756,KY,Henry,414.0,1800000.0,4347.83,"Eminence, KY, 40019",https://www.landandfarm.com/property/land-eminence-ky-40718756/,,,1.0,0.708,0.275,0.5,0.5
1894,0.5518,True,landwatch,426575916,OK,Grady,759.0,2542650.0,3350.0,"Marlow, OK, 73055, Grady County",https://www.landwatch.com/grady-county-oklahoma-farms-and-ranches-for-sale/pid/426575916,,,1.0,0.486,0.442,0.5,0.5
1895,0.5518,True,landandfarm,41205797,OK,Grady,759.0,2542650.0,3350.0,"Marlow, OK, 73055",https://www.landandfarm.com/property/the-lake-on-rush-creek-41205797/,,,1.0,0.486,0.442,0.5,0.5
1896,0.5516,True,landwatch,426105974,SD,Meade,518.0,2399000.0,4631.27,"White Owl, SD, 57748, Meade County",https://www.landwatch.com/meade-county-south-dakota-farms-and-ranches-for-sale/pid/426105974,,,1.0,0.77,0.228,0.5,0.5
1897,0.5516,True,landandfarm,40735855,SD,Meade,518.0,2399000.0,4631.27,"White Owl, SD, 57748",https://www.landandfarm.com/property/l-2600285-517-72-acres-meade-county-south-dakota-40735855/,,,1.0,0.77,0.228,0.5,0.5
1898,0.5515,True,landsearch,5083727,MS,Union,731.0,2378532.0,3253.81,"New Albany, MS 38627",https://www.landsearch.com/properties/new-albany-ms-38627/5083727,,,1.0,0.463,0.458,0.5,0.5
1899,0.5515,True,landwatch,425754573,MS,Union,731.0,2378532.0,3253.81,"Etta, MS, 38627, Union County",https://www.landwatch.com/union-county-mississippi-farms-and-ranches-for-sale/pid/425754573,,,1.0,0.463,0.458,0.5,0.5
1900,0.5515,True,landandfarm,40384454,MS,Union,731.0,2378532.0,3253.81,"Etta, MS, 38627",https://www.landandfarm.com/property/little-tallahatchie-river-bottoms-40384454/,,,1.0,0.463,0.458,0.5,0.5
1901,0.5514,True,landwatch,426168624,KS,Montgomery,286.0,1399000.0,4891.61,"Independence, KS, 67301, Montgomery County",https://www.landwatch.com/montgomery-county-kansas-recreational-property-for-sale/pid/426168624,,,1.0,0.827,0.185,0.5,0.5
1902,0.5514,True,landandfarm,40798505,KS,Montgomery,286.0,1399000.0,4891.61,"Independence, KS, 67301",https://www.landandfarm.com/property/big-bucks-big-timber-and-big-income-40798505/,,,1.0,0.827,0.185,0.5,0.5
1903,0.5513,True,landwatch,423674729,MS,Marshall,221.0,995000.0,4502.26,"Lamar, MS, 38642, Marshall County",https://www.landwatch.com/marshall-county-mississippi-recreational-property-for-sale/pid/423674729,,,1.0,0.74,0.25,0.5,0.5
1904,0.5511,True,landwatch,426446829,MN,Pennington,760.0,2560000.0,3368.42,"Thief River Falls, MN, 56748, Pennington County",https://www.landwatch.com/pennington-county-minnesota-farms-and-ranches-for-sale/pid/426446829,,,1.0,0.487,0.439,0.5,0.5
1905,0.5511,True,landandfarm,41076710,MN,Pennington,760.0,2560000.0,3368.42,"Thief River Falls, MN, 56748",https://www.landandfarm.com/property/l-2600318-760-acres-pennington-county-minnesota-41076710/,,,1.0,0.487,0.439,0.5,0.5
1906,0.551,True,landwatch,424899012,AL,Macon,758.0,2549000.0,3362.8,"Hardaway, AL, 36039, Macon County",https://www.landwatch.com/macon-county-alabama-farms-and-ranches-for-sale/pid/424899012,,,1.0,0.485,0.44,0.5,0.5
1907,0.551,True,landandfarm,39528893,AL,Macon,758.0,2549000.0,3362.8,"Hardaway, AL, 36039",https://www.landandfarm.com/property/macon-county-alabama-hunter-s-dream-39528893/,,,1.0,0.485,0.44,0.5,0.5
1908,0.551,True,landwatch,426029946,OK,Atoka,480.0,2400000.0,5000.0,"Atoka, OK, 74525, Atoka County",https://www.landwatch.com/atoka-county-oklahoma-farms-and-ranches-for-sale/pid/426029946,,,1.0,0.849,0.167,0.5,0.5
1909,0.5509,True,landwatch,425899684,MN,Polk,532.0,2400000.0,4511.28,"Erskine, MN, 56535, Polk County",https://www.landwatch.com/polk-county-minnesota-farms-and-ranches-for-sale/pid/425899684,,,1.0,0.74,0.248,0.5,0.5
1910,0.5509,True,landandfarm,40529565,MN,Polk,532.0,2400000.0,4511.28,"Erskine, MN, 56535",https://www.landandfarm.com/property/a-21571-531-29-acres-polk-county-minnesota-40529565/,,,1.0,0.74,0.248,0.5,0.5
1911,0.5508,True,landwatch,425298959,MO,Mississippi,230.0,1100000.0,4782.61,"Bertrand, MO, 63823, Mississippi County",https://www.landwatch.com/mississippi-county-missouri-farms-and-ranches-for-sale/pid/425298959,,,1.0,0.8,0.203,0.5,0.5
1912,0.5508,True,landwatch,425298960,MO,Mississippi,230.0,1100000.0,4782.61,"Bertrand, MO, 63823, Mississippi County",https://www.landwatch.com/mississippi-county-missouri-farms-and-ranches-for-sale/pid/425298960,,,1.0,0.8,0.203,0.5,0.5
1913,0.5508,True,landwatch,425108889,MS,Tunica,230.0,1100000.0,4782.61,"Dundee, MS, 38626, Tunica County",https://www.landwatch.com/tunica-county-mississippi-farms-and-ranches-for-sale/pid/425108889,,,1.0,0.8,0.203,0.5,0.5
1914,0.5508,True,landandfarm,39928840,MO,Mississippi,230.0,1100000.0,4782.61,"Bertrand, MO, 63823",https://www.landandfarm.com/property/farm-with-immediate-income-potential-39928840/,,,1.0,0.8,0.203,0.5,0.5
1915,0.5508,True,landandfarm,39928841,MO,Mississippi,230.0,1100000.0,4782.61,"Bertrand, MO, 63823",https://www.landandfarm.com/property/farm-with-immediate-income-potential-39928841/,,,1.0,0.8,0.203,0.5,0.5
1916,0.5508,True,landandfarm,39738770,MS,Tunica,230.0,1100000.0,4782.61,"Dundee, MS, 38626",https://www.landandfarm.com/property/230-acres-39738770/,,,1.0,0.8,0.203,0.5,0.5
1917,0.5508,True,landwatch,426548367,AL,Blount,217.0,953332.0,4393.24,"Oneonta, AL, 35121, Blount County",https://www.landwatch.com/blount-county-alabama-recreational-property-for-sale/pid/426548367,,,1.0,0.713,0.268,0.5,0.5
1918,0.5508,True,landandfarm,41178248,AL,Blount,217.0,953332.0,4393.24,"Oneonta, AL, 35121",https://www.landandfarm.com/property/216-66-ac-blount-county-al-robin-hill-1-41178248/,,,1.0,0.713,0.268,0.5,0.5
1919,0.5502,True,landwatch,425601075,NC,Halifax,214.0,923403.0,4314.97,"Littleton, NC, 27850, Halifax County",https://www.landwatch.com/halifax-county-north-carolina-recreational-property-for-sale/pid/425601075,,,1.0,0.693,0.281,0.5,0.5
1920,0.5502,True,landandfarm,40230956,NC,Halifax,214.0,923403.0,4314.97,"Littleton, NC, 27850",https://www.landandfarm.com/property/halifax-county-deer-duck-and-quail-plantation-40230956/,,,1.0,0.693,0.281,0.5,0.5
1921,0.55,True,landandfarm,40131753,MS,Wilkinson,577.0,2365000.0,4098.79,"Woodville, MS, 39669",https://www.landandfarm.com/property/vacant-land-woodville-ms-40131753/,,,1.0,0.644,0.317,0.5,0.5
1922,0.5498,True,landwatch,424102713,AL,Cleburne,240.0,1225000.0,5104.17,"Heflin, AL, 36264, Cleburne County",https://www.landwatch.com/cleburne-county-alabama-recreational-property-for-sale/pid/424102713,,,1.0,0.867,0.149,0.5,0.5
1923,0.5498,True,landandfarm,38732594,AL,Cleburne,240.0,1225000.0,5104.17,"Heflin, AL, 36264",https://www.landandfarm.com/property/240-acres-on-the-tallapoosa-river-38732594/,,,1.0,0.867,0.149,0.5,0.5
1924,0.5489,True,landwatch,423557864,OK,Washington,769.0,2650000.0,3446.03,"Ramona, OK, 74061, Washington County",https://www.landwatch.com/washington-county-oklahoma-farms-and-ranches-for-sale/pid/423557864,,,1.0,0.494,0.426,0.5,0.5
1925,0.5487,True,landwatch,425140177,MI,Presque Isle,373.0,1500000.0,4021.45,"Rogers City, MI, 49779, Presque Isle County",https://www.landwatch.com/presque-isle-county-michigan-timberland-property-for-sale/pid/425140177,,,1.0,0.621,0.33,0.5,0.5
1926,0.5487,True,landandfarm,39770058,MI,Presque Isle,373.0,1500000.0,4021.45,"Rogers City, MI, 49779",https://www.landandfarm.com/property/klees-pond-372-acre-northern-michigan-estate-with-23-acre-private-lake-39770058/,,,1.0,0.621,0.33,0.5,0.5
1927,0.5487,True,landandfarm,39523116,GA,Camden,475.0,2375000.0,5000.0,"White Oak, GA, 31568",https://www.landandfarm.com/property/475-ac-land-for-sale-ga-hwy-252-tract-camden-county-ga-39523116/,,,1.0,0.838,0.167,0.5,0.5
1928,0.5486,True,landwatch,425024853,NC,Cherokee,259.0,1500000.0,5791.51,"Andrews, NC, 28901, Cherokee County",https://www.landwatch.com/cherokee-county-north-carolina-undeveloped-land-for-sale/pid/425024853,,,1.0,0.993,0.05,0.5,0.5
1929,0.5486,True,landwatch,423791315,MI,Montmorency,261.0,1499777.0,5746.27,"Atlanta, MI, 49709, Montmorency County",https://www.landwatch.com/montmorency-county-michigan-homes-for-sale/pid/423791315,,,1.0,0.993,0.05,0.5,0.5
1930,0.5486,True,landandfarm,39654734,NC,Cherokee,259.0,1500000.0,5791.51,"Andrews, NC, 28901",https://www.landandfarm.com/property/259-acres-in-cherokee-county-nc-39654734/,,,1.0,0.993,0.05,0.5,0.5
1931,0.5486,True,landandfarm,38421196,MI,Montmorency,261.0,1499777.0,5746.27,"Atlanta, MI, 49709",https://www.landandfarm.com/property/single-family-other-atlanta-mi-38421196/,,,1.0,0.993,0.05,0.5,0.5
1932,0.5483,True,landwatch,423348004,KY,Laurel,370.0,1480000.0,4000.0,"East Bernstadt, KY, 40729, Laurel County",https://www.landwatch.com/laurel-county-kentucky-recreational-property-for-sale/pid/423348004,,,1.0,0.614,0.333,0.5,0.5
1933,0.5483,True,landandfarm,37977885,KY,Laurel,370.0,1480000.0,4000.0,"East Bernstadt, KY, 40729",https://www.landandfarm.com/property/east-bernstadt-kentucky-370-37977885/,,,1.0,0.614,0.333,0.5,0.5
1934,0.5482,True,landsearch,4871728,ND,McLean,600.0,2350000.0,3916.67,"Butte, ND 58723",https://www.landsearch.com/properties/8th-ave-nw-butte-nd-58723/4871728,,,1.0,0.595,0.347,0.5,0.5
1935,0.5482,True,landwatch,424788866,ND,Mclean,600.0,2350000.0,3916.67,"Butte, ND, 58723, McLean County",https://www.landwatch.com/mclean-county-north-dakota-recreational-property-for-sale/pid/424788866,,,1.0,0.595,0.347,0.5,0.5
1936,0.5482,True,landandfarm,39418747,ND,McLean,600.0,2350000.0,3916.67,"Butte, ND, 58723",https://www.landandfarm.com/property/jj-sporting-lodge-39418747/,,,1.0,0.595,0.347,0.5,0.5
1937,0.5482,True,landsearch,5130522,AL,Pike,210.0,890000.0,4238.1,"Banks, AL 36005",https://www.landsearch.com/properties/919-county-road-6628-banks-al-36005/5130522,,,1.0,0.667,0.294,0.5,0.5
1938,0.5482,True,landwatch,426092001,AL,Pike,210.0,890000.0,4238.1,"Banks, AL, 36005, Pike County",https://www.landwatch.com/pike-county-alabama-recreational-property-for-sale/pid/426092001,,,1.0,0.667,0.294,0.5,0.5
1939,0.5482,True,landandfarm,40721882,AL,Pike,210.0,890000.0,4238.1,"Banks, AL, 36005",https://www.landandfarm.com/property/brown-tract-40721882/,,,1.0,0.667,0.294,0.5,0.5
1940,0.5479,True,landwatch,419453169,AL,Bullock,313.0,1300000.0,4153.35,"Union Springs, AL, 36089, Bullock County",https://www.landwatch.com/bullock-county-alabama-recreational-property-for-sale/pid/419453169,,,1.0,0.647,0.308,0.5,0.5
1941,0.5479,True,landwatch,424914811,GA,Bacon,308.0,1325437.0,4303.37,"Alma, GA, 31510, Bacon County",https://www.landwatch.com/bacon-county-georgia-recreational-property-for-sale/pid/424914811,,,1.0,0.68,0.283,0.5,0.5
1942,0.5479,True,landandfarm,39544692,GA,Bacon,308.0,1325437.0,4303.37,"Alma, GA, 31510",https://www.landandfarm.com/property/hurricane-creek-tract-39544692/,,,1.0,0.68,0.283,0.5,0.5
1943,0.5476,True,landwatch,425769695,GA,Dodge,202.0,810000.0,4009.9,"Gresston, GA, 31023, Dodge County",https://www.landwatch.com/dodge-county-georgia-recreational-property-for-sale/pid/425769695,,,1.0,0.613,0.332,0.5,0.5
1944,0.5471,True,landsearch,5184736,GA,Worth,258.0,1500000.0,5813.95,"Oakfield, GA 31772",https://www.landsearch.com/properties/oakfield-ga-31772/5184736,,,1.0,0.987,0.05,0.5,0.5
1945,0.547,True,landsearch,5129945,GA,Burke,203.0,822827.0,4053.33,"Waynesboro, GA 30830",https://www.landsearch.com/properties/watkins-pond-rd-waynesboro-ga-30830/5129945,,,1.0,0.62,0.324,0.5,0.5
1946,0.547,True,landwatch,426101253,GA,Burke,203.0,822827.0,4053.33,"Waynesboro, GA, 30830, Burke County",https://www.landwatch.com/burke-county-georgia-recreational-property-for-sale/pid/426101253,,,1.0,0.62,0.324,0.5,0.5
1947,0.5468,True,landwatch,426517928,OK,Hughes,488.0,2450000.0,5020.49,"Calvin, OK, 74531, Hughes County",https://www.landwatch.com/hughes-county-oklahoma-farms-and-ranches-for-sale/pid/426517928,,,1.0,0.834,0.163,0.5,0.5
1948,0.5468,True,landandfarm,41147809,OK,Hughes,488.0,2450000.0,5020.49,"Calvin, OK, 74531",https://www.landandfarm.com/property/crystal-springs-ranch-41147809/,,,1.0,0.834,0.163,0.5,0.5
1949,0.5464,True,landwatch,422426179,KS,Wilson,200.0,795000.0,3975.0,"Altoona, KS, 66710, Wilson County",https://www.landwatch.com/wilson-county-kansas-farms-and-ranches-for-sale/pid/422426179,,,1.0,0.6,0.338,0.5,0.5
1950,0.5464,True,landwatch,423139623,MS,Leflore,443.0,2100000.0,4740.41,"Avalon, MS, 38917, Leflore County",https://www.landwatch.com/leflore-county-mississippi-farms-and-ranches-for-sale/pid/423139623,,,1.0,0.77,0.21,0.5,0.5
1951,0.5464,True,landandfarm,37769504,MS,Leflore,443.0,2100000.0,4740.41,"Avalon, MS, 38917",https://www.landandfarm.com/property/lishman-farm-and-recreation-37769504/,,,1.0,0.77,0.21,0.5,0.5
1952,0.5463,True,landwatch,426222132,KY,Ohio,315.0,1300000.0,4126.98,"Fordsville, KY, 42343, Ohio County",https://www.landwatch.com/ohio-county-kentucky-farms-and-ranches-for-sale/pid/426222132,,,1.0,0.633,0.312,0.5,0.5
1953,0.5463,True,landandfarm,40852013,KY,Ohio,315.0,1300000.0,4126.98,"Fordsville, KY, 42343",https://www.landandfarm.com/property/phenomenal-turnkey-property-with-cabin-diverse-habitat-hunting-improvemen-40852013/,,,1.0,0.633,0.312,0.5,0.5
1954,0.5463,True,landwatch,424061909,NC,Columbus,396.0,1700000.0,4292.93,"Whiteville, NC, 28472, Columbus County",https://www.landwatch.com/columbus-county-north-carolina-recreational-property-for-sale/pid/424061909,,,1.0,0.67,0.285,0.5,0.5
1955,0.5463,True,landandfarm,38691790,NC,Columbus,396.0,1700000.0,4292.93,"Whiteville, NC, 28472",https://www.landandfarm.com/property/beautiful-huge-tract-of-land-30-min-from-the-beach-38691790/,,,1.0,0.67,0.285,0.5,0.5
1956,0.5462,True,landandfarm,39623965,TX,Gaines,420.0,1900000.0,4523.81,"Seminole, TX, 79360",https://www.landandfarm.com/property/exceptional-420-acre-irrigated-farm-ranch-39623965/,,,1.0,0.721,0.246,0.5,0.5
1957,0.5458,True,landwatch,423995076,OH,Jefferson,464.0,2299000.0,4954.74,"Rayland, OH, 43943, Jefferson County",https://www.landwatch.com/jefferson-county-ohio-farms-and-ranches-for-sale/pid/423995076,,,1.0,0.815,0.174,0.5,0.5
1958,0.5458,True,landandfarm,38624957,OH,Jefferson,464.0,2299000.0,4954.74,"Rayland, OH, 43943",https://www.landandfarm.com/property/mt-pleasant-hunting-haven-38624957/,,,1.0,0.815,0.174,0.5,0.5
1959,0.5457,True,landwatch,423040201,ND,Dickey,200.0,798000.0,3990.0,"Kulm, ND, 58456, Dickey County",https://www.landwatch.com/dickey-county-north-dakota-farms-and-ranches-for-sale/pid/423040201,,,1.0,0.6,0.335,0.5,0.5
1960,0.5457,True,landandfarm,37670082,ND,Dickey,200.0,798000.0,3990.0,"Kulm, ND, 58456",https://www.landandfarm.com/property/a-hunters-paradise-37670082/,,,1.0,0.6,0.335,0.5,0.5
1961,0.5452,True,landwatch,425753604,GA,Terrell,270.0,1485000.0,5500.0,"Dawson, GA, 39842, Terrell County",https://www.landwatch.com/terrell-county-georgia-farms-and-ranches-for-sale/pid/425753604,,,1.0,0.933,0.083,0.5,0.5
1962,0.5452,True,landandfarm,40383485,GA,Terrell,270.0,1485000.0,5500.0,"Dawson, GA, 39842",https://www.landandfarm.com/property/kpr-farm-270-40383485/,,,1.0,0.933,0.083,0.5,0.5
1963,0.5451,True,landsearch,5156873,GA,Webster,775.0,2750000.0,3548.39,"Preston, GA 31824",https://www.landsearch.com/properties/addie-dairy-rd-preston-ga-31824/5156873,,,1.0,0.499,0.409,0.5,0.5
1964,0.5451,True,landandfarm,40380085,GA,Webster,775.0,2750000.0,3548.39,"Preston, GA, 31824",https://www.landandfarm.com/property/king-tract-775-total-acres-premium-plantation-tract-40380085/,,,1.0,0.499,0.409,0.5,0.5
1965,0.5451,True,landsearch,5239223,SD,Brown,478.0,2440000.0,5104.6,"Barnard, SD 57426",https://www.landsearch.com/properties/113th-st-barnard-sd-57426/5239223,,,1.0,0.845,0.149,0.5,0.5
1966,0.5451,True,landwatch,426613123,SD,Brown,478.0,2440000.0,5104.6,"Barnard, SD, 57426, Brown County",https://www.landwatch.com/brown-county-south-dakota-farms-and-ranches-for-sale/pid/426613123,,,1.0,0.845,0.149,0.5,0.5
1967,0.5451,True,landandfarm,41243004,SD,Brown,478.0,2440000.0,5104.6,"Barnard, SD, 57426",https://www.landandfarm.com/property/478-acres-income-producing-crp-crep-recreation-brown-county-sd-41243004/,,,1.0,0.845,0.149,0.5,0.5
1968,0.5451,True,landwatch,425936583,KY,Logan,217.0,979500.0,4513.82,"Quality, KY, 42256, Logan County",https://www.landwatch.com/logan-county-kentucky-undeveloped-land-for-sale/pid/425936583,,,1.0,0.713,0.248,0.5,0.5
1969,0.5447,True,landwatch,425858574,KS,Elk,313.0,1321425.0,4221.81,"Elk City, KS, 67344, Elk County",https://www.landwatch.com/elk-county-kansas-farms-and-ranches-for-sale/pid/425858574,,,1.0,0.647,0.296,0.5,0.5
1970,0.5447,True,landandfarm,40488455,KS,Elk,313.0,1321425.0,4221.81,"Elk City, KS, 67344",https://www.landandfarm.com/property/313-acres-of-whitetail-and-waterfowl-paradise-in-elk-county-40488455/,,,1.0,0.647,0.296,0.5,0.5
1971,0.5445,True,landwatch,422140175,VA,Smyth,700.0,2300000.0,3285.71,"Saltville, VA, 24370, Smyth County",https://www.landwatch.com/smyth-county-virginia-undeveloped-land-for-sale/pid/422140175,,,1.0,0.438,0.452,0.5,0.5
1972,0.5445,True,landandfarm,36770056,VA,Smyth,700.0,2300000.0,3285.71,"Saltville, VA, 24370",https://www.landandfarm.com/property/land-saltville-va-36770056/,,,1.0,0.438,0.452,0.5,0.5
1973,0.5443,True,landwatch,425764116,AL,Dale,216.0,972000.0,4500.0,"Brundidge, AL, 36010, Dale County",https://www.landwatch.com/dale-county-alabama-farms-and-ranches-for-sale/pid/425764116,,,1.0,0.707,0.25,0.5,0.5
1974,0.5443,True,landandfarm,40393997,AL,Dale,216.0,972000.0,4500.0,"Brundidge, AL, 36010",https://www.landandfarm.com/property/216-acres-of-prime-recreational-and-agricultural-land-in-dale-county-40393997/,,,1.0,0.707,0.25,0.5,0.5
1975,0.544,True,landwatch,425177345,NE,Howard,350.0,1365000.0,3900.0,"Saint Paul, NE, 68873, Howard County",https://www.landwatch.com/howard-county-nebraska-farms-and-ranches-for-sale/pid/425177345,,,1.0,0.572,0.35,0.5,0.5
1976,0.544,True,landandfarm,39807226,NE,Howard,350.0,1365000.0,3900.0,"Saint Paul, NE, 68873",https://www.landandfarm.com/property/howard-county-pasture-farm-39807226/,,,1.0,0.572,0.35,0.5,0.5
1977,0.5433,True,landandfarm,40538348,AL,Coffee,232.0,1160000.0,5000.0,"New Brockton, AL, 36351",https://www.landandfarm.com/property/mixons-row-crop-cattle-farm-40538348/,,,1.0,0.813,0.167,0.5,0.5
1978,0.5432,True,landwatch,425974804,KY,Hopkins,354.0,1400000.0,3954.8,"Dawson Springs, KY, 42408, Hopkins County",https://www.landwatch.com/hopkins-county-kentucky-farms-and-ranches-for-sale/pid/425974804,,,1.0,0.58,0.341,0.5,0.5
1979,0.5432,True,landandfarm,40604685,KY,Hopkins,354.0,1400000.0,3954.8,"Dawson Springs, KY, 42408",https://www.landandfarm.com/property/western-kentucky-hunting-paradise-40604685/,,,1.0,0.58,0.341,0.5,0.5
1980,0.5431,True,landwatch,418802939,NC,Hyde,552.0,2475000.0,4483.7,"Makleyville, NC, 27875, Hyde County",https://www.landwatch.com/hyde-county-north-carolina-timberland-property-for-sale/pid/418802939,,,1.0,0.698,0.253,0.5,0.5
1981,0.5431,True,landandfarm,33432819,NC,Hyde,552.0,2475000.0,4483.7,"Makleyville, NC, 27875",https://www.landandfarm.com/property/hyde-county-bear-hunting-33432819/,,,1.0,0.698,0.253,0.5,0.5
1982,0.5431,True,landwatch,426304584,AR,Chicot,344.0,1328000.0,3860.47,"Portland, AR, 71663, Chicot County",https://www.landwatch.com/chicot-county-arkansas-recreational-property-for-sale/pid/426304584,,,1.0,0.559,0.357,0.5,0.5
1983,0.5431,True,landandfarm,40934465,AR,Chicot,344.0,1328000.0,3860.47,"Portland, AR, 71663",https://www.landandfarm.com/property/344-acres-of-prime-arkansas-delta-hunting-recreational-land-40934465/,,,1.0,0.559,0.357,0.5,0.5
1984,0.543,True,landwatch,426019398,PA,Somerset,204.0,850000.0,4166.67,"Fort Hill, PA, 15540, Somerset County",https://www.landwatch.com/somerset-county-pennsylvania-farms-and-ranches-for-sale/pid/426019398,,,1.0,0.627,0.306,0.5,0.5
1985,0.543,True,landandfarm,40649279,PA,Somerset,204.0,850000.0,4166.67,"Fort Hill, PA, 15540",https://www.landandfarm.com/property/farm-addison-twp-pa-40649279/,,,1.0,0.627,0.306,0.5,0.5
1986,0.5429,True,landwatch,425392718,AR,Independence,300.0,1395000.0,4650.0,"Batesville, AR, 72501, Independence County",https://www.landwatch.com/independence-county-arkansas-recreational-property-for-sale/pid/425392718,,,1.0,0.733,0.225,0.5,0.5
1987,0.5429,True,landandfarm,40022599,AR,Independence,300.0,1395000.0,4650.0,"Batesville, AR, 72501",https://www.landandfarm.com/property/turnkey-300-acre-ozark-hunting-lodge-with-proven-food-plots-stands-l-40022599/,,,1.0,0.733,0.225,0.5,0.5
1988,0.5427,True,landwatch,426565124,AR,Monroe,233.0,1175000.0,5042.92,"Marvell, AR, 72366, Monroe County",https://www.landwatch.com/monroe-county-arkansas-recreational-property-for-sale/pid/426565124,,,1.0,0.82,0.16,0.5,0.5
1989,0.5427,True,landandfarm,41195005,AR,Monroe,233.0,1175000.0,5042.92,"Marvell, AR, 72366",https://www.landandfarm.com/property/arkansas-delta-duck-deer-41195005/,,,1.0,0.82,0.16,0.5,0.5
1990,0.5424,True,landwatch,426044043,AL,Washington,505.0,2499995.0,4950.49,"Fruitdale, AL, 36529, Washington County",https://www.landwatch.com/washington-county-alabama-recreational-property-for-sale/pid/426044043,,,1.0,0.798,0.175,0.5,0.5
1991,0.542,True,landandfarm,34562173,AR,Pike,676.0,2197487.0,3250.72,"Nashville, AR, 71852",https://www.landandfarm.com/property/plaster-bluff-34562173/,,,1.0,0.418,0.458,0.5,0.5
1992,0.5418,True,landwatch,426001031,KS,Montgomery,486.0,2500000.0,5144.03,"Liberty, KS, 67351, Montgomery County",https://www.landwatch.com/montgomery-county-kansas-farms-and-ranches-for-sale/pid/426001031,,,1.0,0.838,0.143,0.5,0.5
1993,0.5418,True,landandfarm,40630912,KS,Montgomery,486.0,2500000.0,5144.03,"Liberty, KS, 67351",https://www.landandfarm.com/property/creekside-hunt-income-farm-40630912/,,,1.0,0.838,0.143,0.5,0.5
1994,0.5416,True,landwatch,425929415,GA,Macon,407.0,1830366.0,4497.21,"Andersonville, GA, 31711, Macon County",https://www.landwatch.com/macon-county-georgia-farms-and-ranches-for-sale/pid/425929415,,,1.0,0.693,0.25,0.5,0.5
1995,0.5416,True,landandfarm,40559296,GA,Macon,407.0,1830366.0,4497.21,"Andersonville, GA, 31711",https://www.landandfarm.com/property/406-75-acres-in-macon-county-40559296/,,,1.0,0.693,0.25,0.5,0.5
1996,0.5411,True,landwatch,426492699,IL,Saline,436.0,2086000.0,4784.4,"Ledford, IL, 62946, Saline County",https://www.landwatch.com/saline-county-illinois-recreational-property-for-sale/pid/426492699,,,1.0,0.755,0.203,0.5,0.5
1997,0.5411,True,landandfarm,41122580,IL,Saline,436.0,2086000.0,4784.4,"Ledford, IL, 62946",https://www.landandfarm.com/property/436a-trophy-deer-sanctuary-41122580/,,,1.0,0.755,0.203,0.5,0.5
1998,0.5411,True,landwatch,423959798,KY,Ohio,328.0,1230000.0,3750.0,"Cromwell, KY, 42333, Ohio County",https://www.landwatch.com/ohio-county-kentucky-farms-and-ranches-for-sale/pid/423959798,,,1.0,0.525,0.375,0.5,0.5
1999,0.5411,True,landandfarm,38589679,KY,Ohio,328.0,1230000.0,3750.0,"Cromwell, KY, 42333",https://www.landandfarm.com/property/328-acres-in-ohio-county-ky-38589679/,,,1.0,0.525,0.375,0.5,0.5
2000,0.541,True,landwatch,421611609,NE,Rock,480.0,2500000.0,5208.33,"Bassett, NE, 68714, Rock County",https://www.landwatch.com/rock-county-nebraska-farms-and-ranches-for-sale/pid/421611609,,,1.0,0.849,0.132,0.5,0.5
2001,0.541,True,landandfarm,36241489,NE,Rock,480.0,2500000.0,5208.33,"Bassett, NE, 68714",https://www.landandfarm.com/property/bassett-480-36241489/,,,1.0,0.849,0.132,0.5,0.5
2002,0.5409,True,landwatch,422942886,GA,Wilkinson,553.0,2500000.0,4520.8,"Irwinton, GA, 31042, Wilkinson County",https://www.landwatch.com/wilkinson-county-georgia-recreational-property-for-sale/pid/422942886,,,1.0,0.695,0.247,0.5,0.5
2003,0.5409,True,landandfarm,37572767,GA,Wilkinson,553.0,2500000.0,4520.8,"Irwinton, GA, 31042",https://www.landandfarm.com/property/porter-creek-plantation-37572767/,,,1.0,0.695,0.247,0.5,0.5
2004,0.5408,True,landwatch,426297372,VA,Halifax,222.0,1055000.0,4752.25,"Virgilina, VA, 24598, Halifax County",https://www.landwatch.com/halifax-county-virginia-farms-and-ranches-for-sale/pid/426297372,,,1.0,0.747,0.208,0.5,0.5
2005,0.5408,True,landandfarm,40927253,VA,Halifax,222.0,1055000.0,4752.25,"Virgilina, VA, 24598",https://www.landandfarm.com/property/farms-virgilina-va-40927253/,,,1.0,0.747,0.208,0.5,0.5
2006,0.5401,True,landwatch,422210224,IN,Crawford,303.0,1399000.0,4617.16,"English, IN, 47118, Crawford County",https://www.landwatch.com/crawford-county-indiana-recreational-property-for-sale/pid/422210224,,,1.0,0.713,0.23,0.5,0.5
2007,0.5393,True,landandfarm,39512520,MO,Texas,200.0,825000.0,4125.0,"Graff, MO, 65660",https://www.landandfarm.com/property/county-line-farm-39512520/,,,1.0,0.6,0.312,0.5,0.5
2008,0.5391,True,landwatch,426212530,SD,Tripp,720.0,2500000.0,3472.22,"Hamill, SD, 57534, Tripp County",https://www.landwatch.com/tripp-county-south-dakota-farms-and-ranches-for-sale/pid/426212530,,,1.0,0.454,0.421,0.5,0.5
2009,0.5391,True,landandfarm,40842411,SD,Tripp,720.0,2500000.0,3472.22,"Hamill, SD, 57534",https://www.landandfarm.com/property/tripp-county-sd-720-acres-40842411/,,,1.0,0.454,0.421,0.5,0.5
2010,0.5386,True,landwatch,426517880,MO,Phelps,306.0,1395000.0,4558.82,"Newburg, MO, 65550, Phelps County",https://www.landwatch.com/phelps-county-missouri-farms-and-ranches-for-sale/pid/426517880,,,1.0,0.693,0.24,0.5,0.5
2011,0.5386,True,landandfarm,41147761,MO,Phelps,306.0,1395000.0,4558.82,"Newburg, MO, 65550",https://www.landandfarm.com/property/treable-creek-farm-41147761/,,,1.0,0.693,0.24,0.5,0.5
2012,0.5386,True,landwatch,426535482,NY,Delaware,225.0,1100000.0,4888.89,"Margaretville, NY, 12455, Delaware County",https://www.landwatch.com/delaware-county-new-york-homes-for-sale/pid/426535482,,,1.0,0.767,0.185,0.5,0.5
2013,0.5386,True,landandfarm,41165363,NY,Delaware,225.0,1100000.0,4888.89,"Margaretville, NY, 12455",https://www.landandfarm.com/property/single-family-other-margaretville-ny-41165363/,,,1.0,0.767,0.185,0.5,0.5
2014,0.5386,True,landwatch,424776238,TX,Real,477.0,2495000.0,5230.61,"Rocksprings, TX, 78880, Real County",https://www.landwatch.com/real-county-texas-farms-and-ranches-for-sale/pid/424776238,,,1.0,0.843,0.128,0.5,0.5
2015,0.5386,True,landandfarm,39406119,TX,Real,477.0,2495000.0,5230.61,"Rocksprings, TX, 78880",https://www.landandfarm.com/property/diamond-h-ranch-39406119/,,,1.0,0.843,0.128,0.5,0.5
2016,0.5382,True,landwatch,424980566,OK,Craig,400.0,1800000.0,4500.0,"Bluejacket, OK, 74333, Craig County",https://www.landwatch.com/craig-county-oklahoma-farms-and-ranches-for-sale/pid/424980566,,,1.0,0.678,0.25,0.5,0.5
2017,0.5382,True,landandfarm,39610447,OK,Craig,400.0,1800000.0,4500.0,"Bluejacket, OK, 74333",https://www.landandfarm.com/property/fantastic-piece-of-highland-in-god-s-country-39610447/,,,1.0,0.678,0.25,0.5,0.5
2018,0.5382,True,landwatch,425696923,MO,Morgan,328.0,1250000.0,3810.98,"Stover, MO, 65078, Morgan County",https://www.landwatch.com/morgan-county-missouri-farms-and-ranches-for-sale/pid/425696923,,,1.0,0.525,0.365,0.5,0.5
2019,0.5382,True,landandfarm,40326804,MO,Morgan,328.0,1250000.0,3810.98,"Stover, MO, 65078",https://www.landandfarm.com/property/morgan-county-missouri-327-51-acre-farm-with-extras-40326804/,,,1.0,0.525,0.365,0.5,0.5
2020,0.538,True,landwatch,421926135,MO,Saint Clair,210.0,935000.0,4452.38,"Collins, MO, 64738, Saint Clair County",https://www.landwatch.com/saint-clair-county-missouri-farms-and-ranches-for-sale/pid/421926135,,,1.0,0.667,0.258,0.5,0.5
2021,0.538,True,landandfarm,36556016,MO,Saint Clair,210.0,935000.0,4452.38,"Collins, MO, 64738",https://www.landandfarm.com/property/dream-hunting-escape-36556016/,,,1.0,0.667,0.258,0.5,0.5
2022,0.5379,True,landandfarm,40736471,AR,Madison,375.0,1600000.0,4266.67,"Elkins, AR, 72727",https://www.landandfarm.com/property/375-acre-hunting-and-recreational-land-in-madison-county-ar-40736471/,,,1.0,0.625,0.289,0.5,0.5
2023,0.5379,True,landwatch,419458547,NY,Ulster,215.0,990000.0,4604.65,"Lloyd, NY, 12515, Ulster County",https://www.landwatch.com/ulster-county-new-york-recreational-property-for-sale/pid/419458547,,,1.0,0.7,0.233,0.5,0.5
2024,0.5379,True,landandfarm,34088427,NY,Ulster,215.0,990000.0,4604.65,"Lloyd, NY, 12515",https://www.landandfarm.com/property/large-acreage-providing-a-blank-canvas-for-a-future-homestead-or-investment-34088427/,,,1.0,0.7,0.233,0.5,0.5
2025,0.5377,True,landwatch,425613625,GA,Randolph,331.0,1274350.0,3850.0,"Cuthbert, GA, 39840, Randolph County",https://www.landwatch.com/randolph-county-georgia-recreational-property-for-sale/pid/425613625,,,1.0,0.531,0.358,0.5,0.5
2026,0.5377,True,landandfarm,40243506,GA,Randolph,331.0,1274350.0,3850.0,"Cuthbert, GA, 39840",https://www.landandfarm.com/property/331-acres-randolph-county-ga-bradley-s-cotton-hill-tract-40243506/,,,1.0,0.531,0.358,0.5,0.5
2027,0.5374,True,landwatch,425213898,NY,Franklin,239.0,1275000.0,5334.73,"Malone, NY, 12953, Franklin County",https://www.landwatch.com/franklin-county-new-york-lakefront-property-for-sale/pid/425213898,,,1.0,0.86,0.111,0.5,0.5
2028,0.5374,True,landandfarm,39843779,NY,Franklin,239.0,1275000.0,5334.73,"Malone, NY, 12953",https://www.landandfarm.com/property/single-family-ranch-malone-ny-39843779/,,,1.0,0.86,0.111,0.5,0.5
2029,0.5372,True,landwatch,426661281,KY,Warren,444.0,2195000.0,4943.69,"Bowling Green, KY, 42101, Warren County",https://www.landwatch.com/warren-county-kentucky-farms-and-ranches-for-sale/pid/426661281,,,1.0,0.772,0.176,0.5,0.5
2030,0.5372,True,landandfarm,41291162,KY,Warren,444.0,2195000.0,4943.69,"Bowling Green, KY, 42101",https://www.landandfarm.com/property/warren-co-ky-444-371-acres-41291162/,,,1.0,0.772,0.176,0.5,0.5
2031,0.537,True,landwatch,424568875,GA,Pulaski,211.0,950000.0,4502.37,"Pineview, GA, 31071, Pulaski County",https://www.landwatch.com/pulaski-county-georgia-farms-and-ranches-for-sale/pid/424568875,,,1.0,0.673,0.25,0.5,0.5
2032,0.537,True,landandfarm,41294800,GA,Heard,715.0,2502500.0,3500.0,"Franklin, GA, 30217",https://www.landandfarm.com/property/715-acres-in-heard-county-41294800/,,,1.0,0.45,0.417,0.5,0.5
2033,0.5367,True,landwatch,425243536,GA,Bleckley,219.0,1040250.0,4750.0,"Cochran, GA, 31014, Bleckley County",https://www.landwatch.com/bleckley-county-georgia-recreational-property-for-sale/pid/425243536,,,1.0,0.727,0.208,0.5,0.5
2034,0.5367,True,landandfarm,39873417,GA,Bleckley,219.0,1040250.0,4750.0,"Cochran, GA, 31014",https://www.landandfarm.com/property/limestone-creek-farm-39873417/,,,1.0,0.727,0.208,0.5,0.5
2035,0.5366,True,landwatch,426593319,OK,Love,360.0,1494000.0,4150.0,"Wilson, OK, 73463, Love County",https://www.landwatch.com/love-county-oklahoma-farms-and-ranches-for-sale/pid/426593319,,,1.0,0.593,0.308,0.5,0.5
2036,0.536,True,landwatch,426168642,VA,Bedford,421.0,1999000.0,4748.22,"Montvale, VA, 24122, Bedford County",https://www.landwatch.com/bedford-county-virginia-farms-and-ranches-for-sale/pid/426168642,,,1.0,0.723,0.209,0.5,0.5
2037,0.536,True,landandfarm,40798523,VA,Bedford,421.0,1999000.0,4748.22,"Montvale, VA, 24122",https://www.landandfarm.com/property/legacy-farm-in-bedford-county-40798523/,,,1.0,0.723,0.209,0.5,0.5
2038,0.5359,True,landwatch,424881927,NE,Rock,775.0,2900000.0,3741.94,"Bassett, NE, 68714, Rock County",https://www.landwatch.com/rock-county-nebraska-farms-and-ranches-for-sale/pid/424881927,,,1.0,0.499,0.376,0.5,0.5
2039,0.5359,True,landandfarm,39511808,NE,Rock,775.0,2900000.0,3741.94,"Bassett, NE, 68714",https://www.landandfarm.com/property/niobrara-river-cabin-ranch-39511808/,,,1.0,0.499,0.376,0.5,0.5
2040,0.5359,True,landandfarm,40870609,VA,Bath,790.0,3000000.0,3797.47,"Millboro, VA, 24460",https://www.landandfarm.com/property/single-family-national-millboro-va-40870609/,,,1.0,0.511,0.367,0.5,0.5
2041,0.5357,True,landwatch,424389809,MS,Tate,310.0,1395000.0,4500.0,"Coldwater, MS, 38618, Tate County",https://www.landwatch.com/tate-county-mississippi-recreational-property-for-sale/pid/424389809,,,1.0,0.667,0.25,0.5,0.5
2042,0.5357,True,landwatch,426469009,MS,Tallahatchie,320.0,1344000.0,4200.0,"Charleston, MS, 38921, Tallahatchie County",https://www.landwatch.com/tallahatchie-county-mississippi-timberland-property-for-sale/pid/426469009,,,1.0,0.6,0.3,0.5,0.5
2043,0.5357,True,landwatch,419273119,VA,Madison,270.0,1599500.0,5924.07,"Madison, VA, 22727, Madison County",https://www.landwatch.com/madison-county-virginia-land-for-sale/pid/419273119,,,1.0,0.933,0.05,0.5,0.5
2044,0.5357,True,landandfarm,41098890,MS,Tallahatchie,320.0,1344000.0,4200.0,"Charleston, MS, 38921",https://www.landandfarm.com/property/the-demange-woods-41098890/,,,1.0,0.6,0.3,0.5,0.5
2045,0.5357,True,landandfarm,39019690,MS,Tate,310.0,1395000.0,4500.0,"Coldwater, MS, 38618",https://www.landandfarm.com/property/arkabutla-hills-39019690/,,,1.0,0.667,0.25,0.5,0.5
2046,0.5357,True,landandfarm,33902999,VA,Madison,270.0,1599500.0,5924.07,"Madison, VA, 22727",https://www.landandfarm.com/property/quaker-run-road-madison-va-22727-33902999/,,,1.0,0.933,0.05,0.5,0.5
2047,0.5356,True,landandfarm,40844513,GA,Marion,337.0,1331150.0,3950.0,"Buena Vista, GA, 31803",https://www.landandfarm.com/property/337-acres-ideal-recreation-retreat-40844513/,,,1.0,0.544,0.342,0.5,0.5
2048,0.5355,True,landwatch,426225564,KS,Jewell,314.0,1377000.0,4385.35,"Jewell, KS, 66949, Jewell County",https://www.landwatch.com/jewell-county-kansas-farms-and-ranches-for-sale/pid/426225564,,,1.0,0.64,0.269,0.5,0.5
2049,0.5355,True,landandfarm,40855445,KS,Jewell,314.0,1377000.0,4385.35,"Jewell, KS, 66949",https://www.landandfarm.com/property/jewel-of-the-prairie-farm-40855445/,,,1.0,0.64,0.269,0.5,0.5
2050,0.5354,True,landwatch,425371124,GA,Sumter,290.0,1481064.0,5107.12,"Americus, GA, 31709, Sumter County",https://www.landwatch.com/sumter-county-georgia-recreational-property-for-sale/pid/425371124,,,1.0,0.8,0.149,0.5,0.5
2051,0.5354,True,landandfarm,40001005,GA,Sumter,290.0,1481064.0,5107.12,"Americus, GA, 31709",https://www.landandfarm.com/property/heritage-pine-farms-40001005/,,,1.0,0.8,0.149,0.5,0.5
2052,0.5351,True,landwatch,425183762,TN,Roane,396.0,1793050.0,4527.9,"Kingston, TN, 37763, Roane County",https://www.landwatch.com/roane-county-tennessee-recreational-property-for-sale/pid/425183762,,,1.0,0.67,0.245,0.5,0.5
2053,0.5351,True,landandfarm,39813643,TN,Roane,396.0,1793050.0,4527.9,"Kingston, TN, 37763",https://www.landandfarm.com/property/396-acre-roane-county-recreational-and-residential-tract-39813643/,,,1.0,0.67,0.245,0.5,0.5
2054,0.5348,True,landwatch,424915005,TN,Maury,742.0,2704590.0,3645.0,"Mount Pleasant, TN, 38461, Maury County",https://www.landwatch.com/maury-county-tennessee-recreational-property-for-sale/pid/424915005,,,1.0,0.472,0.392,0.5,0.5
2055,0.5348,True,landandfarm,39544886,TN,Maury,742.0,2704590.0,3645.0,"Mount Pleasant, TN, 38461",https://www.landandfarm.com/property/cathey-s-creek-39544886/,,,1.0,0.472,0.392,0.5,0.5
2056,0.5347,True,landwatch,424132913,WI,Langlade,612.0,2500000.0,4084.97,"Gleason, WI, 54435, Langlade County",https://www.landwatch.com/langlade-county-wisconsin-lakefront-property-for-sale/pid/424132913,,,1.0,0.57,0.319,0.5,0.5
2057,0.5347,True,landandfarm,38762794,WI,Langlade,612.0,2500000.0,4084.97,"Gleason, WI, 54435",https://www.landandfarm.com/property/1-story-single-family-gleason-wi-38762794/,,,1.0,0.57,0.319,0.5,0.5
2058,0.5346,True,landwatch,425553641,AL,Crenshaw,340.0,1360000.0,4000.0,"Brantley, AL, 36009, Crenshaw County",https://www.landwatch.com/crenshaw-county-alabama-recreational-property-for-sale/pid/425553641,,,1.0,0.551,0.333,0.5,0.5
2059,0.5343,True,landwatch,426460959,AL,Blount,700.0,2450000.0,3500.0,"Remlap, AL, 35133, Blount County",https://www.landwatch.com/blount-county-alabama-recreational-property-for-sale/pid/426460959,,,1.0,0.438,0.417,0.5,0.5
2060,0.5343,True,landandfarm,41090840,AL,Blount,700.0,2450000.0,3500.0,"Remlap, AL, 35133",https://www.landandfarm.com/property/blount-county-recreational-paradise-700-acres-41090840/,,,1.0,0.438,0.417,0.5,0.5
2061,0.5341,True,landwatch,425833851,VA,Cumberland,368.0,1575000.0,4279.89,"Cumberland, VA, 23040, Cumberland County",https://www.landwatch.com/cumberland-county-virginia-recreational-property-for-sale/pid/425833851,,,1.0,0.61,0.287,0.5,0.5
2062,0.5341,True,landandfarm,40463732,VA,Cumberland,368.0,1575000.0,4279.89,"Cumberland, VA, 23040",https://www.landandfarm.com/property/maxeys-mill-road-368-acres-40463732/,,,1.0,0.61,0.287,0.5,0.5
2063,0.5339,True,landsearch,4880167,TN,Wayne,333.0,1315000.0,3948.95,"Collinwood, TN 38450",https://www.landsearch.com/properties/hughes-farm-rd-collinwood-tn-38450/4880167,,,1.0,0.536,0.342,0.5,0.5
2064,0.5333,True,landwatch,426582237,TN,Hickman,225.0,1125000.0,5000.0,"Duck River, TN, 38454, Hickman County",https://www.landwatch.com/hickman-county-tennessee-recreational-property-for-sale/pid/426582237,,,1.0,0.767,0.167,0.5,0.5
2065,0.5333,True,landwatch,425244376,SD,Gregory,200.0,850000.0,4250.0,"Fairfax, SD, 57335, Gregory County",https://www.landwatch.com/gregory-county-south-dakota-farms-and-ranches-for-sale/pid/425244376,,,1.0,0.6,0.292,0.5,0.5
2066,0.5333,True,landandfarm,41212118,TN,Hickman,225.0,1125000.0,5000.0,"Duck River, TN, 38454",https://www.landandfarm.com/property/225-acres-hickman-county-tn-ugly-creek-41212118/,,,1.0,0.767,0.167,0.5,0.5
2067,0.5333,True,landandfarm,39874257,SD,Gregory,200.0,850000.0,4250.0,"Fairfax, SD, 57335",https://www.landandfarm.com/property/gregory-county-sd-200-acres-39874257/,,,1.0,0.6,0.292,0.5,0.5
2068,0.5333,True,landwatch,425401992,KS,Montgomery,389.0,1749999.0,4498.71,"Coffeyville, KS, 67337, Montgomery County",https://www.landwatch.com/montgomery-county-kansas-farms-and-ranches-for-sale/pid/425401992,,,1.0,0.655,0.25,0.5,0.5
2069,0.5333,True,landandfarm,40031873,KS,Montgomery,389.0,1749999.0,4498.71,"Coffeyville, KS, 67337",https://www.landandfarm.com/property/outdoorsman-s-dream-on-onion-creek-40031873/,,,1.0,0.655,0.25,0.5,0.5
2070,0.5329,True,landwatch,424735950,KY,Owen,272.0,1632000.0,6000.0,"Owenton, KY, 40359, Owen County",https://www.landwatch.com/owen-county-kentucky-undeveloped-land-for-sale/pid/424735950,,,1.0,0.92,0.05,0.5,0.5
2071,0.5329,True,landandfarm,39365831,KY,Owen,272.0,1632000.0,6000.0,"Owenton, KY, 40359",https://www.landandfarm.com/property/272-acres-in-owen-county-ky-39365831/,,,1.0,0.92,0.05,0.5,0.5
2072,0.5325,True,landwatch,424335453,MO,Maries,204.0,895000.0,4387.25,"Vienna, MO, 65582, Maries County",https://www.landwatch.com/maries-county-missouri-recreational-property-for-sale/pid/424335453,,,1.0,0.627,0.269,0.5,0.5
2073,0.5325,True,landandfarm,38965334,MO,Maries,204.0,895000.0,4387.25,"Vienna, MO, 65582",https://www.landandfarm.com/property/maries-paydown-tract-2-38965334/,,,1.0,0.627,0.269,0.5,0.5
2074,0.5324,True,landwatch,426343488,IL,Union,237.0,1275000.0,5379.75,"Dongola, IL, 62926, Union County",https://www.landwatch.com/union-county-illinois-farms-and-ranches-for-sale/pid/426343488,,,1.0,0.847,0.103,0.5,0.5
2075,0.5324,True,landandfarm,40973369,IL,Union,237.0,1275000.0,5379.75,"Dongola, IL, 62926",https://www.landandfarm.com/property/236-5-acre-managed-hunting-farm-with-income-and-big-buck-history-40973369/,,,1.0,0.847,0.103,0.5,0.5
2076,0.532,True,landwatch,426041422,IL,Union,315.0,1395000.0,4428.57,"Dongola, IL, 62926, Union County",https://www.landwatch.com/union-county-illinois-recreational-property-for-sale/pid/426041422,,,1.0,0.633,0.262,0.5,0.5
2077,0.532,True,landandfarm,40671303,IL,Union,315.0,1395000.0,4428.57,"Dongola, IL, 62926",https://www.landandfarm.com/property/315-acre-premier-hunting-farm-with-creek-system-and-timber-in-union-county-40671303/,,,1.0,0.633,0.262,0.5,0.5
2078,0.5314,True,landwatch,425065779,GA,Jenkins,217.0,1041600.0,4800.0,"Millen, GA, 30442, Jenkins County",https://www.landwatch.com/jenkins-county-georgia-recreational-property-for-sale/pid/425065779,,,1.0,0.713,0.2,0.5,0.5
2079,0.5314,True,landandfarm,39695660,GA,Jenkins,217.0,1041600.0,4800.0,"Millen, GA, 30442",https://www.landandfarm.com/property/ogeechee-river-plantation-tract-2-39695660/,,,1.0,0.713,0.2,0.5,0.5
2080,0.5307,True,landwatch,426263602,MS,Carroll,427.0,2100000.0,4918.03,"Carrollton, MS, 38923, Carroll County",https://www.landwatch.com/carroll-county-mississippi-recreational-property-for-sale/pid/426263602,,,1.0,0.736,0.18,0.5,0.5
2081,0.5307,True,landandfarm,40893483,MS,Carroll,427.0,2100000.0,4918.03,"Carrollton, MS, 38923",https://www.landandfarm.com/property/carroll-427-40893483/,,,1.0,0.736,0.18,0.5,0.5
2082,0.5305,True,landwatch,425678733,MO,Phelps,678.0,2372335.0,3499.02,"Dixon, MO, 65459, Phelps County",https://www.landwatch.com/phelps-county-missouri-farms-and-ranches-for-sale/pid/425678733,,,1.0,0.42,0.417,0.5,0.5
2083,0.5305,True,landandfarm,40308614,MO,Phelps,678.0,2372335.0,3499.02,"Dixon, MO, 65459",https://www.landandfarm.com/property/677-81-acre-phelps-county-missouri-hunting-ranch-40308614/,,,1.0,0.42,0.417,0.5,0.5
2084,0.5305,True,landwatch,426224740,OH,Ross,212.0,990000.0,4669.81,"Chillicothe, OH, 45601, Ross County",https://www.landwatch.com/ross-county-ohio-recreational-property-for-sale/pid/426224740,,,1.0,0.68,0.222,0.5,0.5
2085,0.5305,True,landwatch,426336563,OH,Ross,212.0,990000.0,4669.81,"Chillicothe, OH, 45601, Ross County",https://www.landwatch.com/ross-county-ohio-undeveloped-land-for-sale/pid/426336563,,,1.0,0.68,0.222,0.5,0.5
2086,0.5305,True,landandfarm,40854621,OH,Ross,212.0,990000.0,4669.81,"Chillicothe, OH, 45601",https://www.landandfarm.com/property/211-acres-in-ross-county-ohio-40854621/,,,1.0,0.68,0.222,0.5,0.5
2087,0.5305,True,landandfarm,40966444,OH,Ross,212.0,990000.0,4669.81,"Chillicothe, OH, 45601",https://www.landandfarm.com/property/vacant-land-chillicothe-oh-40966444/,,,1.0,0.68,0.222,0.5,0.5
2088,0.5304,True,landwatch,423840293,KS,Butler,391.0,1790000.0,4578.01,"Leon, KS, 67074, Butler County",https://www.landwatch.com/butler-county-kansas-farms-and-ranches-for-sale/pid/423840293,,,1.0,0.659,0.237,0.5,0.5
2089,0.5304,True,landandfarm,38470174,KS,Butler,391.0,1790000.0,4578.01,"Leon, KS, 67074",https://www.landandfarm.com/property/secluded-hunting-tract-with-income-producing-acres-38470174/,,,1.0,0.659,0.237,0.5,0.5
2090,0.53,True,landwatch,423125995,SD,Tripp,455.0,2366000.0,5200.0,"Winner, SD, 57580, Tripp County",https://www.landwatch.com/tripp-county-south-dakota-farms-and-ranches-for-sale/pid/423125995,,,1.0,0.796,0.133,0.5,0.5
2091,0.53,True,landandfarm,37755876,SD,Tripp,455.0,2366000.0,5200.0,"Winner, SD, 57580",https://www.landandfarm.com/property/tripp-county-sd-455-acres-37755876/,,,1.0,0.796,0.133,0.5,0.5
2092,0.5299,True,landwatch,425177342,NC,Caldwell,587.0,2597475.0,4425.0,"Lenoir, NC, 28645, Caldwell County",https://www.landwatch.com/caldwell-county-north-carolina-recreational-property-for-sale/pid/425177342,,,1.0,0.623,0.262,0.5,0.5
2093,0.5299,True,landandfarm,39807223,NC,Caldwell,587.0,2597475.0,4425.0,"Lenoir, NC, 28645",https://www.landandfarm.com/property/587-acres-in-the-blue-ridge-mountains-39807223/,,,1.0,0.623,0.262,0.5,0.5
2094,0.5294,True,landwatch,420296963,VA,Rockingham,212.0,995000.0,4693.4,"Criders, VA, 22820, Rockingham County",https://www.landwatch.com/rockingham-county-virginia-undeveloped-land-for-sale/pid/420296963,,,1.0,0.68,0.218,0.5,0.5
2095,0.5292,True,landwatch,420740374,GA,Calhoun,204.0,909000.0,4455.88,"Arlington, GA, 39813, Calhoun County",https://www.landwatch.com/calhoun-county-georgia-recreational-property-for-sale/pid/420740374,,,1.0,0.627,0.257,0.5,0.5
2096,0.5292,True,landandfarm,35370254,GA,Calhoun,204.0,909000.0,4455.88,"Arlington, GA, 39813",https://www.landandfarm.com/property/wood-valley-farm-35370254/,,,1.0,0.627,0.257,0.5,0.5
2097,0.5292,True,landwatch,426594737,NE,Boyd,555.0,2635253.0,4748.2,"Gross, NE, 49686, Boyd County",https://www.landwatch.com/boyd-county-nebraska-farms-and-ranches-for-sale/pid/426594737,,,1.0,0.691,0.209,0.5,0.5
2098,0.5292,True,landandfarm,41224618,NE,Boyd,555.0,2635253.0,4748.2,"Gross, NE, 49686",https://www.landandfarm.com/property/554-79-acres-border-property-for-sale-in-boyd-county-missouri-river-break-41224618/,,,1.0,0.691,0.209,0.5,0.5
2099,0.529,True,landwatch,419529619,TN,Warren,298.0,1490000.0,5000.0,"McMinnville, TN, 37110, Warren County",https://www.landwatch.com/warren-county-tennessee-recreational-property-for-sale/pid/419529619,,,1.0,0.747,0.167,0.5,0.5
2100,0.5286,True,landwatch,425835607,IL,Gallatin,598.0,2600000.0,4347.83,"Equality, IL, 62934, Gallatin County",https://www.landwatch.com/gallatin-county-illinois-recreational-property-for-sale/pid/425835607,,,1.0,0.6,0.275,0.5,0.5
2101,0.5286,True,landandfarm,40465488,IL,Gallatin,598.0,2600000.0,4347.83,"Equality, IL, 62934",https://www.landandfarm.com/property/once-in-a-lifetime-deer-and-waterfowl-tract-40465488/,,,1.0,0.6,0.275,0.5,0.5
2102,0.5286,True,landwatch,423922484,NC,Beaufort,305.0,1464000.0,4800.0,"Edward, NC, 27821, Beaufort County",https://www.landwatch.com/beaufort-county-north-carolina-recreational-property-for-sale/pid/423922484,,,1.0,0.7,0.2,0.5,0.5
2103,0.5286,True,landwatch,420101458,VA,Culpeper,275.0,1590000.0,5781.82,"Richardsville, VA, 22736, Culpeper County",https://www.landwatch.com/culpeper-county-virginia-recreational-property-for-sale/pid/420101458,,,1.0,0.9,0.05,0.5,0.5
2104,0.5286,True,landandfarm,38552365,NC,Beaufort,305.0,1464000.0,4800.0,"Edward, NC, 27821",https://www.landandfarm.com/property/305-acres-farmland-timber-with-hunting-in-nc-38552365/,,,1.0,0.7,0.2,0.5,0.5
2105,0.5286,True,landandfarm,34731338,VA,Culpeper,275.0,1590000.0,5781.82,"Richardsville, VA, 22736",https://www.landandfarm.com/property/haughts-run-richards-ferry-rd-274-acres-34731338/,,,1.0,0.9,0.05,0.5,0.5
2106,0.5283,True,landwatch,425872109,MO,Dallas,352.0,1495000.0,4247.16,"Windyville, MO, 65783, Dallas County",https://www.landwatch.com/dallas-county-missouri-farms-and-ranches-for-sale/pid/425872109,,,1.0,0.576,0.292,0.5,0.5
2107,0.5283,True,landandfarm,40501990,MO,Dallas,352.0,1495000.0,4247.16,"Windyville, MO, 65783",https://www.landandfarm.com/property/angry-eagle-ranch-353-acres-in-dallas-county-mo-40501990/,,,1.0,0.576,0.292,0.5,0.5
2108,0.5281,True,landwatch,422626071,MO,Saint Clair,218.0,1068200.0,4900.0,"Collins, MO, 64738, Saint Clair County",https://www.landwatch.com/saint-clair-county-missouri-farms-and-ranches-for-sale/pid/422626071,,,1.0,0.72,0.183,0.5,0.5
2109,0.5281,True,landandfarm,37255952,MO,Saint Clair,218.0,1068200.0,4900.0,"Collins, MO, 64738",https://www.landandfarm.com/property/premier-creek-bottom-farm-with-live-water-pasture-and-big-bucks-37255952/,,,1.0,0.72,0.183,0.5,0.5
2110,0.5275,True,landandfarm,38325505,OK,Stephens,585.0,2629575.0,4495.0,"Bray, OK, 73055",https://www.landandfarm.com/property/585-acre-farm-bray-ok-stephens-co-38325505/,,,1.0,0.627,0.251,0.5,0.5
2111,0.5272,True,landwatch,425515880,TN,Stewart,395.0,1849999.0,4683.54,"Tennessee Ridge, TN, 37178, Stewart County",https://www.landwatch.com/stewart-county-tennessee-farms-and-ranches-for-sale/pid/425515880,,,1.0,0.668,0.219,0.5,0.5
2112,0.5272,True,landandfarm,40145761,TN,Stewart,395.0,1849999.0,4683.54,"Tennessee Ridge, TN, 37178",https://www.landandfarm.com/property/premier-hunting-land-40145761/,,,1.0,0.668,0.219,0.5,0.5
2113,0.5268,True,landwatch,425766953,NE,Scotts Bluff,375.0,1687500.0,4500.0,"Minatare, NE, 69356, Scotts Bluff County",https://www.landwatch.com/scotts-bluff-county-nebraska-farms-and-ranches-for-sale/pid/425766953,,,1.0,0.625,0.25,0.5,0.5
2114,0.5268,True,landandfarm,40396834,NE,Scotts Bluff,375.0,1687500.0,4500.0,"Minatare, NE, 69356",https://www.landandfarm.com/property/neilan-irrigated-farm-40396834/,,,1.0,0.625,0.25,0.5,0.5
2115,0.5268,True,landwatch,423751261,GA,Early,291.0,1530000.0,5257.73,"Arlington, GA, 39813, Early County",https://www.landwatch.com/early-county-georgia-farms-and-ranches-for-sale/pid/423751261,,,1.0,0.793,0.124,0.5,0.5
2116,0.5268,True,landandfarm,38381142,GA,Early,291.0,1530000.0,5257.73,"Arlington, GA, 39813",https://www.landandfarm.com/property/mill-creek-291-38381142/,,,1.0,0.793,0.124,0.5,0.5
2117,0.5267,True,landsearch,5207599,OK,Grady,227.0,1180400.0,5200.0,"Rush Springs, OK 73082",https://www.landsearch.com/properties/rocky-ford-rd-rush-springs-ok-73082/5207599,,,1.0,0.78,0.133,0.5,0.5
2118,0.5267,True,landwatch,426457586,OK,Grady,227.0,1180400.0,5200.0,"Rush Springs, OK, 73082, Grady County",https://www.landwatch.com/grady-county-oklahoma-farms-and-ranches-for-sale/pid/426457586,,,1.0,0.78,0.133,0.5,0.5
2119,0.5267,True,landandfarm,41087467,OK,Grady,227.0,1180400.0,5200.0,"Rush Springs, OK, 73082",https://www.landandfarm.com/property/boggy-creek-farm-41087467/,,,1.0,0.78,0.133,0.5,0.5
2120,0.5264,True,landwatch,426439617,IL,Pope,201.0,889475.0,4425.25,"Golconda, IL, 62938, Pope County",https://www.landwatch.com/pope-county-illinois-recreational-property-for-sale/pid/426439617,,,1.0,0.607,0.262,0.5,0.5
2121,0.5264,True,landandfarm,41069498,IL,Pope,201.0,889475.0,4425.25,"Golconda, IL, 62938",https://www.landandfarm.com/property/pope-county-trophy-woods-41069498/,,,1.0,0.607,0.262,0.5,0.5
2122,0.5263,True,landwatch,425857616,MI,Oscoda,376.0,1700000.0,4521.28,"Lewiston, MI, 49756, Oscoda County",https://www.landwatch.com/oscoda-county-michigan-commercial-property-for-sale/pid/425857616,,,1.0,0.627,0.246,0.5,0.5
2123,0.5263,True,landandfarm,40487497,MI,Oscoda,376.0,1700000.0,4521.28,"Lewiston, MI, 49756",https://www.landandfarm.com/property/375-acre-elk-buffalo-ranch-40487497/,,,1.0,0.627,0.246,0.5,0.5
2124,0.5259,True,landwatch,423046246,MO,Mercer,225.0,1160000.0,5155.56,"Princeton, MO, 64673, Mercer County",https://www.landwatch.com/mercer-county-missouri-farms-and-ranches-for-sale/pid/423046246,,,1.0,0.767,0.141,0.5,0.5
2125,0.5259,True,landandfarm,37676127,MO,Mercer,225.0,1160000.0,5155.56,"Princeton, MO, 64673",https://www.landandfarm.com/property/motivated-seller-225ac-cattle-operation-37676127/,,,1.0,0.767,0.141,0.5,0.5
2126,0.5257,True,landwatch,425026886,NY,Cortland,211.0,1000000.0,4739.34,"Marathon, NY, 13803, Cortland County",https://www.landwatch.com/cortland-county-new-york-farms-and-ranches-for-sale/pid/425026886,,,1.0,0.673,0.21,0.5,0.5
2127,0.5257,True,landandfarm,39656767,NY,Cortland,211.0,1000000.0,4739.34,"Marathon, NY, 13803",https://www.landandfarm.com/property/beautiful-country-estate-39656767/,,,1.0,0.673,0.21,0.5,0.5
2128,0.5253,True,landwatch,425275521,TN,Hardeman,485.0,2667500.0,5500.0,"Bolivar, TN, 38008, Hardeman County",https://www.landwatch.com/hardeman-county-tennessee-farms-and-ranches-for-sale/pid/425275521,,,1.0,0.84,0.083,0.5,0.5
2129,0.5253,True,landandfarm,39905402,TN,Hardeman,485.0,2667500.0,5500.0,"Bolivar, TN, 38008",https://www.landandfarm.com/property/outstanding-recreational-property-39905402/,,,1.0,0.84,0.083,0.5,0.5
2130,0.5253,True,landwatch,426151691,AR,Saint Francis,434.0,2212600.0,5098.16,"Forrest City, AR, 72336, Saint Francis County",https://www.landwatch.com/saint-francis-county-arkansas-recreational-property-for-sale/pid/426151691,,,1.0,0.751,0.15,0.5,0.5
2131,0.5253,True,landandfarm,40781572,AR,Saint Francis,434.0,2212600.0,5098.16,"Forrest City, AR, 72336",https://www.landandfarm.com/property/the-confluence-40781572/,,,1.0,0.751,0.15,0.5,0.5
2132,0.5247,True,landwatch,424993987,KY,Casey,500.0,2685000.0,5370.0,"Liberty, KY, 42539, Casey County",https://www.landwatch.com/casey-county-kentucky-farms-and-ranches-for-sale/pid/424993987,,,1.0,0.808,0.105,0.5,0.5
2133,0.5247,True,landandfarm,39623868,KY,Casey,500.0,2685000.0,5370.0,"Liberty, KY, 42539",https://www.landandfarm.com/property/500-acre-casey-county-income-producing-recreational-farm-39623868/,,,1.0,0.808,0.105,0.5,0.5
2134,0.5247,True,landwatch,424553951,MO,Vernon,353.0,1530000.0,4334.28,"Bronaugh, MO, 64728, Vernon County",https://www.landwatch.com/vernon-county-missouri-farms-and-ranches-for-sale/pid/424553951,,,1.0,0.578,0.278,0.5,0.5
2135,0.5247,True,landandfarm,39183832,MO,Vernon,353.0,1530000.0,4334.28,"Bronaugh, MO, 64728",https://www.landandfarm.com/property/sprawling-century-farm-and-ranch-with-pastures-ponds-hay-fields-barns-an-39183832/,,,1.0,0.578,0.278,0.5,0.5
2136,0.5244,True,landandfarm,40006899,MS,Issaquena,314.0,1450000.0,4617.83,"Valley Park, MS, 39177",https://www.landandfarm.com/property/valley-park-314-issaquena-co-40006899/,,,1.0,0.64,0.23,0.5,0.5
2137,0.5243,True,landandfarm,40233157,MS,Pearl River,278.0,1600000.0,5755.4,"Poplarville, MS, 39470",https://www.landandfarm.com/property/mature-pine-and-hardwood-timber-tract-with-camp-40233157/,,,1.0,0.88,0.05,0.5,0.5
2138,0.524,True,landwatch,426121140,AL,Saint Clair,540.0,2700000.0,5000.0,"Cropwell, AL, 35054, Saint Clair County",https://www.landwatch.com/saint-clair-county-alabama-recreational-property-for-sale/pid/426121140,,,1.0,0.723,0.167,0.5,0.5
2139,0.5237,True,landwatch,424666190,AR,Fulton,315.0,1450000.0,4603.17,"Salem, AR, 72576, Fulton County",https://www.landwatch.com/fulton-county-arkansas-farms-and-ranches-for-sale/pid/424666190,,,1.0,0.633,0.233,0.5,0.5
2140,0.5237,True,landandfarm,39296071,AR,Fulton,315.0,1450000.0,4603.17,"Salem, AR, 72576",https://www.landandfarm.com/property/cattle-ranch-39296071/,,,1.0,0.633,0.233,0.5,0.5
2141,0.5236,True,landsearch,5139952,MS,Rankin,420.0,2100000.0,5000.0,"Richland, MS 39218",https://www.landsearch.com/properties/n-s-pearson-rd-richland-ms-39218/5139952,,,1.0,0.721,0.167,0.5,0.5
2142,0.5233,True,landwatch,426220600,GA,Stewart,367.0,1650000.0,4495.91,"Richland, GA, 31825, Stewart County",https://www.landwatch.com/stewart-county-georgia-timberland-property-for-sale/pid/426220600,,,1.0,0.608,0.251,0.5,0.5
2143,0.5233,True,landandfarm,40850481,GA,Stewart,367.0,1650000.0,4495.91,"Richland, GA, 31825",https://www.landandfarm.com/property/wiki-run-plantation-40850481/,,,1.0,0.608,0.251,0.5,0.5
2144,0.5232,True,landwatch,418866556,GA,Tift,486.0,2690000.0,5534.98,"Tifton, GA, 31794, Tift County",https://www.landwatch.com/tift-county-georgia-farms-and-ranches-for-sale/pid/418866556,,,1.0,0.838,0.078,0.5,0.5
2145,0.5232,True,landandfarm,33496436,GA,Tift,486.0,2690000.0,5534.98,"Tifton, GA, 31794",https://www.landandfarm.com/property/baker-farms-33496436/,,,1.0,0.838,0.078,0.5,0.5
2146,0.5231,True,landwatch,425354340,MS,Lamar,566.0,2700000.0,4770.32,"Purvis, MS, 39475, Lamar County",https://www.landwatch.com/lamar-county-mississippi-farms-and-ranches-for-sale/pid/425354340,,,1.0,0.668,0.205,0.5,0.5
2147,0.5231,True,landandfarm,39984221,MS,Lamar,566.0,2700000.0,4770.32,"Purvis, MS, 39475",https://www.landandfarm.com/property/lakes-and-timber-tract-39984221/,,,1.0,0.668,0.205,0.5,0.5
2148,0.523,True,landwatch,423879968,VA,Gloucester,305.0,1500000.0,4918.03,"Gloucester, VA, 23061, Gloucester County",https://www.landwatch.com/gloucester-county-virginia-recreational-property-for-sale/pid/423879968,,,1.0,0.7,0.18,0.5,0.5
2149,0.523,True,landandfarm,38509849,VA,Gloucester,305.0,1500000.0,4918.03,"Gloucester, VA, 23061",https://www.landandfarm.com/property/cow-creek-estate-305-acres-in-gloucester-va-38509849/,,,1.0,0.7,0.18,0.5,0.5
2150,0.5229,True,landwatch,426459315,KY,Warren,279.0,1654500.0,5930.11,"Bowling Green, KY, 42101, Warren County",https://www.landwatch.com/warren-county-kentucky-farms-and-ranches-for-sale/pid/426459315,,,1.0,0.873,0.05,0.5,0.5
2151,0.5229,True,landandfarm,41089196,KY,Warren,279.0,1654500.0,5930.11,"Bowling Green, KY, 42101",https://www.landandfarm.com/property/the-barren-river-farm-41089196/,,,1.0,0.873,0.05,0.5,0.5
2152,0.5224,True,landsearch,4676040,TN,McNairy,306.0,1499000.0,4898.69,"Ramer, TN 38367",https://www.landsearch.com/properties/4791-guys-chewalla-rd-ramer-tn-38367/4676040,,,1.0,0.693,0.184,0.5,0.5
2153,0.5224,True,landwatch,423459584,TN,Mcnairy,306.0,1499000.0,4898.69,"Ramer, TN, 38367, McNairy County",https://www.landwatch.com/mcnairy-county-tennessee-farms-and-ranches-for-sale/pid/423459584,,,1.0,0.693,0.184,0.5,0.5
2154,0.5224,True,landandfarm,38089465,TN,McNairy,306.0,1499000.0,4898.69,"Ramer, TN, 38367",https://www.landandfarm.com/property/unrestricted-farm-with-two-homes-fenced-in-pastures-timber-pond-and-tra-38089465/,,,1.0,0.693,0.184,0.5,0.5
2155,0.5224,True,landwatch,426540803,GA,Pulaski,306.0,1499400.0,4900.0,"Pineview, GA, 31071, Pulaski County",https://www.landwatch.com/pulaski-county-georgia-farms-and-ranches-for-sale/pid/426540803,,,1.0,0.693,0.183,0.5,0.5
2156,0.5224,True,landandfarm,41170684,GA,Pulaski,306.0,1499400.0,4900.0,"Pineview, GA, 31071",https://www.landandfarm.com/property/306-acre-duck-hunting-deer-hunting-recreational-land-with-lake-for-sale-41170684/,,,1.0,0.693,0.183,0.5,0.5
2157,0.5221,True,landwatch,426040892,MS,Clarke,711.0,2700000.0,3797.47,"Shubuta, MS, 39360, Clarke County",https://www.landwatch.com/clarke-county-mississippi-hunting-property-for-sale/pid/426040892,,,1.0,0.447,0.367,0.5,0.5
2158,0.5221,True,landandfarm,40670773,MS,Clarke,711.0,2700000.0,3797.47,"Shubuta, MS, 39360",https://www.landandfarm.com/property/amazing-hunting-recreational-property-with-log-cabin-40670773/,,,1.0,0.447,0.367,0.5,0.5
2159,0.5218,True,landwatch,426168638,KS,Harper,550.0,2722500.0,4950.0,"Attica, KS, 67009, Harper County",https://www.landwatch.com/harper-county-kansas-farms-and-ranches-for-sale/pid/426168638,,,1.0,0.702,0.175,0.5,0.5
2160,0.5218,True,landandfarm,40798519,KS,Harper,550.0,2722500.0,4950.0,"Attica, KS, 67009",https://www.landandfarm.com/property/prime-recreational-land-in-harper-county-40798519/,,,1.0,0.702,0.175,0.5,0.5
2161,0.5214,True,landsearch,5105352,MS,Chickasaw,320.0,1440000.0,4500.0,"Okolona, MS 38860",https://www.landsearch.com/properties/county-road-173-okolona-ms-38860/5105352,,,1.0,0.6,0.25,0.5,0.5
2162,0.5214,True,landwatch,425461660,AR,Jackson,240.0,1374500.0,5727.08,"Bradford, AR, 72020, Jackson County",https://www.landwatch.com/jackson-county-arkansas-recreational-property-for-sale/pid/425461660,,,1.0,0.867,0.05,0.5,0.5
2163,0.5214,True,landwatch,425460646,KS,Chautauqua,320.0,1440000.0,4500.0,"Peru, KS, 67360, Chautauqua County",https://www.landwatch.com/chautauqua-county-kansas-farms-and-ranches-for-sale/pid/425460646,,,1.0,0.6,0.25,0.5,0.5
2164,0.5214,True,landwatch,425991894,MS,Chickasaw,320.0,1440000.0,4500.0,"Okolona, MS, 38860, Chickasaw County",https://www.landwatch.com/chickasaw-county-mississippi-farms-and-ranches-for-sale/pid/425991894,,,1.0,0.6,0.25,0.5,0.5
2165,0.5214,True,landwatch,425833258,MI,Newaygo,240.0,1382500.0,5760.42,"White Cloud, MI, 49349, Newaygo County",https://www.landwatch.com/newaygo-county-michigan-recreational-property-for-sale/pid/425833258,,,1.0,0.867,0.05,0.5,0.5
2166,0.5214,True,landwatch,425815585,SD,Butte,280.0,1600000.0,5714.29,"Nisland, SD, 57762, Butte County",https://www.landwatch.com/butte-county-south-dakota-farms-and-ranches-for-sale/pid/425815585,,,1.0,0.867,0.05,0.5,0.5
2167,0.5214,True,landandfarm,40091541,AR,Jackson,240.0,1374500.0,5727.08,"Bradford, AR, 72020",https://www.landandfarm.com/property/240-acre-premier-ozark-estate-with-home-shop-year-round-creek-bradf-40091541/,,,1.0,0.867,0.05,0.5,0.5
2168,0.5214,True,landandfarm,40090527,KS,Chautauqua,320.0,1440000.0,4500.0,"Peru, KS, 67360",https://www.landandfarm.com/property/chautauqua-county-kansas-320-40090527/,,,1.0,0.6,0.25,0.5,0.5
2169,0.5214,True,landandfarm,40621775,MS,Chickasaw,320.0,1440000.0,4500.0,"Okolona, MS, 38860",https://www.landandfarm.com/property/chickasaw-county-320-cr-173-ag-investment-tract-40621775/,,,1.0,0.6,0.25,0.5,0.5
2170,0.5214,True,landandfarm,40463139,MI,Newaygo,240.0,1382500.0,5760.42,"White Cloud, MI, 49349",https://www.landandfarm.com/property/240-acres-prime-hunting-land-40463139/,,,1.0,0.867,0.05,0.5,0.5
2171,0.5214,True,landandfarm,40445466,SD,Butte,280.0,1600000.0,5714.29,"Nisland, SD, 57762",https://www.landandfarm.com/property/280-acres-in-butte-county-40445466/,,,1.0,0.867,0.05,0.5,0.5
2172,0.5201,True,landwatch,425976970,KY,Montgomery,238.0,1349000.0,5668.07,"Mt Sterling, KY, 40353, Montgomery County",https://www.landwatch.com/montgomery-county-kentucky-farms-and-ranches-for-sale/pid/425976970,,,1.0,0.853,0.055,0.5,0.5
2173,0.52,True,landwatch,422252175,NC,Currituck,226.0,1200000.0,5309.73,"Powells Point, NC, 27966, Currituck County",https://www.landwatch.com/currituck-county-north-carolina-recreational-property-for-sale/pid/422252175,,,1.0,0.773,0.115,0.5,0.5
2174,0.52,True,landandfarm,36882056,NC,Currituck,226.0,1200000.0,5309.73,"Powells Point, NC, 27966",https://www.landandfarm.com/property/0-w-side-ln-36882056/,,,1.0,0.773,0.115,0.5,0.5
2175,0.5199,True,landsearch,5142687,OK,Garvin,359.0,1612751.0,4492.34,"Elmore City, OK 73433",https://www.landsearch.com/properties/haskell-street-rd-elmore-city-ok-73433/5142687,,,1.0,0.591,0.251,0.5,0.5
2176,0.5199,True,landwatch,426177747,OK,Garvin,359.0,1612751.0,4492.34,"Elmore City, OK, 73433, Garvin County",https://www.landwatch.com/garvin-county-oklahoma-farms-and-ranches-for-sale/pid/426177747,,,1.0,0.591,0.251,0.5,0.5
2177,0.5199,True,landandfarm,40807628,OK,Garvin,359.0,1612751.0,4492.34,"Elmore City, OK, 73433",https://www.landandfarm.com/property/rock-creek-ranch-40807628/,,,1.0,0.591,0.251,0.5,0.5
2178,0.5196,True,landwatch,426234696,NC,Wilkes,405.0,2000000.0,4938.27,"Purlear, NC, 28665, Wilkes County",https://www.landwatch.com/wilkes-county-north-carolina-undeveloped-land-for-sale/pid/426234696,,,1.0,0.689,0.177,0.5,0.5
2179,0.5195,True,landsearch,5245753,MS,Quitman,522.0,2750000.0,5268.2,"Lambert, MS 38643",https://www.landsearch.com/properties/1-highway-3-lambert-ms-38643/5245753,,,1.0,0.762,0.122,0.5,0.5
2180,0.5195,True,landwatch,426653285,MS,Quitman,522.0,2750000.0,5268.2,"Lambert, MS, 38964, Quitman County",https://www.landwatch.com/quitman-county-mississippi-recreational-property-for-sale/pid/426653285,,,1.0,0.762,0.122,0.5,0.5
2181,0.5195,True,landandfarm,41283166,MS,Quitman,522.0,2750000.0,5268.2,"Lambert, MS, 38964",https://www.landandfarm.com/property/honey-hole-in-quitman-county-41283166/,,,1.0,0.762,0.122,0.5,0.5
2182,0.519,True,landwatch,417499684,VA,Westmoreland,426.0,2195000.0,5152.58,"Hague, VA, 22469, Westmoreland County",https://www.landwatch.com/westmoreland-county-virginia-farms-and-ranches-for-sale/pid/417499684,,,1.0,0.734,0.141,0.5,0.5
2183,0.519,True,landandfarm,32129564,VA,Westmoreland,426.0,2195000.0,5152.58,"Hague, VA, 22469",https://www.landandfarm.com/property/426-acres-in-westmoreland-32129564/,,,1.0,0.734,0.141,0.5,0.5
2184,0.5188,True,landwatch,426583551,MO,Saint Clair,335.0,1435000.0,4283.58,"Osceola, MO, 64776, Saint Clair County",https://www.landwatch.com/saint-clair-county-missouri-recreational-property-for-sale/pid/426583551,,,1.0,0.54,0.286,0.5,0.5
2185,0.5188,True,landandfarm,41213432,MO,Saint Clair,335.0,1435000.0,4283.58,"Osceola, MO, 64776",https://www.landandfarm.com/property/the-ultimate-sportsman-s-paradise-335-acres-in-saint-clair-county-mi-41213432/,,,1.0,0.54,0.286,0.5,0.5
2186,0.5186,True,landwatch,422064107,MO,Harrison,238.0,1428000.0,6000.0,"Ridgeway, MO, 64481, Harrison County",https://www.landwatch.com/harrison-county-missouri-farms-and-ranches-for-sale/pid/422064107,,,1.0,0.853,0.05,0.5,0.5
2187,0.5186,True,landwatch,419421275,GA,Screven,282.0,1652340.0,5859.36,"Sylvania, GA, 30467, Screven County",https://www.landwatch.com/screven-county-georgia-timberland-property-for-sale/pid/419421275,,,1.0,0.853,0.05,0.5,0.5
2188,0.5186,True,landwatch,426121430,MI,Genesee,282.0,1663000.0,5897.16,"Clio, MI, 48420, Genesee County",https://www.landwatch.com/genesee-county-michigan-farms-and-ranches-for-sale/pid/426121430,,,1.0,0.853,0.05,0.5,0.5
2189,0.5186,True,landandfarm,36693988,MO,Harrison,238.0,1428000.0,6000.0,"Ridgeway, MO, 64481",https://www.landandfarm.com/property/ridgeway-mo-hunting-income-with-238-acres-m-l-36693988/,,,1.0,0.853,0.05,0.5,0.5
2190,0.5186,True,landandfarm,34051155,GA,Screven,282.0,1652340.0,5859.36,"Sylvania, GA, 30467",https://www.landandfarm.com/property/rocky-knob-retreat-34051155/,,,1.0,0.853,0.05,0.5,0.5
2191,0.5186,True,landandfarm,40751311,MI,Genesee,282.0,1663000.0,5897.16,"Clio, MI, 48420",https://www.landandfarm.com/property/genesee-county-282-ac-40751311/,,,1.0,0.853,0.05,0.5,0.5
2192,0.5178,True,landwatch,414929944,VA,Albemarle,583.0,2750000.0,4716.98,"Charlottesville, VA, 22902, Albemarle County",https://www.landwatch.com/albemarle-county-virginia-farms-and-ranches-for-sale/pid/414929944,,,1.0,0.632,0.214,0.5,0.5
2193,0.5178,True,landandfarm,18023546,VA,Albemarle,583.0,2750000.0,4716.98,"Charlottesville, VA, 22902",https://www.landandfarm.com/property/jefferson-view-farm-18023546/,,,1.0,0.632,0.214,0.5,0.5
2194,0.5176,True,landwatch,426353078,OK,Choctaw,480.0,2775000.0,5781.25,"Fort Towson, OK, 74753, Choctaw County",https://www.landwatch.com/choctaw-county-oklahoma-farms-and-ranches-for-sale/pid/426353078,,,1.0,0.849,0.05,0.5,0.5
2195,0.5176,True,landandfarm,40982959,OK,Choctaw,480.0,2775000.0,5781.25,"Fort Towson, OK, 74753",https://www.landandfarm.com/property/tmr-480-ranch-40982959/,,,1.0,0.849,0.05,0.5,0.5
2196,0.5171,True,landwatch,425766941,MO,Macon,237.0,1398300.0,5900.0,"Atlanta, MO, 63530, Macon County",https://www.landwatch.com/macon-county-missouri-farms-and-ranches-for-sale/pid/425766941,,,1.0,0.847,0.05,0.5,0.5
2197,0.5167,True,landwatch,423911785,GA,Macon,320.0,1472000.0,4600.0,"Oglethorpe, GA, 31068, Macon County",https://www.landwatch.com/macon-county-georgia-recreational-property-for-sale/pid/423911785,,,1.0,0.6,0.233,0.5,0.5
2198,0.5167,True,landandfarm,38541666,GA,Macon,320.0,1472000.0,4600.0,"Oglethorpe, GA, 31068",https://www.landandfarm.com/property/pine-creek-retreat-38541666/,,,1.0,0.6,0.233,0.5,0.5
2199,0.5165,True,landwatch,424570968,OK,Garvin,315.0,1497200.0,4753.02,"Pauls Valley, OK, 73075",https://www.landwatch.com/garvin-county-oklahoma-farms-and-ranches-for-sale/pid/424570968,,,1.0,0.633,0.208,0.5,0.5
2200,0.5165,True,landandfarm,39200849,OK,Garvin,315.0,1497200.0,4753.02,"Pauls Valley, OK, 73075",https://www.landandfarm.com/property/315-acres-of-hunting-and-fishing-on-the-washita-river-39200849/,,,1.0,0.633,0.208,0.5,0.5
2201,0.5161,True,landwatch,426565096,VA,Bath,315.0,1500000.0,4761.9,"Warm Springs, VA, 24484, Bath County",https://www.landwatch.com/bath-county-virginia-farms-and-ranches-for-sale/pid/426565096,,,1.0,0.633,0.206,0.5,0.5
2202,0.5161,True,landandfarm,41194977,VA,Bath,315.0,1500000.0,4761.9,"Warm Springs, VA, 24484",https://www.landandfarm.com/property/315-35-acre-bath-co-farm-with-trout-stream-adjacent-to-national-forest-41194977/,,,1.0,0.633,0.206,0.5,0.5
2203,0.5159,True,landwatch,419173562,MI,Saginaw,464.0,2590000.0,5581.9,"Bannister, MI, 48807, Saginaw County",https://www.landwatch.com/saginaw-county-michigan-farms-and-ranches-for-sale/pid/419173562,,,1.0,0.815,0.07,0.5,0.5
2204,0.5159,True,landandfarm,33803442,MI,Saginaw,464.0,2590000.0,5581.9,"Bannister, MI, 48807",https://www.landandfarm.com/property/high-rack-ranch-33803442/,,,1.0,0.815,0.07,0.5,0.5
2205,0.5157,True,landwatch,423757112,MO,Christian,236.0,1392400.0,5900.0,"Chadwick, MO, 65629, Christian County",https://www.landwatch.com/christian-county-missouri-farms-and-ranches-for-sale/pid/423757112,,,1.0,0.84,0.05,0.5,0.5
2206,0.5157,True,landwatch,425961405,IN,Monroe,236.0,1399000.0,5927.97,"Springville, IN, 47462, Monroe County",https://www.landwatch.com/monroe-county-indiana-recreational-property-for-sale/pid/425961405,,,1.0,0.84,0.05,0.5,0.5
2207,0.5157,True,landandfarm,38386993,MO,Christian,236.0,1392400.0,5900.0,"Chadwick, MO, 65629",https://www.landandfarm.com/property/hicks-ranch-where-the-ozark-mountains-meet-the-prairie-38386993/,,,1.0,0.84,0.05,0.5,0.5
2208,0.5157,True,landandfarm,40591286,IN,Monroe,236.0,1399000.0,5927.97,"Springville, IN, 47462",https://www.landandfarm.com/property/large-cattle-tillable-farm-hunting-property-with-outstanding-habitat-40591286/,,,1.0,0.84,0.05,0.5,0.5
2209,0.5154,True,landwatch,425225681,AR,Van Buren,220.0,1150000.0,5227.27,"Clinton, AR, 72031, Van Buren County",https://www.landwatch.com/van-buren-county-arkansas-farms-and-ranches-for-sale/pid/425225681,,,1.0,0.733,0.129,0.5,0.5
2210,0.5154,True,landandfarm,39855562,AR,Van Buren,220.0,1150000.0,5227.27,"Clinton, AR, 72031",https://www.landandfarm.com/property/legacy-ozark-mountain-farm-with-multiple-homes-pastures-panoramic-views-39855562/,,,1.0,0.733,0.129,0.5,0.5
2211,0.515,True,landwatch,425196541,AL,Russell,323.0,1372750.0,4250.0,"Pittsview, AL, 36871, Russell County",https://www.landwatch.com/russell-county-alabama-farms-and-ranches-for-sale/pid/425196541,,,1.0,0.514,0.292,0.5,0.5
2212,0.5141,True,landwatch,424803506,NE,Keith,395.0,1959000.0,4959.49,"Ogallala, NE, 69153, Keith County",https://www.landwatch.com/keith-county-nebraska-recreational-property-for-sale/pid/424803506,,,1.0,0.668,0.173,0.5,0.5
2213,0.5141,True,landandfarm,39433387,NE,Keith,395.0,1959000.0,4959.49,"Ogallala, NE, 69153",https://www.landandfarm.com/property/terin-ranch-estate-39433387/,,,1.0,0.668,0.173,0.5,0.5
2214,0.5138,True,landwatch,426088468,GA,Wilkes,203.0,964250.0,4750.0,"Washington, GA, 30673, Wilkes County",https://www.landwatch.com/wilkes-county-georgia-recreational-property-for-sale/pid/426088468,,,1.0,0.62,0.208,0.5,0.5
2215,0.5138,True,landandfarm,40718349,GA,Wilkes,203.0,964250.0,4750.0,"Washington, GA, 30673",https://www.landandfarm.com/property/newford-creek-203acs-wilkes-co-40718349/,,,1.0,0.62,0.208,0.5,0.5
2216,0.5137,True,landwatch,422135751,GA,Taylor,660.0,2500000.0,3787.88,"Butler, GA, 31066, Taylor County",https://www.landwatch.com/taylor-county-georgia-timberland-property-for-sale/pid/422135751,,,1.0,0.405,0.369,0.5,0.5
2217,0.5137,True,landandfarm,36765632,GA,Taylor,660.0,2500000.0,3787.88,"Butler, GA, 31066",https://www.landandfarm.com/property/butler-660-36765632/,,,1.0,0.405,0.369,0.5,0.5
2218,0.5134,True,landwatch,425393990,MS,Holmes,427.0,2255000.0,5281.03,"Cruger, MS, 38924, Holmes County",https://www.landwatch.com/holmes-county-mississippi-farms-and-ranches-for-sale/pid/425393990,,,1.0,0.736,0.12,0.5,0.5
2219,0.5134,True,landandfarm,40023871,MS,Holmes,427.0,2255000.0,5281.03,"Cruger, MS, 38924",https://www.landandfarm.com/property/elmwood-plantation-427-11-holmes-co-40023871/,,,1.0,0.736,0.12,0.5,0.5
2220,0.5131,True,landwatch,425058163,IA,Howard,229.0,1270000.0,5545.85,"Chester, IA, 52134, Howard County",https://www.landwatch.com/howard-county-iowa-undeveloped-land-for-sale/pid/425058163,,,1.0,0.793,0.076,0.5,0.5
2221,0.5131,True,landandfarm,39688044,IA,Howard,229.0,1270000.0,5545.85,"Chester, IA, 52134",https://www.landandfarm.com/property/lots-land-chester-ia-39688044/,,,1.0,0.793,0.076,0.5,0.5
2222,0.5129,True,landwatch,426524167,KS,Harvey,234.0,1348940.0,5764.7,"Burrton, KS, 67020, Harvey County",https://www.landwatch.com/harvey-county-kansas-farms-and-ranches-for-sale/pid/426524167,,,1.0,0.827,0.05,0.5,0.5
2223,0.5129,True,landwatch,425085597,WI,Monroe,286.0,1699900.0,5943.71,"Sparta, WI, 54656, Monroe County",https://www.landwatch.com/monroe-county-wisconsin-recreational-property-for-sale/pid/425085597,,,1.0,0.827,0.05,0.5,0.5
2224,0.5129,True,landwatch,426007164,AL,Talladega,234.0,1357200.0,5800.0,"Childersburg, AL, 35044, Talladega County",https://www.landwatch.com/talladega-county-alabama-farms-and-ranches-for-sale/pid/426007164,,,1.0,0.827,0.05,0.5,0.5
2225,0.5129,True,landwatch,425935960,MI,Delta,234.0,1399900.0,5982.48,"Rapid River, MI, 49878, Delta County",https://www.landwatch.com/delta-county-michigan-lakefront-property-for-sale/pid/425935960,,,1.0,0.827,0.05,0.5,0.5
2226,0.5129,True,landandfarm,41154048,KS,Harvey,234.0,1348940.0,5764.7,"Burrton, KS, 67020",https://www.landandfarm.com/property/tract-1-of-4-rare-harvey-county-tillable-offering-41154048/,,,1.0,0.827,0.05,0.5,0.5
2227,0.5129,True,landandfarm,39715478,WI,Monroe,286.0,1699900.0,5943.71,"Sparta, WI, 54656",https://www.landandfarm.com/property/1565-hwy-71-sparta-wisconsin-286-acres-monroe-county-39715478/,,,1.0,0.827,0.05,0.5,0.5
2228,0.5129,True,landandfarm,40637045,AL,Talladega,234.0,1357200.0,5800.0,"Childersburg, AL, 35044",https://www.landandfarm.com/property/hunting-fishing-agriculture-on-tallaseehatchee-creek-40637045/,,,1.0,0.827,0.05,0.5,0.5
2229,0.5129,True,landandfarm,40565841,MI,Delta,234.0,1399900.0,5982.48,"Rapid River, MI, 49878",https://www.landandfarm.com/property/ranch-single-family-rapid-river-mi-40565841/,,,1.0,0.827,0.05,0.5,0.5
2230,0.5128,True,landwatch,425354330,MO,Osage,297.0,1595000.0,5370.37,"Bland, MO, 65014, Osage County",https://www.landwatch.com/osage-county-missouri-farms-and-ranches-for-sale/pid/425354330,,,1.0,0.753,0.105,0.5,0.5
2231,0.5128,True,landandfarm,39984211,MO,Osage,297.0,1595000.0,5370.37,"Bland, MO, 65014",https://www.landandfarm.com/property/large-osage-county-farm-with-home-third-creek-frontage-and-food-plots-39984211/,,,1.0,0.753,0.105,0.5,0.5
2232,0.5126,True,landwatch,425716435,SD,Lyman,320.0,1499000.0,4684.38,"Lower Brule, SD, 57548, Lyman County",https://www.landwatch.com/lyman-county-south-dakota-farms-and-ranches-for-sale/pid/425716435,,,1.0,0.6,0.219,0.5,0.5
2233,0.5126,True,landandfarm,40346316,SD,Lyman,320.0,1499000.0,4684.38,"Lower Brule, SD, 57548",https://www.landandfarm.com/property/trophy-hunting-property-40346316/,,,1.0,0.6,0.219,0.5,0.5
2234,0.5118,True,landwatch,423431125,MS,Oktibbeha,454.0,2530000.0,5572.69,"Starkville, MS, 39759, Oktibbeha County",https://www.landwatch.com/oktibbeha-county-mississippi-recreational-property-for-sale/pid/423431125,,,1.0,0.794,0.071,0.5,0.5
2235,0.5118,True,landandfarm,38061006,MS,Oktibbeha,454.0,2530000.0,5572.69,"Starkville, MS, 39759",https://www.landandfarm.com/property/artesia-road-454-acres-38061006/,,,1.0,0.794,0.071,0.5,0.5
2236,0.5117,True,landwatch,416566794,AL,Baldwin,467.0,2661900.0,5700.0,"Elberta, AL, 36530, Baldwin County",https://www.landwatch.com/baldwin-county-alabama-farms-and-ranches-for-sale/pid/416566794,,,1.0,0.821,0.05,0.5,0.5
2237,0.5117,True,landandfarm,31196674,AL,Baldwin,467.0,2661900.0,5700.0,"Elberta, AL, 36530",https://www.landandfarm.com/property/narrow-gap-farm-31196674/,,,1.0,0.821,0.05,0.5,0.5
2238,0.511,True,landwatch,424251773,MI,Presque Isle,440.0,2400000.0,5454.55,"Onaway, MI, 49765, Presque Isle County",https://www.landwatch.com/presque-isle-county-michigan-homes-for-sale/pid/424251773,,,1.0,0.764,0.091,0.5,0.5
2239,0.511,True,landandfarm,38881654,MI,Presque Isle,440.0,2400000.0,5454.55,"Onaway, MI, 49765",https://www.landandfarm.com/property/3265-roost-road-onaway-mi-49765-38881654/,,,1.0,0.764,0.091,0.5,0.5
2240,0.5105,True,landwatch,422350588,TN,Lawrence,300.0,1599000.0,5330.0,"Iron City, TN, 38463, Lawrence County",https://www.landwatch.com/lawrence-county-tennessee-farms-and-ranches-for-sale/pid/422350588,,,1.0,0.733,0.112,0.5,0.5
2241,0.5105,True,landandfarm,36980469,TN,Lawrence,300.0,1599000.0,5330.0,"Iron City, TN, 38463",https://www.landandfarm.com/property/farm-for-sell-in-tennessee-36980469/,,,1.0,0.733,0.112,0.5,0.5
2242,0.5103,True,landwatch,422810451,WI,Crawford,300.0,1600000.0,5333.33,"Bridgeport, WI, 53821, Crawford County",https://www.landwatch.com/crawford-county-wisconsin-farms-and-ranches-for-sale/pid/422810451,,,1.0,0.733,0.111,0.5,0.5
2243,0.5103,True,landandfarm,37440332,WI,Crawford,300.0,1600000.0,5333.33,"Bridgeport, WI, 53821",https://www.landandfarm.com/property/36480-bouska-rd-37440332/,,,1.0,0.733,0.111,0.5,0.5
2244,0.5102,True,landwatch,425576673,KS,Pottawatomie,291.0,1631168.0,5605.39,"Onaga, KS, 66521, Pottawatomie County",https://www.landwatch.com/pottawatomie-county-kansas-farms-and-ranches-for-sale/pid/425576673,,,1.0,0.793,0.066,0.5,0.5
2245,0.5102,True,landandfarm,40206554,KS,Pottawatomie,291.0,1631168.0,5605.39,"Onaga, KS, 66521",https://www.landandfarm.com/property/dutch-creek-whitetail-hunting-near-onaga-40206554/,,,1.0,0.793,0.066,0.5,0.5
2246,0.51,True,landwatch,424736177,NC,Rutherford,393.0,1975000.0,5025.45,"Bostic, NC, 28018, Rutherford County",https://www.landwatch.com/rutherford-county-north-carolina-undeveloped-land-for-sale/pid/424736177,,,1.0,0.663,0.162,0.5,0.5
2247,0.51,True,landandfarm,39366058,NC,Rutherford,393.0,1975000.0,5025.45,"Bostic, NC, 28018",https://www.landandfarm.com/property/393-acres-in-rutherford-county-nc-39366058/,,,1.0,0.663,0.162,0.5,0.5
2248,0.51,True,landwatch,425336254,MO,Adair,208.0,1035956.0,4980.56,"Green Castle, MO, 63544, Adair County",https://www.landwatch.com/adair-county-missouri-farms-and-ranches-for-sale/pid/425336254,,,1.0,0.653,0.17,0.5,0.5
2249,0.51,True,landandfarm,39966135,MO,Adair,208.0,1035956.0,4980.56,"Green Castle, MO, 63544",https://www.landandfarm.com/property/slice-of-deer-hunting-heaven-39966135/,,,1.0,0.653,0.17,0.5,0.5
2250,0.5095,True,landwatch,423842469,GA,Irwin,629.0,2800000.0,4451.51,"Wray, GA, 31798, Irwin County",https://www.landwatch.com/irwin-county-georgia-farms-and-ranches-for-sale/pid/423842469,,,1.0,0.533,0.258,0.5,0.5
2251,0.5095,True,landandfarm,38472350,GA,Irwin,629.0,2800000.0,4451.51,"Wray, GA, 31798",https://www.landandfarm.com/property/irwin-county-legacy-tract-628-acres-of-opportunity-38472350/,,,1.0,0.533,0.258,0.5,0.5
2252,0.5094,True,landwatch,426469830,GA,Wilcox,321.0,1395654.0,4347.83,"Abbeville, GA, 31001, Wilcox County",https://www.landwatch.com/wilcox-county-georgia-recreational-property-for-sale/pid/426469830,,,1.0,0.51,0.275,0.5,0.5
2253,0.5094,True,landandfarm,41099711,GA,Wilcox,321.0,1395654.0,4347.83,"Abbeville, GA, 31001",https://www.landandfarm.com/property/ocmulgee-timber-tract-41099711/,,,1.0,0.51,0.275,0.5,0.5
2254,0.5093,True,landwatch,426409260,GA,Wilcox,593.0,2846400.0,4800.0,"Pitts, GA, 31072, Wilcox County",https://www.landwatch.com/wilcox-county-georgia-recreational-property-for-sale/pid/426409260,,,1.0,0.61,0.2,0.5,0.5
2255,0.5087,True,landwatch,425778134,VA,Prince Edward,347.0,1600000.0,4610.95,"Meherrin, VA, 23954, Prince Edward County",https://www.landwatch.com/prince-edward-county-virginia-recreational-property-for-sale/pid/425778134,,,1.0,0.565,0.232,0.5,0.5
2256,0.5087,True,landandfarm,40408015,VA,Prince Edward,347.0,1600000.0,4610.95,"Meherrin, VA, 23954",https://www.landandfarm.com/property/meherrin-road-347-acres-40408015/,,,1.0,0.565,0.232,0.5,0.5
2257,0.5086,True,landwatch,416422064,MO,Wayne,525.0,2870000.0,5466.67,"Des Arc, MO, 63636, Wayne County",https://www.landwatch.com/wayne-county-missouri-recreational-property-for-sale/pid/416422064,,,1.0,0.755,0.089,0.5,0.5
2258,0.5086,True,landandfarm,31051944,MO,Wayne,525.0,2870000.0,5466.67,"Des Arc, MO, 63636",https://www.landandfarm.com/property/-mo-621-31051944/,,,1.0,0.755,0.089,0.5,0.5
2259,0.5085,True,landwatch,422744637,AL,Bullock,600.0,2850000.0,4750.0,"Union Springs, AL, 36089, Bullock County",https://www.landwatch.com/bullock-county-alabama-recreational-property-for-sale/pid/422744637,,,1.0,0.595,0.208,0.5,0.5
2260,0.5085,True,landandfarm,37374518,AL,Bullock,600.0,2850000.0,4750.0,"Union Springs, AL, 36089",https://www.landandfarm.com/property/600-ac-bullock-macon-co-willow-oak-farm-37374518/,,,1.0,0.595,0.208,0.5,0.5
2261,0.5085,True,landwatch,425270817,KS,Chautauqua,400.0,2050000.0,5125.0,"Cedar Vale, KS, 67024, Chautauqua County",https://www.landwatch.com/chautauqua-county-kansas-farms-and-ranches-for-sale/pid/425270817,,,1.0,0.678,0.146,0.5,0.5
2262,0.5085,True,landandfarm,39900698,KS,Chautauqua,400.0,2050000.0,5125.0,"Cedar Vale, KS, 67024",https://www.landandfarm.com/property/cq-400-with-private-watershed-lake-39900698/,,,1.0,0.678,0.146,0.5,0.5
2263,0.5078,True,landwatch,425860407,KY,Butler,203.0,989900.0,4876.35,"Morgantown, KY, 42261, Butler County",https://www.landwatch.com/butler-county-kentucky-recreational-property-for-sale/pid/425860407,,,1.0,0.62,0.187,0.5,0.5
2264,0.5078,True,landandfarm,40490288,KY,Butler,203.0,989900.0,4876.35,"Morgantown, KY, 42261",https://www.landandfarm.com/property/butler-203-29-40490288/,,,1.0,0.62,0.187,0.5,0.5
2265,0.5076,True,landwatch,425359529,SD,Custer,402.0,2075000.0,5161.69,"Custer, SD, 57735, Custer County",https://www.landwatch.com/custer-county-south-dakota-farms-and-ranches-for-sale/pid/425359529,,,1.0,0.683,0.14,0.5,0.5
2266,0.5076,True,landandfarm,39989410,SD,Custer,402.0,2075000.0,5161.69,"Custer, SD, 57735",https://www.landandfarm.com/property/mountain-view-ranch-39989410/,,,1.0,0.683,0.14,0.5,0.5
2267,0.5075,True,landwatch,424987955,GA,Calhoun,202.0,980000.0,4851.49,"Morgan, GA, 39866, Calhoun County",https://www.landwatch.com/calhoun-county-georgia-farms-and-ranches-for-sale/pid/424987955,,,1.0,0.613,0.191,0.5,0.5
2268,0.5075,True,landandfarm,39617836,GA,Calhoun,202.0,980000.0,4851.49,"Morgan, GA, 39866",https://www.landandfarm.com/property/buck-road-farm-39617836/,,,1.0,0.613,0.191,0.5,0.5
2269,0.5074,True,landwatch,425839892,MO,Howell,369.0,1790000.0,4850.95,"West Plains, MO, 65775, Howell County",https://www.landwatch.com/howell-county-missouri-farms-and-ranches-for-sale/pid/425839892,,,1.0,0.612,0.192,0.5,0.5
2270,0.5074,True,landandfarm,40469773,MO,Howell,369.0,1790000.0,4850.95,"West Plains, MO, 65775",https://www.landandfarm.com/property/369-acre-spring-river-pasture-farm-with-rolling-views-near-west-plains-mo-40469773/,,,1.0,0.612,0.192,0.5,0.5
2271,0.5072,True,landwatch,426082587,OH,Ashtabula,200.0,959900.0,4799.5,"Ashtabula, OH, 44004, Ashtabula County",https://www.landwatch.com/ashtabula-county-ohio-recreational-property-for-sale/pid/426082587,,,1.0,0.6,0.2,0.5,0.5
2272,0.5072,True,landandfarm,40712468,OH,Ashtabula,200.0,959900.0,4799.5,"Ashtabula, OH, 44004",https://www.landandfarm.com/property/200-acres-ashtabula-county-hunting-land-40712468/,,,1.0,0.6,0.2,0.5,0.5
2273,0.5071,True,landsearch,5098420,KS,Coffey,230.0,1380000.0,6000.0,"Waverly, KS 66871",https://www.landsearch.com/properties/reaper-rd-waverly-ks-66871/5098420,,,1.0,0.8,0.05,0.5,0.5
2274,0.5071,True,landwatch,424046201,KS,Saline,230.0,1350590.0,5872.13,"Gypsum, KS, 67448, Saline County",https://www.landwatch.com/saline-county-kansas-farms-and-ranches-for-sale/pid/424046201,,,1.0,0.8,0.05,0.5,0.5
2275,0.5065,True,landwatch,424068697,OK,Adair,332.0,1499000.0,4515.06,"Stilwell, OK, 74960, Adair County",https://www.landwatch.com/adair-county-oklahoma-farms-and-ranches-for-sale/pid/424068697,,,1.0,0.533,0.247,0.5,0.5
2276,0.5064,True,landwatch,425762273,PA,Somerset,525.0,2895000.0,5514.29,"Fairhope, PA, 15538, Somerset County",https://www.landwatch.com/somerset-county-pennsylvania-lakefront-property-for-sale/pid/425762273,,,1.0,0.755,0.081,0.5,0.5
2277,0.5064,True,landandfarm,40392154,PA,Somerset,525.0,2895000.0,5514.29,"Fairhope, PA, 15538",https://www.landandfarm.com/property/single-family-fairhope-pa-40392154/,,,1.0,0.755,0.081,0.5,0.5
2278,0.5063,True,landwatch,414086510,OK,Coal,206.0,1029620.0,4998.16,"Coalgate, OK, 74538, Coal County",https://www.landwatch.com/coal-county-oklahoma-farms-and-ranches-for-sale/pid/414086510,,,1.0,0.64,0.167,0.5,0.5
2279,0.5063,True,landandfarm,17180129,OK,Coal,206.0,1029620.0,4998.16,"Coalgate, OK, 74538",https://www.landandfarm.com/property/206-acre-cattle-ranch-in-coalgate-ok-17180129/,,,1.0,0.64,0.167,0.5,0.5
2280,0.5055,True,landandfarm,41021833,KS,Chautauqua,704.0,2900000.0,4119.32,"Cedar Vale, KS, 67024",https://www.landandfarm.com/property/otter-creek-ranch-41021833/,,,1.0,0.441,0.313,0.5,0.5
2281,0.5054,True,landwatch,426255745,MS,Claiborne,314.0,1575000.0,5015.92,"Port Gibson, MS, 39150, Claiborne County",https://www.landwatch.com/claiborne-county-mississippi-recreational-property-for-sale/pid/426255745,,,1.0,0.64,0.164,0.5,0.5
2282,0.5054,True,landandfarm,40885626,MS,Claiborne,314.0,1575000.0,5015.92,"Port Gibson, MS, 39150",https://www.landandfarm.com/property/big-buck-hunting-land-lodge-in-claiborne-county-40885626/,,,1.0,0.64,0.164,0.5,0.5
2283,0.5054,True,landwatch,421582912,VA,Dinwiddie,587.0,2900000.0,4940.37,"Wilsons, VA, 23894, Dinwiddie County",https://www.landwatch.com/dinwiddie-county-virginia-recreational-property-for-sale/pid/421582912,,,1.0,0.623,0.177,0.5,0.5
2284,0.5054,True,landandfarm,36212792,VA,Dinwiddie,587.0,2900000.0,4940.37,"Wilsons, VA, 23894",https://www.landandfarm.com/property/587-acres-in-dinwiddie-county-36212792/,,,1.0,0.623,0.177,0.5,0.5
2285,0.505,True,landwatch,426425524,AL,Lamar,594.0,2900000.0,4882.15,"Sulligent, AL, 35586, Lamar County",https://www.landwatch.com/lamar-county-alabama-farms-and-ranches-for-sale/pid/426425524,,,1.0,0.608,0.186,0.5,0.5
2286,0.505,True,landandfarm,41055405,AL,Lamar,594.0,2900000.0,4882.15,"Sulligent, AL, 35586",https://www.landandfarm.com/property/bluebird-road-593-high-fence-whitetail-retreat-41055405/,,,1.0,0.608,0.186,0.5,0.5
2287,0.5049,True,landwatch,425845621,MI,Otsego,680.0,2750000.0,4044.12,"Johannesburg, MI, 49751, Otsego County",https://www.landwatch.com/otsego-county-michigan-undeveloped-land-for-sale/pid/425845621,,,1.0,0.422,0.326,0.5,0.5
2288,0.5049,True,landandfarm,40475502,MI,Otsego,680.0,2750000.0,4044.12,"Johannesburg, MI, 49751",https://www.landandfarm.com/property/land-johannesburg-mi-40475502/,,,1.0,0.422,0.326,0.5,0.5
2289,0.5049,True,landwatch,426586439,AL,Lamar,595.0,2900000.0,4873.95,"Sulligent, AL, 35586, Lamar County",https://www.landwatch.com/lamar-county-alabama-farms-and-ranches-for-sale/pid/426586439,,,1.0,0.606,0.188,0.5,0.5
2290,0.5049,True,landandfarm,41216320,AL,Lamar,595.0,2900000.0,4873.95,"Sulligent, AL, 35586",https://www.landandfarm.com/property/high-fence-whitetail-retreat-41216320/,,,1.0,0.606,0.188,0.5,0.5
2291,0.5045,True,landwatch,409807373,OK,Mcclain,220.0,1200000.0,5454.55,"Lindsay, OK, 73052, McClain County",https://www.landwatch.com/mcclain-county-oklahoma-farms-and-ranches-for-sale/pid/409807373,,,1.0,0.733,0.091,0.5,0.5
2292,0.5045,True,landwatch,423731690,MO,Polk,220.0,1200000.0,5454.55,"Polk, MO, 65613, Polk County",https://www.landwatch.com/polk-county-missouri-farms-and-ranches-for-sale/pid/423731690,,,1.0,0.733,0.091,0.5,0.5
2293,0.5045,True,landandfarm,38361571,MO,Polk,220.0,1200000.0,5454.55,"Polk, MO, 65613",https://www.landandfarm.com/property/bobkat-ranch-220-acre-recreation-farm-with-secluded-cabin-38361571/,,,1.0,0.733,0.091,0.5,0.5
2294,0.5045,True,landwatch,426028700,AL,Autauga,367.0,1795000.0,4891.01,"Prattville, AL, 36067, Autauga County",https://www.landwatch.com/autauga-county-alabama-recreational-property-for-sale/pid/426028700,,,1.0,0.608,0.185,0.5,0.5
2295,0.5045,True,landandfarm,40658581,AL,Autauga,367.0,1795000.0,4891.01,"Prattville, AL, 36067",https://www.landandfarm.com/property/367-ac-autauga-county-swift-creek-tract-40658581/,,,1.0,0.608,0.185,0.5,0.5
2296,0.5043,True,landwatch,423823926,IN,Brown,292.0,1750000.0,5993.15,"Nashville, IN, 47448, Brown County",https://www.landwatch.com/brown-county-indiana-recreational-property-for-sale/pid/423823926,,,1.0,0.787,0.05,0.5,0.5
2297,0.5043,True,landandfarm,38453807,IN,Brown,292.0,1750000.0,5993.15,"Nashville, IN, 47448",https://www.landandfarm.com/property/292-acres-brown-county-38453807/,,,1.0,0.787,0.05,0.5,0.5
2298,0.5042,True,landwatch,426070123,OH,Clermont,605.0,2900000.0,4793.39,"Felicity, OH, 45120, Clermont County",https://www.landwatch.com/clermont-county-ohio-undeveloped-land-for-sale/pid/426070123,,,1.0,0.585,0.201,0.5,0.5
2299,0.5042,True,landandfarm,40700004,OH,Clermont,605.0,2900000.0,4793.39,"Felicity, OH, 45120",https://www.landandfarm.com/property/land-franklin-twp-oh-40700004/,,,1.0,0.585,0.201,0.5,0.5
2300,0.504,True,landwatch,426524478,TN,Johnson,708.0,2950000.0,4166.67,"Mountain City, TN, 37683, Johnson County",https://www.landwatch.com/johnson-county-tennessee-recreational-property-for-sale/pid/426524478,,,1.0,0.445,0.306,0.5,0.5
2301,0.504,True,landandfarm,41154359,TN,Johnson,708.0,2950000.0,4166.67,"Mountain City, TN, 37683",https://www.landandfarm.com/property/johnson-county-tn-708-acres-of-raw-mountain-land-near-boone-nc-with-moun-41154359/,,,1.0,0.445,0.306,0.5,0.5
2302,0.5038,True,landwatch,422292480,KY,Powell,528.0,2925000.0,5539.77,"Stanton, KY, 40380, Powell County",https://www.landwatch.com/powell-county-kentucky-recreational-property-for-sale/pid/422292480,,,1.0,0.749,0.077,0.5,0.5
2303,0.5038,True,landandfarm,36922361,KY,Powell,528.0,2925000.0,5539.77,"Stanton, KY, 40380",https://www.landandfarm.com/property/ultimate-mountain-getaway-near-the-red-river-gorge-36922361/,,,1.0,0.749,0.077,0.5,0.5
2304,0.5033,True,landwatch,425823674,AL,Cullman,713.0,2994600.0,4200.0,"Arkadelphia, AL, 35077, Cullman County",https://www.landwatch.com/cullman-county-alabama-farms-and-ranches-for-sale/pid/425823674,,,1.0,0.449,0.3,0.5,0.5
2305,0.5031,True,landsearch,5023643,GA,Randolph,515.0,2925000.0,5679.61,"Cuthbert, GA 39840",https://www.landsearch.com/properties/886-mound-rd-cuthbert-ga-39840/5023643,,,1.0,0.776,0.053,0.5,0.5
2306,0.5031,True,landwatch,425598127,GA,Randolph,515.0,2925000.0,5679.61,"Cuthbert, GA, 39840, Randolph County",https://www.landwatch.com/randolph-county-georgia-farms-and-ranches-for-sale/pid/425598127,,,1.0,0.776,0.053,0.5,0.5
2307,0.5031,True,landandfarm,40228008,GA,Randolph,515.0,2925000.0,5679.61,"Cuthbert, GA, 39840",https://www.landandfarm.com/property/hardscrabble-farm-40228008/,,,1.0,0.776,0.053,0.5,0.5
2308,0.5031,True,landwatch,424177868,KS,Bourbon,313.0,1595000.0,5095.85,"Fort Scott, KS, 66701, Bourbon County",https://www.landwatch.com/bourbon-county-kansas-farms-and-ranches-for-sale/pid/424177868,,,1.0,0.647,0.151,0.5,0.5
2309,0.5031,True,landandfarm,38807749,KS,Bourbon,313.0,1595000.0,5095.85,"Fort Scott, KS, 66701",https://www.landandfarm.com/property/bourbon-county-wings-and-whitetails-38807749/,,,1.0,0.647,0.151,0.5,0.5
2310,0.5029,True,landwatch,426459314,AR,Lonoke,628.0,2888800.0,4600.0,"Lonoke, AR, 72086, Lonoke County",https://www.landwatch.com/lonoke-county-arkansas-farms-and-ranches-for-sale/pid/426459314,,,1.0,0.536,0.233,0.5,0.5
2311,0.5029,True,landandfarm,41089195,AR,Lonoke,628.0,2888800.0,4600.0,"Lonoke, AR, 72086",https://www.landandfarm.com/property/wattensaw-bayou-628-acre-recreational-tract-41089195/,,,1.0,0.536,0.233,0.5,0.5
2312,0.5026,True,landwatch,425605266,TN,Hardeman,411.0,2200000.0,5352.8,"Saulsbury, TN, 38067, Hardeman County",https://www.landwatch.com/hardeman-county-tennessee-farms-and-ranches-for-sale/pid/425605266,,,1.0,0.702,0.108,0.5,0.5
2313,0.5026,True,landandfarm,40235147,TN,Hardeman,411.0,2200000.0,5352.8,"Saulsbury, TN, 38067",https://www.landandfarm.com/property/prime-hunting-and-farming-land-40235147/,,,1.0,0.702,0.108,0.5,0.5
2314,0.5023,True,landsearch,5069031,AL,Jackson,383.0,1950000.0,5091.38,"Estillfork, AL 35745",https://www.landsearch.com/properties/2998-county-road-140-estillfork-al-35745/5069031,,,1.0,0.642,0.151,0.5,0.5
2315,0.5021,True,landwatch,421725032,SD,Deuel,515.0,3000000.0,5825.24,"Clear Lake, SD, 57226, Deuel County",https://www.landwatch.com/deuel-county-south-dakota-farms-and-ranches-for-sale/pid/421725032,,,1.0,0.776,0.05,0.5,0.5
2316,0.5021,True,landandfarm,36354913,SD,Deuel,515.0,3000000.0,5825.24,"Clear Lake, SD, 57226",https://www.landandfarm.com/property/deuel-county-sd-515-acres-36354913/,,,1.0,0.776,0.05,0.5,0.5
2317,0.5009,True,landwatch,424944374,OK,Pontotoc,601.0,2944900.0,4900.0,"Ada, OK, 74820, Pontotoc County",https://www.landwatch.com/pontotoc-county-oklahoma-farms-and-ranches-for-sale/pid/424944374,,,1.0,0.593,0.183,0.5,0.5
2318,0.5009,True,landandfarm,39574255,OK,Pontotoc,601.0,2944900.0,4900.0,"Ada, OK, 74820",https://www.landandfarm.com/property/three-creeks-ranch-39574255/,,,1.0,0.593,0.183,0.5,0.5
2319,0.4995,True,landwatch,425401978,MS,Chickasaw,386.0,1999000.0,5178.76,"Houlka, MS, 38850, Chickasaw County",https://www.landwatch.com/chickasaw-county-mississippi-farms-and-ranches-for-sale/pid/425401978,,,1.0,0.649,0.137,0.5,0.5
2320,0.4995,True,landandfarm,40031859,MS,Chickasaw,386.0,1999000.0,5178.76,"Houlka, MS, 38850",https://www.landandfarm.com/property/386-ranch-with-private-lake-and-pasture-in-chickasaw-county-ms-40031859/,,,1.0,0.649,0.137,0.5,0.5
2321,0.4995,True,landwatch,426021655,TN,Wayne,351.0,1699900.0,4843.02,"Waynesboro, TN, 38485, Wayne County",https://www.landwatch.com/wayne-county-tennessee-farms-and-ranches-for-sale/pid/426021655,,,1.0,0.574,0.193,0.5,0.5
2322,0.4995,True,landandfarm,40651536,TN,Wayne,351.0,1699900.0,4843.02,"Waynesboro, TN, 38485",https://www.landandfarm.com/property/351-acres-on-the-buffalo-river-40651536/,,,1.0,0.574,0.193,0.5,0.5
2323,0.4994,True,landwatch,424913805,OH,Lawrence,357.0,1750000.0,4901.96,"Chesapeake, OH, 45619, Lawrence County",https://www.landwatch.com/lawrence-county-ohio-farms-and-ranches-for-sale/pid/424913805,,,1.0,0.587,0.183,0.5,0.5
2324,0.4994,True,landandfarm,39543686,OH,Lawrence,357.0,1750000.0,4901.96,"Chesapeake, OH, 45619",https://www.landandfarm.com/property/mckinney-creek-home-hunting-paradise-39543686/,,,1.0,0.587,0.183,0.5,0.5
2325,0.4985,True,landwatch,425597000,KY,Hopkins,325.0,1500000.0,4615.38,"Nortonville, KY, 42442, Hopkins County",https://www.landwatch.com/hopkins-county-kentucky-farms-and-ranches-for-sale/pid/425597000,,,1.0,0.519,0.231,0.5,0.5
2326,0.4985,True,landandfarm,40226881,KY,Hopkins,325.0,1500000.0,4615.38,"Nortonville, KY, 42442",https://www.landandfarm.com/property/turnkey-setup-for-farming-ranching-or-a-private-retreat-40226881/,,,1.0,0.519,0.231,0.5,0.5
2327,0.4983,True,landwatch,424022176,KY,Lewis,385.0,2000000.0,5194.81,"Garrison, KY, 41141, Lewis County",https://www.landwatch.com/lewis-county-kentucky-homes-for-sale/pid/424022176,,,1.0,0.646,0.134,0.5,0.5
2328,0.4979,True,landwatch,425369497,AL,Chilton,200.0,999000.0,4995.0,"Maplesville, AL, 36750, Chilton County",https://www.landwatch.com/chilton-county-alabama-farms-and-ranches-for-sale/pid/425369497,,,1.0,0.6,0.167,0.5,0.5
2329,0.4979,True,landandfarm,39999378,AL,Chilton,200.0,999000.0,4995.0,"Maplesville, AL, 36750",https://www.landandfarm.com/property/200-contiguous-acres-with-camp-house-and-lake-39999378/,,,1.0,0.6,0.167,0.5,0.5
2330,0.4978,True,landwatch,426222168,KS,Osborne,202.0,1021503.0,5056.95,"Downs, KS, 67437, Osborne County",https://www.landwatch.com/osborne-county-kansas-farms-and-ranches-for-sale/pid/426222168,,,1.0,0.613,0.157,0.5,0.5
2331,0.4978,True,landandfarm,40852049,KS,Osborne,202.0,1021503.0,5056.95,"Downs, KS, 67437",https://www.landandfarm.com/property/solomon-river-bottom-booners-40852049/,,,1.0,0.613,0.157,0.5,0.5
2332,0.4977,True,landwatch,425507936,OK,Pawnee,575.0,2999500.0,5216.52,"Ralston, OK, 74650, Pawnee County",https://www.landwatch.com/pawnee-county-oklahoma-farms-and-ranches-for-sale/pid/425507936,,,1.0,0.649,0.131,0.5,0.5
2333,0.4977,True,landandfarm,40137817,OK,Pawnee,575.0,2999500.0,5216.52,"Ralston, OK, 74650",https://www.landandfarm.com/property/lodge-at-pawnee-county-40137817/,,,1.0,0.649,0.131,0.5,0.5
2334,0.4976,True,landwatch,423632011,TN,Haywood,417.0,2300000.0,5515.59,"Stanton, TN, 38069, Haywood County",https://www.landwatch.com/haywood-county-tennessee-farms-and-ranches-for-sale/pid/423632011,,,1.0,0.715,0.081,0.5,0.5
2335,0.4976,True,landandfarm,38261892,TN,Haywood,417.0,2300000.0,5515.59,"Stanton, TN, 38069",https://www.landandfarm.com/property/massey-stanton-38261892/,,,1.0,0.715,0.081,0.5,0.5
2336,0.4976,True,landwatch,424842993,TN,Hawkins,588.0,2995000.0,5093.54,"Mooresburg, TN, 37811, Hawkins County",https://www.landwatch.com/hawkins-county-tennessee-recreational-property-for-sale/pid/424842993,,,1.0,0.621,0.151,0.5,0.5
2337,0.4976,True,landandfarm,39472874,TN,Hawkins,588.0,2995000.0,5093.54,"Mooresburg, TN, 37811",https://www.landandfarm.com/property/legacy-hunting-estate-and-land-in-tn-39472874/,,,1.0,0.621,0.151,0.5,0.5
2338,0.4976,True,landwatch,426226546,OK,Harmon,320.0,1600000.0,5000.0,"Hollis, OK, 73550, Harmon County",https://www.landwatch.com/harmon-county-oklahoma-farms-and-ranches-for-sale/pid/426226546,,,1.0,0.6,0.167,0.5,0.5
2339,0.4976,True,landwatch,426470665,MI,Mason,200.0,1000000.0,5000.0,"Custer, MI, 49405, Mason County",https://www.landwatch.com/mason-county-michigan-homes-for-sale/pid/426470665,,,1.0,0.6,0.167,0.5,0.5
2340,0.4976,True,landandfarm,40372096,OK,Seminole,200.0,1000000.0,5000.0,"Seminole, OK, 74868",https://www.landandfarm.com/property/200-acres-of-prime-hunting-on-the-highway-40372096/,,,1.0,0.6,0.167,0.5,0.5
2341,0.4976,True,landandfarm,40856427,OK,Harmon,320.0,1600000.0,5000.0,"Hollis, OK, 73550",https://www.landandfarm.com/property/harmon-county-river-view-ranch-40856427/,,,1.0,0.6,0.167,0.5,0.5
2342,0.4976,True,landandfarm,41100546,MI,Mason,200.0,1000000.0,5000.0,"Custer, MI, 49405",https://www.landandfarm.com/property/200-acres-in-mason-county-41100546/,,,1.0,0.6,0.167,0.5,0.5
2343,0.4972,True,landwatch,424381304,TN,Hawkins,588.0,3000000.0,5102.04,"Mooresburg, TN, 37811, Hawkins County",https://www.landwatch.com/hawkins-county-tennessee-recreational-property-for-sale/pid/424381304,,,1.0,0.621,0.15,0.5,0.5
2344,0.4972,True,landandfarm,39011185,TN,Hawkins,588.0,3000000.0,5102.04,"Mooresburg, TN, 37811",https://www.landandfarm.com/property/custom-log-home-on-588-acres-39011185/,,,1.0,0.621,0.15,0.5,0.5
2345,0.4971,True,landwatch,424305688,GA,Screven,435.0,2523000.0,5800.0,"Sylvania, GA, 30467, Screven County",https://www.landwatch.com/screven-county-georgia-farms-and-ranches-for-sale/pid/424305688,,,1.0,0.753,0.05,0.5,0.5
2346,0.4971,True,landandfarm,38935569,GA,Screven,435.0,2523000.0,5800.0,"Sylvania, GA, 30467",https://www.landandfarm.com/property/savannah-river-legacy-farm-38935569/,,,1.0,0.753,0.05,0.5,0.5
2347,0.497,True,landwatch,424104319,NE,Keith,593.0,3000000.0,5059.02,"Roscoe, NE 69153",https://www.landwatch.com/keith-county-nebraska-farms-and-ranches-for-sale/pid/424104319,,,1.0,0.61,0.157,0.5,0.5
2348,0.497,True,landandfarm,38734200,NE,Keith,593.0,3000000.0,5059.02,"Roscoe, NE 69153",https://www.landandfarm.com/property/592-acres-keith-county-alkali-game-reserve-38734200/,,,1.0,0.61,0.157,0.5,0.5
2349,0.4962,True,landwatch,425722483,IL,Greene,216.0,1190000.0,5509.26,"Eldred, IL, 62027, Greene County",https://www.landwatch.com/greene-county-illinois-farms-and-ranches-for-sale/pid/425722483,,,1.0,0.707,0.082,0.5,0.5
2350,0.4962,True,landandfarm,40352364,IL,Greene,216.0,1190000.0,5509.26,"Eldred, IL, 62027",https://www.landandfarm.com/property/exceptional-deer-and-waterfowl-hunting-property-for-sale-40352364/,,,1.0,0.707,0.082,0.5,0.5
2351,0.4962,True,landwatch,422820889,NY,Ontario,607.0,2999900.0,4942.17,"Naples, NY, 14512, Ontario County",https://www.landwatch.com/ontario-county-new-york-farms-and-ranches-for-sale/pid/422820889,,,1.0,0.58,0.176,0.5,0.5
2352,0.4962,True,landandfarm,37450770,NY,Ontario,607.0,2999900.0,4942.17,"Naples, NY, 14512",https://www.landandfarm.com/property/once-in-a-lifetime-opportunity-over-600-acres-in-the-heart-of-the-finger-37450770/,,,1.0,0.58,0.176,0.5,0.5
2353,0.4954,True,landwatch,424735346,NE,Burt,308.0,1665414.0,5407.19,"Tekamah, NE, 68061, Burt County",https://www.landwatch.com/burt-county-nebraska-farms-and-ranches-for-sale/pid/424735346,,,1.0,0.68,0.099,0.5,0.5
2354,0.4954,True,landandfarm,39365227,NE,Burt,308.0,1665414.0,5407.19,"Tekamah, NE, 68061",https://www.landandfarm.com/property/iconic-black-dog-bend-waterfowl-and-deer-hunting-paradise-39365227/,,,1.0,0.68,0.099,0.5,0.5
2355,0.4953,True,landwatch,421722261,AR,Monroe,307.0,1669495.0,5438.09,"Monroe, AR, 72021, Monroe County",https://www.landwatch.com/monroe-county-arkansas-farms-and-ranches-for-sale/pid/421722261,,,1.0,0.687,0.094,0.5,0.5
2356,0.4953,True,landandfarm,36352142,AR,Monroe,307.0,1669495.0,5438.09,"Monroe, AR, 72021",https://www.landandfarm.com/property/monroe-farm-36352142/,,,1.0,0.687,0.094,0.5,0.5
2357,0.4952,True,landwatch,425172760,GA,Taylor,431.0,2585000.0,5997.68,"Rupert, GA, 31081, Taylor County",https://www.landwatch.com/taylor-county-georgia-recreational-property-for-sale/pid/425172760,,,1.0,0.744,0.05,0.5,0.5
2358,0.4952,True,landandfarm,39802641,GA,Taylor,431.0,2585000.0,5997.68,"Rupert, GA, 31081",https://www.landandfarm.com/property/aviation-sporting-farm-39802641/,,,1.0,0.744,0.05,0.5,0.5
2359,0.495,True,landwatch,425065020,MO,Texas,425.0,2400000.0,5647.06,"Graff, MO, 65660, Texas County",https://www.landwatch.com/texas-county-missouri-farms-and-ranches-for-sale/pid/425065020,,,1.0,0.732,0.059,0.5,0.5
2360,0.495,True,landandfarm,39694901,MO,Texas,425.0,2400000.0,5647.06,"Graff, MO, 65660",https://www.landandfarm.com/property/beaver-creek-ranch-39694901/,,,1.0,0.732,0.059,0.5,0.5
2361,0.4948,True,landwatch,425747285,IL,Union,365.0,1852500.0,5075.34,"Jonesboro, IL, 62952, Union County",https://www.landwatch.com/union-county-illinois-farms-and-ranches-for-sale/pid/425747285,,,1.0,0.604,0.154,0.5,0.5
2362,0.4948,True,landandfarm,40377166,IL,Union,365.0,1852500.0,5075.34,"Jonesboro, IL, 62952",https://www.landandfarm.com/property/if-you-love-land-hunting-or-just-wide-open-space-this-one-is-special-40377166/,,,1.0,0.604,0.154,0.5,0.5
2363,0.4943,True,landwatch,422753168,MS,Attala,631.0,2997450.0,4750.32,"West, MS, 39192, Attala County",https://www.landwatch.com/attala-county-mississippi-recreational-property-for-sale/pid/422753168,,,1.0,0.529,0.208,0.5,0.5
2364,0.4939,True,landwatch,424717332,NE,Brown,633.0,3000000.0,4739.34,"Long Pine, NE 69217",https://www.landwatch.com/brown-county-nebraska-farms-and-ranches-for-sale/pid/424717332,,,1.0,0.525,0.21,0.5,0.5
2365,0.4939,True,landandfarm,39347213,NE,Brown,633.0,3000000.0,4739.34,"Long Pine, NE 69217",https://www.landandfarm.com/property/633-acres-brown-county-8211-buffalo-flats-irrigated-farm-and-wildlife-6-39347213/,,,1.0,0.525,0.21,0.5,0.5
2366,0.4939,True,landwatch,424863228,MO,Henry,428.0,2485000.0,5806.07,"Montrose, MO, 64770, Henry County",https://www.landwatch.com/henry-county-missouri-farms-and-ranches-for-sale/pid/424863228,,,1.0,0.738,0.05,0.5,0.5
2367,0.4939,True,landandfarm,39493109,MO,Henry,428.0,2485000.0,5806.07,"Montrose, MO, 64770",https://www.landandfarm.com/property/highly-tillable-henry-county-farm-with-water-39493109/,,,1.0,0.738,0.05,0.5,0.5
2368,0.4938,True,landwatch,424472817,MO,Sullivan,214.0,1177000.0,5500.0,"Milan, MO, 63556, Sullivan County",https://www.landwatch.com/sullivan-county-missouri-farms-and-ranches-for-sale/pid/424472817,,,1.0,0.693,0.083,0.5,0.5
2369,0.4938,True,landwatch,424481882,MO,Sullivan,214.0,1177000.0,5500.0,"Milan, MO, 63556, Sullivan County",https://www.landwatch.com/sullivan-county-missouri-farms-and-ranches-for-sale/pid/424481882,,,1.0,0.693,0.083,0.5,0.5
2370,0.4938,True,landandfarm,39111763,MO,Sullivan,214.0,1177000.0,5500.0,"Milan, MO, 63556",https://www.landandfarm.com/property/farm-in-renowned-big-buck-area-39111763/,,,1.0,0.693,0.083,0.5,0.5
2371,0.4938,True,landandfarm,39102698,MO,Sullivan,214.0,1177000.0,5500.0,"Milan, MO, 63556",https://www.landandfarm.com/property/farm-in-renowned-big-buck-area-39102698/,,,1.0,0.693,0.083,0.5,0.5
2372,0.4935,True,landwatch,425299498,NY,Columbia,367.0,1880000.0,5122.62,"Canaan, NY, 12029, Columbia County",https://www.landwatch.com/columbia-county-new-york-lakefront-property-for-sale/pid/425299498,,,1.0,0.608,0.146,0.5,0.5
2373,0.4935,True,landandfarm,39929379,NY,Columbia,367.0,1880000.0,5122.62,"Canaan, NY, 12029",https://www.landandfarm.com/property/single-family-colonial-canaan-ny-39929379/,,,1.0,0.608,0.146,0.5,0.5
2374,0.4934,True,landwatch,420208408,MO,Douglas,427.0,2550000.0,5971.9,"Ava, MO, 65608, Douglas County",https://www.landwatch.com/douglas-county-missouri-farms-and-ranches-for-sale/pid/420208408,,,1.0,0.736,0.05,0.5,0.5
2375,0.4934,True,landandfarm,34838288,MO,Douglas,427.0,2550000.0,5971.9,"Ava, MO, 65608",https://www.landandfarm.com/property/stunning-ranch-34838288/,,,1.0,0.736,0.05,0.5,0.5
2376,0.4932,True,landsearch,5003229,SD,Mellette,640.0,3000000.0,4687.5,"Winner, SD 57580",https://www.landsearch.com/properties/291st-ave-winner-sd-57580/5003229,,,1.0,0.51,0.219,0.5,0.5
2377,0.4932,True,landwatch,425511224,SD,Mellette,640.0,3000000.0,4687.5,"Winner, SD, 57580, Mellette County",https://www.landwatch.com/mellette-county-south-dakota-farms-and-ranches-for-sale/pid/425511224,,,1.0,0.51,0.219,0.5,0.5
2378,0.4932,True,landandfarm,40141105,SD,Mellette,640.0,3000000.0,4687.5,"Winner, SD, 57580",https://www.landandfarm.com/property/oak-creek-farm-and-hunt-40141105/,,,1.0,0.51,0.219,0.5,0.5
2379,0.4929,True,landwatch,425461070,IA,Davis,300.0,1800000.0,6000.0,"Bloomfield, IA, 52537, Davis County",https://www.landwatch.com/davis-county-iowa-farms-and-ranches-for-sale/pid/425461070,,,1.0,0.733,0.05,0.5,0.5
2380,0.4929,True,landwatch,425452229,IA,Davis,300.0,1800000.0,6000.0,"Bloomfield, IA, 52537, Davis County",https://www.landwatch.com/davis-county-iowa-farms-and-ranches-for-sale/pid/425452229,,,1.0,0.733,0.05,0.5,0.5
2381,0.4929,True,landandfarm,40090951,IA,Davis,300.0,1800000.0,6000.0,"Bloomfield, IA, 52537",https://www.landandfarm.com/property/300-acres-of-prime-southern-iowa-farmland-40090951/,,,1.0,0.733,0.05,0.5,0.5
2382,0.4929,True,landandfarm,40082110,IA,Davis,300.0,1800000.0,6000.0,"Bloomfield, IA, 52537",https://www.landandfarm.com/property/farms-bloomfield-ia-40082110/,,,1.0,0.733,0.05,0.5,0.5
2383,0.4928,True,landwatch,423920810,AR,Crawford,380.0,2000000.0,5263.16,"Mulberry, AR, 72947, Crawford County",https://www.landwatch.com/crawford-county-arkansas-timberland-property-for-sale/pid/423920810,,,1.0,0.636,0.123,0.5,0.5
2384,0.4928,True,landandfarm,38550691,AR,Crawford,380.0,2000000.0,5263.16,"Mulberry, AR, 72947",https://www.landandfarm.com/property/380-acres-in-crawford-county-arkansas-38550691/,,,1.0,0.636,0.123,0.5,0.5
2385,0.4927,True,landwatch,423862599,MO,Ripley,207.0,1100000.0,5314.01,"Doniphan, MO, 63935, Ripley County",https://www.landwatch.com/ripley-county-missouri-hunting-property-for-sale/pid/423862599,,,1.0,0.647,0.114,0.5,0.5
2386,0.4927,True,landandfarm,38492480,MO,Ripley,207.0,1100000.0,5314.01,"Doniphan, MO, 63935",https://www.landandfarm.com/property/turnkey-hunting-property-with-beautiful-lodge-food-plots-and-creek-38492480/,,,1.0,0.647,0.114,0.5,0.5
2387,0.4918,True,landsearch,4761702,OK,McCurtain,378.0,1990000.0,5264.55,"Garvin, OK 74736",https://www.landsearch.com/properties/snows-arena-rd-garvin-ok-74736/4761702,,,1.0,0.632,0.123,0.5,0.5
2388,0.4918,True,landandfarm,38720523,OK,McCurtain,378.0,1990000.0,5264.55,"Garvin, OK, 74736",https://www.landandfarm.com/property/egret-lake-38720523/,,,1.0,0.632,0.123,0.5,0.5
2389,0.4912,True,landwatch,426270151,MS,Pearl River,354.0,1786266.0,5045.95,"Poplarville, MS, 39470, Pearl River County",https://www.landwatch.com/pearl-river-county-mississippi-recreational-property-for-sale/pid/426270151,,,1.0,0.58,0.159,0.5,0.5
2390,0.4912,True,landandfarm,40900032,MS,Pearl River,354.0,1786266.0,5045.95,"Poplarville, MS, 39470",https://www.landandfarm.com/property/the-perfect-canvas-waiting-for-its-artist-40900032/,,,1.0,0.58,0.159,0.5,0.5
2391,0.4909,True,landwatch,422023703,GA,Camden,380.0,2015000.0,5302.63,"White Oak, GA, 31568, Camden County",https://www.landwatch.com/camden-county-georgia-recreational-property-for-sale/pid/422023703,,,1.0,0.636,0.116,0.5,0.5
2392,0.4907,True,landwatch,423929442,WI,Rusk,421.0,2500000.0,5938.24,"Glen Flora, WI, 54526, Rusk County",https://www.landwatch.com/rusk-county-wisconsin-homes-for-sale/pid/423929442,,,1.0,0.723,0.05,0.5,0.5
2393,0.4907,True,landwatch,423929446,WI,Rusk,421.0,2500000.0,5938.24,"Glen Flora, WI, 54526, Rusk County",https://www.landwatch.com/rusk-county-wisconsin-commercial-property-for-sale/pid/423929446,,,1.0,0.723,0.05,0.5,0.5
2394,0.4907,True,landwatch,424118948,WI,Rusk,421.0,2500000.0,5938.24,"Glen Flora, WI, 54526, Rusk County",https://www.landwatch.com/rusk-county-wisconsin-farms-and-ranches-for-sale/pid/424118948,,,1.0,0.723,0.05,0.5,0.5
2395,0.4907,True,landandfarm,38748829,WI,Rusk,421.0,2500000.0,5938.24,"Glen Flora, WI, 54526",https://www.landandfarm.com/property/farms-glen-flora-wi-38748829/,,,1.0,0.723,0.05,0.5,0.5
2396,0.4907,True,landandfarm,38559323,WI,Rusk,421.0,2500000.0,5938.24,"Glen Flora, WI, 54526",https://www.landandfarm.com/property/single-family-other-glen-flora-wi-38559323/,,,1.0,0.723,0.05,0.5,0.5
2397,0.4907,True,landandfarm,38559327,WI,Rusk,421.0,2500000.0,5938.24,"Glen Flora, WI, 54526",https://www.landandfarm.com/property/commercial-glen-flora-wi-38559327/,,,1.0,0.723,0.05,0.5,0.5
2398,0.49,True,landwatch,426631419,KS,Pawnee,302.0,1750000.0,5794.7,"Larned, KS, 67550, Pawnee County",https://www.landwatch.com/pawnee-county-kansas-farms-and-ranches-for-sale/pid/426631419,,,1.0,0.72,0.05,0.5,0.5
2399,0.49,True,landandfarm,41261300,KS,Pawnee,302.0,1750000.0,5794.7,"Larned, KS, 67550",https://www.landandfarm.com/property/pickle-creek-irrigated-cropland-41261300/,,,1.0,0.72,0.05,0.5,0.5
2400,0.4886,True,landwatch,425613519,AR,White,303.0,1790526.0,5909.33,"Griffithville, AR, 72060, White County",https://www.landwatch.com/white-county-arkansas-recreational-property-for-sale/pid/425613519,,,1.0,0.713,0.05,0.5,0.5
2401,0.4886,True,landandfarm,40243400,AR,White,303.0,1790526.0,5909.33,"Griffithville, AR, 72060",https://www.landandfarm.com/property/ducks-deer-turkeys-on-bayou-des-arc-40243400/,,,1.0,0.713,0.05,0.5,0.5
2402,0.4874,True,landwatch,421930117,VA,Wythe,328.0,1599900.0,4877.74,"Rural Retreat, VA, 24368, Wythe County",https://www.landwatch.com/wythe-county-virginia-undeveloped-land-for-sale/pid/421930117,,,1.0,0.525,0.187,0.5,0.5
2403,0.4874,True,landandfarm,36559998,VA,Wythe,328.0,1599900.0,4877.74,"Rural Retreat, VA, 24368",https://www.landandfarm.com/property/land-rural-retreat-va-36559998/,,,1.0,0.525,0.187,0.5,0.5
2404,0.4872,True,landwatch,426307206,IA,Monona,398.0,2210000.0,5552.76,"Castana, IA, 51010, Monona County",https://www.landwatch.com/monona-county-iowa-farms-and-ranches-for-sale/pid/426307206,,,1.0,0.674,0.075,0.5,0.5
2405,0.4871,True,landwatch,425364267,PA,Bradford,216.0,1250000.0,5787.04,"Granville Summit, PA, 16926, Bradford County",https://www.landwatch.com/bradford-county-pennsylvania-farms-and-ranches-for-sale/pid/425364267,,,1.0,0.707,0.05,0.5,0.5
2406,0.4871,True,landandfarm,37899129,MO,Atchison,216.0,1275000.0,5902.78,"Rock Port, MO, 64482",https://www.landandfarm.com/property/northwest-missouri-home-and-hunting-paradise-37899129/,,,1.0,0.707,0.05,0.5,0.5
2407,0.4871,True,landandfarm,39994148,PA,Bradford,216.0,1250000.0,5787.04,"Granville Summit, PA, 16926",https://www.landandfarm.com/property/farms-granville-summit-pa-39994148/,,,1.0,0.707,0.05,0.5,0.5
2408,0.4857,True,landwatch,426426400,MO,Randolph,215.0,1250000.0,5813.95,"Darksville, MO, 65259, Randolph County",https://www.landwatch.com/randolph-county-missouri-farms-and-ranches-for-sale/pid/426426400,,,1.0,0.7,0.05,0.5,0.5
2409,0.4857,True,landwatch,426217396,IA,Mahaska,215.0,1236250.0,5750.0,"Rose Hill, IA, 52586, Mahaska County",https://www.landwatch.com/mahaska-county-iowa-farms-and-ranches-for-sale/pid/426217396,,,1.0,0.7,0.05,0.5,0.5
2410,0.4857,True,landwatch,425538637,AL,Chilton,215.0,1275250.0,5931.4,"Clanton, AL, 35046, Chilton County",https://www.landwatch.com/chilton-county-alabama-farms-and-ranches-for-sale/pid/425538637,,,1.0,0.7,0.05,0.5,0.5
2411,0.4857,True,landandfarm,41056281,MO,Randolph,215.0,1250000.0,5813.95,"Darksville, MO, 65259",https://www.landandfarm.com/property/215-1-acres-randolph-county-pasture-hunting-build-sites-41056281/,,,1.0,0.7,0.05,0.5,0.5
2412,0.4857,True,landandfarm,40847277,IA,Mahaska,215.0,1236250.0,5750.0,"Rose Hill, IA, 52586",https://www.landandfarm.com/property/mahaska-county-iowa-215-acres-of-land-for-sale-40847277/,,,1.0,0.7,0.05,0.5,0.5
2413,0.4857,True,landandfarm,40168518,AL,Chilton,215.0,1275250.0,5931.4,"Clanton, AL, 35046",https://www.landandfarm.com/property/beautiful-recreation-investment-trac-40168518/,,,1.0,0.7,0.05,0.5,0.5
2414,0.4847,True,landwatch,425764134,VA,Caroline,335.0,1675500.0,5001.49,"Milford, VA, 22514, Caroline County",https://www.landwatch.com/caroline-county-virginia-recreational-property-for-sale/pid/425764134,,,1.0,0.54,0.166,0.5,0.5
2415,0.4847,True,landandfarm,40394015,VA,Caroline,335.0,1675500.0,5001.49,"Milford, VA, 22514",https://www.landandfarm.com/property/exceptional-hunting-and-recreational-haven-with-privacy-40394015/,,,1.0,0.54,0.166,0.5,0.5
2416,0.4843,True,landwatch,425529378,WI,Douglas,214.0,1235000.0,5771.03,"Gordon, WI, 54838, Douglas County",https://www.landwatch.com/douglas-county-wisconsin-commercial-property-for-sale/pid/425529378,,,1.0,0.693,0.05,0.5,0.5
2417,0.4843,True,landandfarm,40159259,WI,Douglas,214.0,1235000.0,5771.03,"Gordon, WI, 54838",https://www.landandfarm.com/property/commercial-gordon-wi-40159259/,,,1.0,0.693,0.05,0.5,0.5
2418,0.4838,True,landwatch,425196364,MO,Schuyler,406.0,2354800.0,5800.0,"Queen City, MO, 63561, Schuyler County",https://www.landwatch.com/schuyler-county-missouri-farms-and-ranches-for-sale/pid/425196364,,,1.0,0.691,0.05,0.5,0.5
2419,0.4838,True,landandfarm,39826245,MO,Schuyler,406.0,2354800.0,5800.0,"Queen City, MO, 63561",https://www.landandfarm.com/property/406-acres-schuyler-county-top-notch-hunting-income-39826245/,,,1.0,0.691,0.05,0.5,0.5
2420,0.4833,True,landwatch,426046164,MS,Quitman,344.0,1760000.0,5116.28,"Marks, MS, 38646, Quitman County",https://www.landwatch.com/quitman-county-mississippi-farms-and-ranches-for-sale/pid/426046164,,,1.0,0.559,0.147,0.5,0.5
2421,0.4833,True,landandfarm,40676045,MS,Quitman,344.0,1760000.0,5116.28,"Marks, MS, 38646",https://www.landandfarm.com/property/quitman-344-40676045/,,,1.0,0.559,0.147,0.5,0.5
2422,0.4826,True,landwatch,425884042,MS,Attala,324.0,1600000.0,4938.27,"West, MS, 39192, Attala County",https://www.landwatch.com/attala-county-mississippi-recreational-property-for-sale/pid/425884042,,,1.0,0.516,0.177,0.5,0.5
2423,0.4826,True,landandfarm,40513923,MS,Attala,324.0,1600000.0,4938.27,"West, MS, 39192",https://www.landandfarm.com/property/324-attala-40513923/,,,1.0,0.516,0.177,0.5,0.5
2424,0.4822,True,landwatch,425245416,ND,Pembina,316.0,1720000.0,5443.04,"Hamilton, ND, 58238, Pembina County",https://www.landwatch.com/pembina-county-north-dakota-farms-and-ranches-for-sale/pid/425245416,,,1.0,0.627,0.093,0.5,0.5
2425,0.4822,True,landandfarm,39875297,ND,Pembina,316.0,1720000.0,5443.04,"Hamilton, ND, 58238",https://www.landandfarm.com/property/highly-productive-red-river-valley-farmland-39875297/,,,1.0,0.627,0.093,0.5,0.5
2426,0.482,True,landwatch,424353951,WI,Marathon,402.0,2375000.0,5907.96,"Athens, WI, 54411, Marathon County",https://www.landwatch.com/marathon-county-wisconsin-farms-and-ranches-for-sale/pid/424353951,,,1.0,0.683,0.05,0.5,0.5
2427,0.482,True,landwatch,425597622,KY,Muhlenberg,402.0,2406000.0,5985.07,"Greenville, KY, 42345, Muhlenberg County",https://www.landwatch.com/muhlenberg-county-kentucky-timberland-property-for-sale/pid/425597622,,,1.0,0.683,0.05,0.5,0.5
2428,0.482,True,landandfarm,38983832,WI,Marathon,402.0,2375000.0,5907.96,"Athens, WI, 54411",https://www.landandfarm.com/property/rib-river-ranch-estate-38983832/,,,1.0,0.683,0.05,0.5,0.5
2429,0.482,True,landandfarm,40227503,KY,Muhlenberg,402.0,2406000.0,5985.07,"Greenville, KY, 42345",https://www.landandfarm.com/property/acreage-will-subdivide-40227503/,,,1.0,0.683,0.05,0.5,0.5
2430,0.482,True,landwatch,426279328,MN,Pine,203.0,1100000.0,5418.72,"Hinckley, MN, 55037, Pine County",https://www.landwatch.com/pine-county-minnesota-recreational-property-for-sale/pid/426279328,,,1.0,0.62,0.097,0.5,0.5
2431,0.482,True,landandfarm,40909209,MN,Pine,203.0,1100000.0,5418.72,"Hinckley, MN, 55037",https://www.landandfarm.com/property/secluded-home-pole-building-and-hunting-land-near-hinckley-40909209/,,,1.0,0.62,0.097,0.5,0.5
2432,0.4819,True,landsearch,5183989,NC,Northampton,344.0,1769866.0,5144.96,"Conway, NC 27820",https://www.landsearch.com/properties/1428-deberrys-mill-rd-conway-nc-27820/5183989,,,1.0,0.559,0.143,0.5,0.5
2433,0.4817,True,landwatch,423449753,AR,Chicot,206.0,1135800.0,5513.59,"Eudora, AR, 71640, Chicot County",https://www.landwatch.com/chicot-county-arkansas-farms-and-ranches-for-sale/pid/423449753,,,1.0,0.64,0.081,0.5,0.5
2434,0.4817,True,landandfarm,38079634,AR,Chicot,206.0,1135800.0,5513.59,"Eudora, AR, 71640",https://www.landandfarm.com/property/chicot-206-hwy-8-38079634/,,,1.0,0.64,0.081,0.5,0.5
2435,0.4816,True,landwatch,425597120,MO,Wright,392.0,2200000.0,5612.24,"Falcon, MO, 65470, Wright County",https://www.landwatch.com/wright-county-missouri-farms-and-ranches-for-sale/pid/425597120,,,1.0,0.661,0.065,0.5,0.5
2436,0.4816,True,landandfarm,40227001,MO,Wright,392.0,2200000.0,5612.24,"Falcon, MO, 65470",https://www.landandfarm.com/property/wright-county-missouri-391-7-acres-of-land-for-sale-with-cabin-40227001/,,,1.0,0.661,0.065,0.5,0.5
2437,0.4815,True,landwatch,426258294,AR,Prairie,380.0,2090000.0,5500.0,"Childers, AR, 72040, Prairie County",https://www.landwatch.com/prairie-county-arkansas-farms-and-ranches-for-sale/pid/426258294,,,1.0,0.636,0.083,0.5,0.5
2438,0.4815,True,landandfarm,40888175,AR,Prairie,380.0,2090000.0,5500.0,"Childers, AR, 72040",https://www.landandfarm.com/property/skarda-farm-40888175/,,,1.0,0.636,0.083,0.5,0.5
2439,0.4806,True,landwatch,421752137,AR,Monroe,378.0,2079000.0,5500.0,"Monroe, AR, 72021, Monroe County",https://www.landwatch.com/monroe-county-arkansas-farms-and-ranches-for-sale/pid/421752137,,,1.0,0.632,0.083,0.5,0.5
2440,0.4806,True,landandfarm,36382018,AR,Monroe,378.0,2079000.0,5500.0,"Monroe, AR, 72021",https://www.landandfarm.com/property/south-152-farm-36382018/,,,1.0,0.632,0.083,0.5,0.5
2441,0.48,True,landwatch,425915692,IA,Wayne,211.0,1213250.0,5750.0,"Corydon, IA, 50060, Wayne County",https://www.landwatch.com/wayne-county-iowa-farms-and-ranches-for-sale/pid/425915692,,,1.0,0.673,0.05,0.5,0.5
2442,0.48,True,landwatch,423328703,IA,Wayne,211.0,1213250.0,5750.0,"Corydon, IA, 50060, Wayne County",https://www.landwatch.com/wayne-county-iowa-farms-and-ranches-for-sale/pid/423328703,,,1.0,0.673,0.05,0.5,0.5
2443,0.48,True,landwatch,425918527,IA,Wayne,211.0,1213250.0,5750.0,"Corydon, IA, 50060, Wayne County",https://www.landwatch.com/wayne-county-iowa-farms-and-ranches-for-sale/pid/425918527,,,1.0,0.673,0.05,0.5,0.5
2444,0.48,True,landandfarm,40545573,IA,Wayne,211.0,1213250.0,5750.0,"Corydon, IA, 50060",https://www.landandfarm.com/property/wayne-county-high-income-crp-farm-with-big-deer-history-40545573/,,,1.0,0.673,0.05,0.5,0.5
2445,0.48,True,landandfarm,37958584,IA,Wayne,211.0,1213250.0,5750.0,"Corydon, IA, 50060",https://www.landandfarm.com/property/high-income-crp-farm-with-big-deer-history-and-8-acre-lake-37958584/,,,1.0,0.673,0.05,0.5,0.5
2446,0.48,True,landandfarm,40548408,IA,Wayne,211.0,1213250.0,5750.0,"Corydon, IA, 50060",https://www.landandfarm.com/property/farms-corydon-ia-40548408/,,,1.0,0.673,0.05,0.5,0.5
2447,0.4795,True,landwatch,425944128,AR,Ashley,313.0,1750000.0,5591.05,"Montrose, AR, 71658, Ashley County",https://www.landwatch.com/ashley-county-arkansas-farms-and-ranches-for-sale/pid/425944128,,,1.0,0.647,0.068,0.5,0.5
2448,0.4795,True,landandfarm,40574009,AR,Ashley,313.0,1750000.0,5591.05,"Montrose, AR, 71658",https://www.landandfarm.com/property/big-bayou-farm-40574009/,,,1.0,0.647,0.068,0.5,0.5
2449,0.4789,True,landwatch,422322232,IN,Gibson,375.0,2065000.0,5506.67,"Oakland City, IN, 47660, Gibson County",https://www.landwatch.com/gibson-county-indiana-recreational-property-for-sale/pid/422322232,,,1.0,0.625,0.082,0.5,0.5
2450,0.4789,True,landandfarm,36952113,IN,Gibson,375.0,2065000.0,5506.67,"Oakland City, IN, 47660",https://www.landandfarm.com/property/gibson-co-in-375-acres-36952113/,,,1.0,0.625,0.082,0.5,0.5
2451,0.4786,True,landwatch,420685953,TN,Clay,310.0,1783900.0,5754.52,"Whitleyville, TN, 38588, Clay County",https://www.landwatch.com/clay-county-tennessee-farms-and-ranches-for-sale/pid/420685953,,,1.0,0.667,0.05,0.5,0.5
2452,0.4786,True,landandfarm,35315833,TN,Clay,310.0,1783900.0,5754.52,"Whitleyville, TN, 38588",https://www.landandfarm.com/property/this-beautiful-farm-has-it-all-stunning-mountain-views-pasture-for-farmin-35315833/,,,1.0,0.667,0.05,0.5,0.5
2453,0.4783,True,landwatch,426438067,AL,Lee,373.0,2051500.0,5500.0,"Yarbrough, AL, 36852, Lee County",https://www.landwatch.com/lee-county-alabama-recreational-property-for-sale/pid/426438067,,,1.0,0.621,0.083,0.5,0.5
2454,0.4783,True,landandfarm,41067948,AL,Lee,373.0,2051500.0,5500.0,"Yarbrough, AL, 36852",https://www.landandfarm.com/property/premier-property-on-halawakee-creek-41067948/,,,1.0,0.621,0.083,0.5,0.5
2455,0.4781,True,landwatch,426431193,VA,Highland,366.0,1990000.0,5437.16,"Williamsville, VA, 24487, Highland County",https://www.landwatch.com/highland-county-virginia-farms-and-ranches-for-sale/pid/426431193,,,1.0,0.606,0.094,0.5,0.5
2456,0.4781,True,landandfarm,41061074,VA,Highland,366.0,1990000.0,5437.16,"Williamsville, VA, 24487",https://www.landandfarm.com/property/residential-williamsville-va-41061074/,,,1.0,0.606,0.094,0.5,0.5
2457,0.4774,True,landwatch,425531663,GA,Twiggs,366.0,1995000.0,5450.82,"Cochran, GA, 31014, Twiggs County",https://www.landwatch.com/twiggs-county-georgia-recreational-property-for-sale/pid/425531663,,,1.0,0.606,0.092,0.5,0.5
2458,0.4774,True,landandfarm,40161544,GA,Twiggs,366.0,1995000.0,5450.82,"Cochran, GA, 31014",https://www.landandfarm.com/property/hogan-branch-sportsman-s-retreat-40161544/,,,1.0,0.606,0.092,0.5,0.5
2459,0.477,True,landwatch,423691060,KS,Pottawatomie,644.0,2897280.0,4498.88,"Manhattan, KS, 66502, Pottawatomie County",https://www.landwatch.com/pottawatomie-county-kansas-farms-and-ranches-for-sale/pid/423691060,,,1.0,0.392,0.25,0.5,0.5
2460,0.477,True,landandfarm,38320941,KS,Pottawatomie,644.0,2897280.0,4498.88,"Manhattan, KS, 66502",https://www.landandfarm.com/property/krouse-brothers-ranch-38320941/,,,1.0,0.392,0.25,0.5,0.5
2461,0.4761,True,landwatch,423556205,NE,Custer,389.0,2250000.0,5784.06,"Arnold, NE, 69120, Custer County",https://www.landwatch.com/custer-county-nebraska-farms-and-ranches-for-sale/pid/423556205,,,1.0,0.655,0.05,0.5,0.5
2462,0.4761,True,landandfarm,38186086,NE,Custer,389.0,2250000.0,5784.06,"Arnold, NE, 69120",https://www.landandfarm.com/property/county-line-loup-river-recreational-farm-38186086/,,,1.0,0.655,0.05,0.5,0.5
2463,0.476,True,landwatch,426467549,AR,White,368.0,2024000.0,5500.0,"Bradford, AR, 72020, White County",https://www.landwatch.com/white-county-arkansas-farms-and-ranches-for-sale/pid/426467549,,,1.0,0.61,0.083,0.5,0.5
2464,0.476,True,landandfarm,41097430,AR,White,368.0,2024000.0,5500.0,"Bradford, AR, 72020",https://www.landandfarm.com/property/368-acre-tillable-tract-in-white-county-41097430/,,,1.0,0.61,0.083,0.5,0.5
2465,0.4757,True,landwatch,426308170,IA,Ringgold,208.0,1203500.0,5786.06,"Kellerton, IA, 50133, Ringgold County",https://www.landwatch.com/ringgold-county-iowa-farms-and-ranches-for-sale/pid/426308170,,,1.0,0.653,0.05,0.5,0.5
2466,0.4757,True,landwatch,426315384,IA,Ringgold,208.0,1203500.0,5786.06,"Kellerton, IA, 50133, Ringgold County",https://www.landwatch.com/ringgold-county-iowa-undeveloped-land-for-sale/pid/426315384,,,1.0,0.653,0.05,0.5,0.5
2467,0.4757,True,landandfarm,40938051,IA,Ringgold,208.0,1203500.0,5786.06,"Kellerton, IA, 50133",https://www.landandfarm.com/property/207-5-acres-ringgold-county-ia-40938051/,,,1.0,0.653,0.05,0.5,0.5
2468,0.4757,True,landandfarm,40945265,IA,Ringgold,208.0,1203500.0,5786.06,"Kellerton, IA, 50133",https://www.landandfarm.com/property/vacant-land-kellerton-ia-40945265/,,,1.0,0.653,0.05,0.5,0.5
2469,0.4753,True,landwatch,426188185,OH,Scioto,320.0,1750000.0,5468.75,"Rarden, OH, 45671, Scioto County",https://www.landwatch.com/scioto-county-ohio-recreational-property-for-sale/pid/426188185,,,1.0,0.6,0.089,0.5,0.5
2470,0.4753,True,landandfarm,40818066,OH,Scioto,320.0,1750000.0,5468.75,"Rarden, OH, 45671",https://www.landandfarm.com/property/scioto-county-ohio-land-for-sale-40818066/,,,1.0,0.6,0.089,0.5,0.5
2471,0.475,True,landsearch,5197759,GA,Early,345.0,1828500.0,5300.0,"Blakely, GA 39813",https://www.landsearch.com/properties/rockmine-rd-blakely-ga-39813/5197759,,,1.0,0.561,0.117,0.5,0.5
2472,0.4744,True,landwatch,426430301,OH,Morgan,375.0,2100000.0,5600.0,"Beverly, OH, 45715, Morgan County",https://www.landwatch.com/morgan-county-ohio-recreational-property-for-sale/pid/426430301,,,1.0,0.625,0.067,0.5,0.5
2473,0.4744,True,landwatch,426433158,OH,Morgan,375.0,2100000.0,5600.0,"Beverly, OH, 45715, Morgan County",https://www.landwatch.com/morgan-county-ohio-homes-for-sale/pid/426433158,,,1.0,0.625,0.067,0.5,0.5
2474,0.4744,True,landandfarm,41060182,OH,Morgan,375.0,2100000.0,5600.0,"Beverly, OH, 45715",https://www.landandfarm.com/property/morgan-county-ohio-land-for-sale-41060182/,,,1.0,0.625,0.067,0.5,0.5
2475,0.4744,True,landwatch,426209203,NE,Thurston,378.0,2128000.0,5629.63,"Winnebago, NE, 68071, Thurston County",https://www.landwatch.com/thurston-county-nebraska-recreational-property-for-sale/pid/426209203,,,1.0,0.632,0.062,0.5,0.5
2476,0.4744,True,landandfarm,40839084,NE,Thurston,378.0,2128000.0,5629.63,"Winnebago, NE, 68071",https://www.landandfarm.com/property/378-acres-cabin-lodge-timbered-bluffs-thurston-county-ne-40839084/,,,1.0,0.632,0.062,0.5,0.5
2477,0.4743,True,landwatch,425872108,MO,Dallas,313.0,1850000.0,5910.54,"Long Lane, MO, 65590, Dallas County",https://www.landwatch.com/dallas-county-missouri-farms-and-ranches-for-sale/pid/425872108,,,1.0,0.647,0.05,0.5,0.5
2478,0.4743,True,landandfarm,40501989,MO,Dallas,313.0,1850000.0,5910.54,"Long Lane, MO, 65590",https://www.landandfarm.com/property/double-d-ranch-retreat-40501989/,,,1.0,0.647,0.05,0.5,0.5
2479,0.4742,True,landwatch,424666067,KY,Casey,341.0,1800000.0,5278.59,"Liberty, KY, 42539, Casey County",https://www.landwatch.com/casey-county-kentucky-farms-and-ranches-for-sale/pid/424666067,,,1.0,0.553,0.12,0.5,0.5
2480,0.4742,True,landandfarm,39295948,KY,Casey,341.0,1800000.0,5278.59,"Liberty, KY, 42539",https://www.landandfarm.com/property/340-acres-w-us-127-road-frontage-pasture-woodland-liberty-ky-39295948/,,,1.0,0.553,0.12,0.5,0.5
2481,0.4741,True,landwatch,424380776,GA,Lanier,323.0,1650000.0,5108.36,"Naylor, GA, 31641, Lanier County",https://www.landwatch.com/lanier-county-georgia-farms-and-ranches-for-sale/pid/424380776,,,1.0,0.514,0.149,0.5,0.5
2482,0.4741,True,landandfarm,39010657,GA,Lanier,323.0,1650000.0,5108.36,"Naylor, GA, 31641",https://www.landandfarm.com/property/323-acres-obrien-orchard-prime-location-with-future-growth-potential-39010657/,,,1.0,0.514,0.149,0.5,0.5
2483,0.4726,True,landwatch,426552297,PA,Bedford,203.0,1140000.0,5615.76,"Buffalo Mills, PA, 15534, Bedford County",https://www.landwatch.com/bedford-county-pennsylvania-farms-and-ranches-for-sale/pid/426552297,,,1.0,0.62,0.064,0.5,0.5
2484,0.4726,True,landwatch,426591686,PA,Bedford,203.0,1140000.0,5615.76,"Buffalo Mills, PA, 15534, Bedford County",https://www.landwatch.com/bedford-county-pennsylvania-lakefront-property-for-sale/pid/426591686,,,1.0,0.62,0.064,0.5,0.5
2485,0.4726,True,landandfarm,41182178,PA,Bedford,203.0,1140000.0,5615.76,"Buffalo Mills, PA, 15534",https://www.landandfarm.com/property/farms-colonial-buffalo-mills-pa-41182178/,,,1.0,0.62,0.064,0.5,0.5
2486,0.4726,True,landandfarm,41221567,PA,Bedford,203.0,1140000.0,5615.76,"Buffalo Mills, PA, 15534",https://www.landandfarm.com/property/single-family-colonial-buffalo-mills-pa-41221567/,,,1.0,0.62,0.064,0.5,0.5
2487,0.4717,True,landsearch,5184734,GA,Worth,333.0,1750000.0,5255.26,"Oakfield, GA 31772",https://www.landsearch.com/properties/oakfield-ga-31772/5184734,,,1.0,0.536,0.124,0.5,0.5
2488,0.4714,True,landandfarm,41218576,MO,Phelps,205.0,1225250.0,5976.83,"Edgar Springs, MO, 65462",https://www.landandfarm.com/property/hidden-ridge-retreat-41218576/,,,1.0,0.633,0.05,0.5,0.5
2489,0.4701,True,landwatch,423287816,MS,Humphreys,376.0,2180800.0,5800.0,"Isola, MS, 38754, Humphreys County",https://www.landwatch.com/humphreys-county-mississippi-farms-and-ranches-for-sale/pid/423287816,,,1.0,0.627,0.05,0.5,0.5
2490,0.4701,True,landandfarm,37917697,MS,Humphreys,376.0,2180800.0,5800.0,"Isola, MS, 38754",https://www.landandfarm.com/property/beasley-bayou-fish-farm-376-ac-humphreys-county-37917697/,,,1.0,0.627,0.05,0.5,0.5
2491,0.47,True,landwatch,425815529,MN,Saint Louis,204.0,1199900.0,5881.86,"Brookston, MN, 55736, Saint Louis County",https://www.landwatch.com/saint-louis-county-minnesota-undeveloped-land-for-sale/pid/425815529,,,1.0,0.627,0.05,0.5,0.5
2492,0.47,True,landandfarm,40445410,MN,Saint Louis,204.0,1199900.0,5881.86,"Brookston, MN, 55736",https://www.landandfarm.com/property/204-15-acres-in-saint-louis-county-40445410/,,,1.0,0.627,0.05,0.5,0.5
2493,0.4697,True,landwatch,425906239,AR,Woodruff,375.0,2250000.0,6000.0,"Augusta, AR, 72006, Woodruff County",https://www.landwatch.com/woodruff-county-arkansas-farms-and-ranches-for-sale/pid/425906239,,,1.0,0.625,0.05,0.5,0.5
2494,0.4697,True,landwatch,422366204,KY,Morgan,375.0,2250000.0,6000.0,"Wellington, KY, 40387, Morgan County",https://www.landwatch.com/morgan-county-kentucky-farms-and-ranches-for-sale/pid/422366204,,,1.0,0.625,0.05,0.5,0.5
2495,0.4697,True,landandfarm,40536120,AR,Woodruff,375.0,2250000.0,6000.0,"Augusta, AR, 72006",https://www.landandfarm.com/property/brookhill-farm-40536120/,,,1.0,0.625,0.05,0.5,0.5
2496,0.4671,True,landwatch,426212492,IA,Taylor,318.0,1899950.0,5974.69,"Athelstan, IA, 50836, Taylor County",https://www.landwatch.com/taylor-county-iowa-farms-and-ranches-for-sale/pid/426212492,,,1.0,0.613,0.05,0.5,0.5
2497,0.4671,True,landwatch,420088416,NY,Tioga,318.0,1900000.0,5974.84,"Candor, NY, 13743, Tioga County",https://www.landwatch.com/tioga-county-new-york-recreational-property-for-sale/pid/420088416,,,1.0,0.613,0.05,0.5,0.5
2498,0.4671,True,landandfarm,40842373,IA,Taylor,318.0,1899950.0,5974.69,"Athelstan, IA, 50836",https://www.landandfarm.com/property/318-acres-m-l-iowa-hunting-crp-income-farm-40842373/,,,1.0,0.613,0.05,0.5,0.5
2499,0.4671,True,landandfarm,34718296,NY,Tioga,318.0,1900000.0,5974.84,"Candor, NY, 13743",https://www.landandfarm.com/property/318-acres-18-hole-golf-course-and-event-center-in-candor-ny-34718296/,,,1.0,0.613,0.05,0.5,0.5
2500,0.467,True,landwatch,423288236,IL,Gallatin,335.0,1800000.0,5373.13,"Equality, IL, 62934, Gallatin County",https://www.landwatch.com/gallatin-county-illinois-recreational-property-for-sale/pid/423288236,,,1.0,0.54,0.104,0.5,0.5
2501,0.467,True,landandfarm,37918117,IL,Gallatin,335.0,1800000.0,5373.13,"Equality, IL, 62934",https://www.landandfarm.com/property/bucks-and-beards-335-37918117/,,,1.0,0.54,0.104,0.5,0.5
2502,0.4657,True,landsearch,5213447,MO,Barton,201.0,1203600.0,5988.06,"Sheldon, MO 64784",https://www.landsearch.com/properties/49-nw-100th-rd-sheldon-mo-64784/5213447,,,1.0,0.607,0.05,0.5,0.5
2503,0.4657,True,landwatch,424113181,AR,Madison,201.0,1159000.0,5766.17,"Saint Paul, AR, 72760, Madison County",https://www.landwatch.com/madison-county-arkansas-farms-and-ranches-for-sale/pid/424113181,,,1.0,0.607,0.05,0.5,0.5
2504,0.4657,True,landandfarm,38743062,AR,Madison,201.0,1159000.0,5766.17,"Saint Paul, AR, 72760",https://www.landandfarm.com/property/legacy-farm-with-white-river-frontage-in-madison-county-ar-38743062/,,,1.0,0.607,0.05,0.5,0.5
2505,0.4643,True,landwatch,426588759,GA,Mcintosh,320.0,1920000.0,6000.0,"Townsend, GA, 31331, McIntosh County",https://www.landwatch.com/mcintosh-county-georgia-farms-and-ranches-for-sale/pid/426588759,,,1.0,0.6,0.05,0.5,0.5
2506,0.4643,True,landwatch,426629026,SD,Jerauld,320.0,1850000.0,5781.25,"Wessington Springs, SD, 57382, Jerauld County",https://www.landwatch.com/jerauld-county-south-dakota-farms-and-ranches-for-sale/pid/426629026,,,1.0,0.6,0.05,0.5,0.5
2507,0.4643,True,landandfarm,41218640,GA,McIntosh,320.0,1920000.0,6000.0,"Townsend, GA, 31331",https://www.landandfarm.com/property/three-lakes-farm-41218640/,,,1.0,0.6,0.05,0.5,0.5
2508,0.4643,True,landandfarm,41258907,SD,Jerauld,320.0,1850000.0,5781.25,"Wessington Springs, SD, 57382",https://www.landandfarm.com/property/jerauld-county-sd-wessington-springs-320-41258907/,,,1.0,0.6,0.05,0.5,0.5
2509,0.4633,True,landwatch,425821882,KY,Calloway,332.0,1800000.0,5421.69,"New Concord, KY, 42076, Calloway County",https://www.landwatch.com/calloway-county-kentucky-farms-and-ranches-for-sale/pid/425821882,,,1.0,0.533,0.096,0.5,0.5
2510,0.4633,True,landandfarm,40451763,KY,Calloway,332.0,1800000.0,5421.69,"New Concord, KY, 42076",https://www.landandfarm.com/property/calloway-county-hunting-farm-with-cabin-40451763/,,,1.0,0.533,0.096,0.5,0.5
2511,0.4607,True,landwatch,424985823,PA,Jefferson,340.0,1888000.0,5552.94,"Summerville, PA, 15864, Jefferson County",https://www.landwatch.com/jefferson-county-pennsylvania-timberland-property-for-sale/pid/424985823,,,1.0,0.551,0.075,0.5,0.5
2512,0.4607,True,landwatch,425578646,PA,Jefferson,340.0,1888000.0,5552.94,"Summerville, PA, 15864, Jefferson County",https://www.landwatch.com/jefferson-county-pennsylvania-undeveloped-land-for-sale/pid/425578646,,,1.0,0.551,0.075,0.5,0.5
2513,0.4607,True,landandfarm,39615704,PA,Jefferson,340.0,1888000.0,5552.94,"Summerville, PA, 15864",https://www.landandfarm.com/property/340-secluded-acres-with-over-2-miles-of-red-bank-creek-frontage-39615704/,,,1.0,0.551,0.075,0.5,0.5
2514,0.4607,True,landandfarm,40208527,PA,Jefferson,340.0,1888000.0,5552.94,"Summerville, PA, 15864",https://www.landandfarm.com/property/340-acres-in-jefferson-county-pa-40208527/,,,1.0,0.551,0.075,0.5,0.5
2515,0.4586,True,landwatch,424167223,GA,Early,330.0,1815000.0,5500.0,"Damascus, GA, 39841, Early County",https://www.landwatch.com/early-county-georgia-farms-and-ranches-for-sale/pid/424167223,,,1.0,0.529,0.083,0.5,0.5
2516,0.4586,True,landandfarm,38797104,GA,Early,330.0,1815000.0,5500.0,"Damascus, GA, 39841",https://www.landandfarm.com/property/phillips-farm-330-38797104/,,,1.0,0.529,0.083,0.5,0.5
2517,0.4537,True,landwatch,419698322,AR,Madison,340.0,2040000.0,6000.0,"Huntsville, AR, 72740, Madison County",https://www.landwatch.com/madison-county-arkansas-undeveloped-land-for-sale/pid/419698322,,,1.0,0.551,0.05,0.5,0.5
2518,0.4537,True,landandfarm,34328202,AR,Madison,340.0,2040000.0,6000.0,"Huntsville, AR, 72740",https://www.landandfarm.com/property/land-huntsville-ar-34328202/,,,1.0,0.551,0.05,0.5,0.5
2519,0.4498,True,landwatch,425844132,MO,Gentry,327.0,1850000.0,5657.49,"Martinsville, MO, 64467, Gentry County",https://www.landwatch.com/gentry-county-missouri-recreational-property-for-sale/pid/425844132,,,1.0,0.523,0.057,0.5,0.5
2520,0.4498,True,landandfarm,40474013,MO,Gentry,327.0,1850000.0,5657.49,"Martinsville, MO, 64467",https://www.landandfarm.com/property/top-tier-hunting-with-lodge-in-northwest-missouri-40474013/,,,1.0,0.523,0.057,0.5,0.5
2521,0.4482,True,landwatch,424005501,IA,Taylor,328.0,1949500.0,5943.6,"Bedford, IA, 50833, Taylor County",https://www.landwatch.com/taylor-county-iowa-recreational-property-for-sale/pid/424005501,,,1.0,0.525,0.05,0.5,0.5
2522,0.4482,True,landandfarm,38635382,IA,Taylor,328.0,1949500.0,5943.6,"Bedford, IA, 50833",https://www.landandfarm.com/property/2398-280th-st-bedford-iowa-50833-38635382/,,,1.0,0.525,0.05,0.5,0.5
2523,0.4464,True,landwatch,426068503,IA,Marion,324.0,1875000.0,5787.04,"Knoxville, IA, 50138, Marion County",https://www.landwatch.com/marion-county-iowa-undeveloped-land-for-sale/pid/426068503,,,1.0,0.516,0.05,0.5,0.5
2524,0.4464,True,landandfarm,40698384,IA,Marion,324.0,1875000.0,5787.04,"Knoxville, IA, 50138",https://www.landandfarm.com/property/324-acres-in-marion-county-ia-40698384/,,,1.0,0.516,0.05,0.5,0.5
2525,0.4459,True,landwatch,423968595,MS,Jones,323.0,1900000.0,5882.35,"Ellisville, MS, 39437, Jones County",https://www.landwatch.com/jones-county-mississippi-recreational-property-for-sale/pid/423968595,,,1.0,0.514,0.05,0.5,0.5
2526,0.4459,True,landandfarm,38598476,MS,Jones,323.0,1900000.0,5882.35,"Ellisville, MS, 39437",https://www.landandfarm.com/property/jo323-38598476/,,,1.0,0.514,0.05,0.5,0.5
