rank,total_score,passes,source,listing_id,state,county,acres,price_usd,price_per_acre,title,url,lat,lon,score_state,score_acreage,score_price,score_water,score_access
1,0.7872,True,landwatch,425904284,MI,Berrien,245.0,66000.0,269.39,"Berrien Center, MI, 49102, Berrien County",https://www.landwatch.com/berrien-county-michigan-undeveloped-land-for-sale/pid/425904284,,,1.0,0.9,0.955,0.5,0.5
2,0.7847,True,landwatch,423216758,WI,Waushara,264.0,171800.0,650.76,"Auroraville, WI, 54923, Waushara County",https://www.landwatch.com/waushara-county-wisconsin-recreational-property-for-sale/pid/423216758,,,1.0,0.973,0.892,0.5,0.5
3,0.769,True,landwatch,422789478,MI,Chippewa,280.0,139999.0,500.0,"Trout Lake, MI, 49793, Chippewa County",https://www.landwatch.com/chippewa-county-michigan-recreational-property-for-sale/pid/422789478,,,1.0,0.867,0.917,0.5,0.5
4,0.765,True,landwatch,425527124,MN,Rock,283.0,139900.0,494.35,"Hills, MN, 56138, Rock County",https://www.landwatch.com/rock-county-minnesota-commercial-property-for-sale/pid/425527124,,,1.0,0.847,0.918,0.5,0.5
5,0.7643,True,landwatch,426474449,MI,Ontonagon,240.0,144000.0,600.0,"Ontonagon, MI, 49953, Ontonagon County",https://www.landwatch.com/ontonagon-county-michigan-undeveloped-land-for-sale/pid/426474449,,,1.0,0.867,0.9,0.5,0.5
6,0.7628,True,landwatch,423482951,MI,Marquette,252.0,249900.0,991.67,"Republic, MI, 49879, Marquette County",https://www.landwatch.com/marquette-county-michigan-recreational-property-for-sale/pid/423482951,,,1.0,0.947,0.835,0.5,0.5
7,0.7627,True,landwatch,425464461,IA,Clarke,233.0,98500.0,422.75,"Osceola, IA, 50213, Clarke County",https://www.landwatch.com/clarke-county-iowa-homes-for-sale/pid/425464461,,,1.0,0.82,0.93,0.5,0.5
8,0.7619,True,landandfarm,36749917,OK,Pushmataha,260.0,325000.0,1250.0,"Antlers, OK, 74523",https://www.landandfarm.com/property/260-acres-oklahoma-off-n4220-36749917/,,,1.0,1.0,0.792,0.5,0.5
9,0.7581,True,landwatch,424022360,MN,Saint Louis,249.0,249000.0,1000.0,"Duluth, MN, 55803, Saint Louis County",https://www.landwatch.com/saint-louis-county-minnesota-land-for-sale/pid/424022360,,,1.0,0.927,0.833,0.5,0.5
10,0.7569,True,landwatch,424131592,MI,Alger,240.0,181000.0,754.17,"Deerton, MI, 49822, Alger County",https://www.landwatch.com/alger-county-michigan-undeveloped-land-for-sale/pid/424131592,,,1.0,0.867,0.874,0.5,0.5
11,0.7548,True,landwatch,419870886,MI,Marquette,280.0,224000.0,800.0,"Ishpeming, MI, 49849, Marquette County",https://www.landwatch.com/marquette-county-michigan-undeveloped-land-for-sale/pid/419870886,,,1.0,0.867,0.867,0.5,0.5
12,0.7508,True,landsearch,5177977,NE,Kimball,241.0,220000.0,912.86,"Kimball, NE 69145",https://www.landsearch.com/properties/kimball-ne-69145/5177977,,,1.0,0.873,0.848,0.5,0.5
13,0.7494,True,landwatch,424263930,MI,Marquette,240.0,218900.0,912.08,"Big Bay, MI, 49808, Marquette County",https://www.landwatch.com/marquette-county-michigan-undeveloped-land-for-sale/pid/424263930,,,1.0,0.867,0.848,0.5,0.5
14,0.7478,True,landwatch,426565949,MI,Baraga,280.0,264900.0,946.07,"L'Anse, MI, 49946, Baraga County",https://www.landwatch.com/baraga-county-michigan-undeveloped-land-for-sale/pid/426565949,,,1.0,0.867,0.842,0.5,0.5
15,0.7457,True,landwatch,425765916,IN,Lake,5004.0,75000.0,14.99,"East Chicago, IN, 46312, Lake County",https://www.landwatch.com/lake-county-indiana-homes-for-sale/pid/425765916,,,1.0,0.65,0.998,0.5,0.5
16,0.7457,True,landwatch,426663518,ND,Ward,17010.0,262500.0,15.43,"Minot, ND, 58701, Ward County",https://www.landwatch.com/ward-county-north-dakota-homes-for-sale/pid/426663518,,,1.0,0.65,0.997,0.5,0.5
17,0.7451,True,landwatch,426545162,ND,Ward,6250.0,169900.0,27.18,"Minot, ND, 58701, Ward County",https://www.landwatch.com/ward-county-north-dakota-homes-for-sale/pid/426545162,,,1.0,0.65,0.995,0.5,0.5
18,0.7449,True,landwatch,426545313,MI,Allegan,15682.0,495000.0,31.56,"Saugatuck, MI, 49453, Allegan County",https://www.landwatch.com/allegan-county-michigan-lakefront-property-for-sale/pid/426545313,,,1.0,0.65,0.995,0.5,0.5
19,0.7446,True,landwatch,426645026,ND,Ward,14375.0,539000.0,37.5,"Surrey, ND, 58785, Ward County",https://www.landwatch.com/ward-county-north-dakota-homes-for-sale/pid/426645026,,,1.0,0.65,0.994,0.5,0.5
20,0.7444,True,landwatch,426508289,MS,Holmes,3936.0,167000.0,42.43,"West, MS, 39192, Holmes County",https://www.landwatch.com/holmes-county-mississippi-recreational-property-for-sale/pid/426508289,,,1.0,0.65,0.993,0.5,0.5
21,0.7438,True,landwatch,426628225,NE,Kimball,480.0,456000.0,950.0,"Bushnell, NE, 69128, Kimball County",https://www.landwatch.com/kimball-county-nebraska-farms-and-ranches-for-sale/pid/426628225,,,1.0,0.849,0.842,0.5,0.5
22,0.7436,True,landandfarm,38304539,MS,Bolivar,13000.0,775000.0,59.62,"Beulah, MS, 38726",https://www.landandfarm.com/property/merigold-hunting-club-equity-share-38304539/,,,1.0,0.65,0.99,0.5,0.5
23,0.7429,True,landwatch,426545824,NY,Suffolk,7405.0,549999.0,74.27,"Shirley, NY, 11967, Suffolk County",https://www.landwatch.com/suffolk-county-new-york-homes-for-sale/pid/426545824,,,1.0,0.65,0.988,0.5,0.5
24,0.7426,True,landwatch,426663519,ND,Ward,7692.0,625000.0,81.25,"Minot, ND, 58701, Ward County",https://www.landwatch.com/ward-county-north-dakota-homes-for-sale/pid/426663519,,,1.0,0.65,0.986,0.5,0.5
25,0.7422,True,landwatch,426174350,KS,Ellis,262.0,420000.0,1603.05,"Ellis, KS, 67637, Ellis County",https://www.landwatch.com/ellis-county-kansas-farms-and-ranches-for-sale/pid/426174350,,,1.0,0.987,0.733,0.5,0.5
26,0.7414,True,landwatch,420016677,MI,Marquette,480.0,480000.0,1000.0,"Michigamme, MI, 49861, Marquette County",https://www.landwatch.com/marquette-county-michigan-undeveloped-land-for-sale/pid/420016677,,,1.0,0.849,0.833,0.5,0.5
27,0.741,True,landwatch,424954214,MS,Coahoma,7000.0,795000.0,113.57,"Clarksdale, MS, 38614, Coahoma County",https://www.landwatch.com/coahoma-county-mississippi-recreational-property-for-sale/pid/424954214,,,1.0,0.65,0.981,0.5,0.5
28,0.7407,True,landwatch,426484409,IL,Cook,7500.0,900000.0,120.0,"Oak Park, IL, 60304, Cook County",https://www.landwatch.com/cook-county-illinois-homes-for-sale/pid/426484409,,,1.0,0.65,0.98,0.5,0.5
29,0.7404,True,landwatch,425453299,NC,Carteret,7472.0,950000.0,127.14,"Stacy, NC, 28581, Carteret County",https://www.landwatch.com/carteret-county-north-carolina-recreational-property-for-sale/pid/425453299,,,1.0,0.65,0.979,0.5,0.5
30,0.7401,True,landwatch,425266342,NY,Suffolk,6147.0,815000.0,132.59,"Lindenhurst, NY, 11757, Suffolk County",https://www.landwatch.com/suffolk-county-new-york-homes-for-sale/pid/425266342,,,1.0,0.65,0.978,0.5,0.5
31,0.7401,True,landwatch,426545853,NY,Nassau,11265.0,1499000.0,133.07,"Sea Cliff, NY, 11579, Nassau County",https://www.landwatch.com/nassau-county-new-york-homes-for-sale/pid/426545853,,,1.0,0.65,0.978,0.5,0.5
32,0.7392,True,landwatch,426106584,KY,Whitley,260.0,449000.0,1726.92,"Williamsburg, KY, 40769, Whitley County",https://www.landwatch.com/whitley-county-kentucky-recreational-property-for-sale/pid/426106584,,,1.0,1.0,0.712,0.5,0.5
33,0.7382,True,landwatch,426437302,KY,Greenup,3625.0,629000.0,173.52,"Ashland, KY, 41102, Greenup County",https://www.landwatch.com/greenup-county-kentucky-farms-and-ranches-for-sale/pid/426437302,,,1.0,0.65,0.971,0.5,0.5
34,0.7361,True,landwatch,425842846,KY,Wayne,278.0,348000.0,1251.8,"Monticello, KY, 42633, Wayne County",https://www.landwatch.com/wayne-county-kentucky-undeveloped-land-for-sale/pid/425842846,,,1.0,0.88,0.791,0.5,0.5
35,0.736,True,landwatch,426644029,NE,Cheyenne,483.0,529000.0,1095.24,"Sidney, NE, 69162, Cheyenne County",https://www.landwatch.com/cheyenne-county-nebraska-farms-and-ranches-for-sale/pid/426644029,,,1.0,0.845,0.817,0.5,0.5
36,0.7357,True,landandfarm,38314188,MS,Issaquena,5560.0,1250000.0,224.82,"Fitler, MS, 39159",https://www.landandfarm.com/property/magna-vista-3-38314188/,,,1.0,0.65,0.963,0.5,0.5
37,0.7357,True,landwatch,425588963,NY,Nassau,6000.0,1349000.0,224.83,"Elmont, NY, 11003, Nassau County",https://www.landwatch.com/nassau-county-new-york-homes-for-sale/pid/425588963,,,1.0,0.65,0.963,0.5,0.5
38,0.7357,True,landwatch,424335057,MS,Washington,1550.0,350000.0,225.81,"Winn Road Greenville, MS 38703",https://www.landwatch.com/washington-county-mississippi-hunting-property-for-sale/pid/424335057,,,1.0,0.65,0.962,0.5,0.5
39,0.7351,True,landwatch,423070928,MI,Ontonagon,463.0,449000.0,969.76,"Bruce Crossing, MI, 49912, Ontonagon County",https://www.landwatch.com/ontonagon-county-michigan-recreational-property-for-sale/pid/423070928,,,1.0,0.813,0.838,0.5,0.5
40,0.7342,True,landwatch,426508938,NY,Nassau,10000.0,2575000.0,257.5,"East Williston, NY, 11596, Nassau County",https://www.landwatch.com/nassau-county-new-york-homes-for-sale/pid/426508938,,,1.0,0.65,0.957,0.5,0.5
41,0.734,True,landwatch,425972810,NY,Queens,2500.0,650000.0,260.0,"Jamaica, NY, 11412, Queens County",https://www.landwatch.com/queens-county-new-york-homes-for-sale/pid/425972810,,,1.0,0.65,0.957,0.5,0.5
42,0.7339,True,landwatch,426287542,TN,Hardeman,1840.0,485000.0,263.59,"Grand Junction, TN, 38039, Hardeman County",https://www.landwatch.com/hardeman-county-tennessee-recreational-property-for-sale/pid/426287542,,,1.0,0.65,0.956,0.5,0.5
43,0.7338,True,landwatch,426534096,NY,Queens,5000.0,1328000.0,265.6,"Bayside, NY, 11364, Queens County",https://www.landwatch.com/queens-county-new-york-homes-for-sale/pid/426534096,,,1.0,0.65,0.956,0.5,0.5
44,0.7335,True,landwatch,426177434,TN,Hardeman,1842.0,500000.0,271.44,"Grand Junction, TN, 38039, Hardeman County",https://www.landwatch.com/hardeman-county-tennessee-farms-and-ranches-for-sale/pid/426177434,,,1.0,0.65,0.955,0.5,0.5
45,0.7333,True,landwatch,426539596,IA,Clinton,360.0,7000.0,19.44,"DeWitt, IA, 52742, Clinton County",https://www.landwatch.com/clinton-county-iowa-undeveloped-land-for-sale/pid/426539596,,,1.0,0.593,0.997,0.5,0.5
46,0.733,True,landwatch,426426374,NY,Nassau,5500.0,1553000.0,282.36,"New Hyde Park, NY, 11040, Nassau County",https://www.landwatch.com/nassau-county-new-york-homes-for-sale/pid/426426374,,,1.0,0.65,0.953,0.5,0.5
47,0.7325,True,landwatch,426013325,NY,Nassau,6000.0,1758000.0,293.0,"Great Neck, NY, 11021, Nassau County",https://www.landwatch.com/nassau-county-new-york-homes-for-sale/pid/426013325,,,1.0,0.65,0.951,0.5,0.5
48,0.7322,True,landwatch,426171832,NY,Nassau,5500.0,1649000.0,299.82,"Valley Stream, NY, 11581, Nassau County",https://www.landwatch.com/nassau-county-new-york-homes-for-sale/pid/426171832,,,1.0,0.65,0.95,0.5,0.5
49,0.7318,True,landwatch,424966038,MS,Warren,6500.0,2000000.0,307.69,"Vicksburg, MS, 39183, Warren County",https://www.landwatch.com/warren-county-mississippi-recreational-property-for-sale/pid/424966038,,,1.0,0.65,0.949,0.5,0.5
50,0.7313,True,landandfarm,39872858,KY,Breathitt,237.0,285000.0,1202.53,"Jackson, KY, 41339",https://www.landandfarm.com/property/land-jackson-ky-39872858/,,,1.0,0.847,0.8,0.5,0.5
51,0.731,True,landwatch,426416706,NJ,Middlesex,1851.0,599000.0,323.61,"South Plainfield, NJ, 07080, Middlesex County",https://www.landwatch.com/middlesex-county-new-jersey-homes-for-sale/pid/426416706,,,1.0,0.65,0.946,0.5,0.5
52,0.731,True,landwatch,425116119,MN,Becker,290.0,290000.0,1000.0,"Ogema, MN, 56569, Becker County",https://www.landwatch.com/becker-county-minnesota-recreational-property-for-sale/pid/425116119,,,1.0,0.8,0.833,0.5,0.5
53,0.7302,True,landwatch,426397057,NE,Cheyenne,440.0,375000.0,852.27,"Sidney, NE, 69162, Cheyenne County",https://www.landwatch.com/cheyenne-county-nebraska-farms-and-ranches-for-sale/pid/426397057,,,1.0,0.764,0.858,0.5,0.5
54,0.7295,True,landwatch,420841462,MI,Marquette,497.0,544900.0,1096.38,"Ishpeming, MI, 49849, Marquette County",https://www.landwatch.com/marquette-county-michigan-undeveloped-land-for-sale/pid/420841462,,,1.0,0.815,0.817,0.5,0.5
55,0.7295,True,landwatch,423281374,MI,Schoolcraft,480.0,600000.0,1250.0,"Gulliver, MI, 49840, Schoolcraft County",https://www.landwatch.com/schoolcraft-county-michigan-undeveloped-land-for-sale/pid/423281374,,,1.0,0.849,0.792,0.5,0.5
56,0.7295,True,landwatch,425855961,NY,Queens,2640.0,938000.0,355.3,"Jamaica, NY, 11435, Queens County",https://www.landwatch.com/queens-county-new-york-homes-for-sale/pid/425855961,,,1.0,0.65,0.941,0.5,0.5
57,0.7293,True,landwatch,426668203,NY,Queens,2500.0,899000.0,359.6,"Richmond Hill, NY, 11419, Queens County",https://www.landwatch.com/queens-county-new-york-homes-for-sale/pid/426668203,,,1.0,0.65,0.94,0.5,0.5
58,0.7288,True,landwatch,425375939,NY,Saint Lawrence,261.0,499900.0,1915.33,"Oswegatchie, NY, 13670, Saint Lawrence County",https://www.landwatch.com/saint-lawrence-county-new-york-recreational-property-for-sale/pid/425375939,,,1.0,0.993,0.681,0.5,0.5
59,0.7287,True,landwatch,425618106,KY,Clay,461.0,500000.0,1084.6,"Manchester, KY, 40962, Clay County",https://www.landwatch.com/clay-county-kentucky-farms-and-ranches-for-sale/pid/425618106,,,1.0,0.808,0.819,0.5,0.5
60,0.7281,True,landandfarm,39860278,GA,Wilkinson,267.0,467250.0,1750.0,"McIntyre, GA, 31054",https://www.landandfarm.com/property/wilkinson-hills-39860278/,,,1.0,0.953,0.708,0.5,0.5
61,0.7279,True,landwatch,426588492,NY,Nassau,1800.0,699000.0,388.33,"Long Beach, NY, 11561, Nassau County",https://www.landwatch.com/nassau-county-new-york-homes-for-sale/pid/426588492,,,1.0,0.65,0.935,0.5,0.5
62,0.7278,True,landwatch,424131523,MI,Iron,240.0,328000.0,1366.67,"Iron River, MI, 49935, Iron County",https://www.landwatch.com/iron-county-michigan-undeveloped-land-for-sale/pid/424131523,,,1.0,0.867,0.772,0.5,0.5
63,0.727,True,landwatch,426343451,KY,Estill,486.0,610000.0,1255.14,"Irvine, KY, 40336, Estill County",https://www.landwatch.com/estill-county-kentucky-recreational-property-for-sale/pid/426343451,,,1.0,0.838,0.791,0.5,0.5
64,0.7267,True,landandfarm,39770061,NY,Queens,1920.0,795000.0,414.06,"Richmond Hill, NY, 11418",https://www.landandfarm.com/property/1-920-acres-in-queens-county-39770061/,,,1.0,0.65,0.931,0.5,0.5
65,0.7266,True,landwatch,425553461,NJ,Morris,999.0,275000.0,275.28,"Morris Plains, NJ, 07950, Morris County",https://www.landwatch.com/morris-county-new-jersey-homes-for-sale/pid/425553461,,,1.0,0.619,0.954,0.5,0.5
66,0.7266,True,landwatch,426600917,IL,Cook,1440.0,599900.0,416.6,"Mount Prospect, IL, 60056, Cook County",https://www.landwatch.com/cook-county-illinois-homes-for-sale/pid/426600917,,,1.0,0.65,0.931,0.5,0.5
67,0.7261,True,landwatch,426260646,IL,Cook,1440.0,615999.0,427.78,"Mount Prospect, IL, 60056, Cook County",https://www.landwatch.com/cook-county-illinois-homes-for-sale/pid/426260646,,,1.0,0.65,0.929,0.5,0.5
68,0.7252,True,landwatch,426055439,KS,Trego,236.0,306800.0,1300.0,"Ogallah, KS, 67656, Trego County",https://www.landwatch.com/trego-county-kansas-farms-and-ranches-for-sale/pid/426055439,,,1.0,0.84,0.783,0.5,0.5
69,0.7252,True,landwatch,424048390,MI,Marquette,280.0,398000.0,1421.43,"Republic, MI, 49879, Marquette County",https://www.landwatch.com/marquette-county-michigan-undeveloped-land-for-sale/pid/424048390,,,1.0,0.867,0.763,0.5,0.5
70,0.7247,True,landwatch,426651248,NY,Queens,1967.0,899000.0,457.04,"Flushing, NY, 11355, Queens County",https://www.landwatch.com/queens-county-new-york-homes-for-sale/pid/426651248,,,1.0,0.65,0.924,0.5,0.5
71,0.7246,True,landandfarm,15568097,NY,Washington,265.0,499000.0,1883.02,"Fort Ann, NY, 12827",https://www.landandfarm.com/property/private-property-with-acreage-15568097/,,,1.0,0.967,0.686,0.5,0.5
72,0.7243,True,landwatch,426059489,NY,Kings,1800.0,838000.0,465.56,"Brooklyn, NY, 11234, Kings County",https://www.landwatch.com/kings-county-new-york-homes-for-sale/pid/426059489,,,1.0,0.65,0.922,0.5,0.5
73,0.724,True,landwatch,423417803,MN,Ramsey,6060.0,2850000.0,470.3,"Saint Paul, MN, 55116, Ramsey County",https://www.landwatch.com/ramsey-county-minnesota-homes-for-sale/pid/423417803,,,1.0,0.65,0.922,0.5,0.5
74,0.7229,True,landwatch,426108912,NY,Nassau,4000.0,1975000.0,493.75,"Long Beach, NY, 11561, Nassau County",https://www.landwatch.com/nassau-county-new-york-homes-for-sale/pid/426108912,,,1.0,0.65,0.918,0.5,0.5
75,0.7222,True,landandfarm,39167237,NY,Kings,4520.0,2300000.0,508.85,"Brooklyn, NY, 11230",https://www.landandfarm.com/property/1329-e-2nd-st-39167237/,,,1.0,0.65,0.915,0.5,0.5
76,0.7214,True,landwatch,426589523,OK,Beaver,240.0,360000.0,1500.0,"Balko, OK, 73932, Beaver County",https://www.landwatch.com/beaver-county-oklahoma-farms-and-ranches-for-sale/pid/426589523,,,1.0,0.867,0.75,0.5,0.5
77,0.7214,True,landwatch,425614390,NY,Otsego,240.0,360000.0,1500.0,"Mount Vision, NY, 13810, Otsego County",https://www.landwatch.com/otsego-county-new-york-farms-and-ranches-for-sale/pid/425614390,,,1.0,0.867,0.75,0.5,0.5
78,0.7207,True,landwatch,426512348,VA,Tazewell,260.0,549900.0,2115.0,"Bluefield, VA, 24605, Tazewell County",https://www.landwatch.com/tazewell-county-virginia-recreational-property-for-sale/pid/426512348,,,1.0,1.0,0.647,0.5,0.5
79,0.7207,True,landwatch,426289687,NJ,Atlantic,929.0,395000.0,425.19,"Atlantic City, NJ, 08401, Atlantic County",https://www.landwatch.com/atlantic-county-new-jersey-undeveloped-land-for-sale/pid/426289687,,,1.0,0.624,0.929,0.5,0.5
80,0.7205,True,landwatch,426538142,IL,Lee,317.0,129900.0,409.78,"Dixon, IL, 61021, Lee County",https://www.landwatch.com/lee-county-illinois-homes-for-sale/pid/426538142,,,1.0,0.62,0.932,0.5,0.5
81,0.7199,True,landwatch,424104833,KY,Clinton,487.0,679000.0,1394.25,"Albany, KY, 42602, Clinton County",https://www.landwatch.com/clinton-county-kentucky-undeveloped-land-for-sale/pid/424104833,,,1.0,0.836,0.768,0.5,0.5
82,0.7197,True,landwatch,424409284,WI,Langlade,280.0,429900.0,1535.36,"Gleason, WI, 54435, Langlade County",https://www.landwatch.com/langlade-county-wisconsin-recreational-property-for-sale/pid/424409284,,,1.0,0.867,0.744,0.5,0.5
83,0.719,True,landwatch,423143058,MS,Chickasaw,240.0,372000.0,1550.0,"Houston, MS, 38841, Chickasaw County",https://www.landwatch.com/chickasaw-county-mississippi-timberland-property-for-sale/pid/423143058,,,1.0,0.867,0.742,0.5,0.5
84,0.719,True,landwatch,425668066,MI,Alcona,255.0,510000.0,2000.0,"Hubbard Lake, MI, 48762, Alcona County",https://www.landwatch.com/alcona-county-michigan-hunting-property-for-sale/pid/425668066,,,1.0,0.967,0.667,0.5,0.5
85,0.7189,True,landwatch,424131578,MI,Iron,288.0,378000.0,1312.5,"Amasa, MI, 49903, Iron County",https://www.landwatch.com/iron-county-michigan-land-for-sale/pid/424131578,,,1.0,0.813,0.781,0.5,0.5
86,0.7188,True,landwatch,425982338,AL,Tuscaloosa,223.0,233000.0,1044.84,"Northport, AL, 35475, Tuscaloosa County",https://www.landwatch.com/tuscaloosa-county-alabama-recreational-property-for-sale/pid/425982338,,,1.0,0.753,0.826,0.5,0.5
87,0.7187,True,landwatch,426151692,AR,Saint Francis,434.0,450000.0,1036.87,"Forrest City, AR, 72336, Saint Francis County",https://www.landwatch.com/saint-francis-county-arkansas-recreational-property-for-sale/pid/426151692,,,1.0,0.751,0.827,0.5,0.5
88,0.7186,True,landwatch,422463116,IL,Henderson,485.0,699000.0,1441.24,"Lomax, IL, 61454, Henderson County",https://www.landwatch.com/henderson-county-illinois-recreational-property-for-sale/pid/422463116,,,1.0,0.84,0.76,0.5,0.5
89,0.7183,True,landwatch,422540573,TX,Crockett,4652.0,2750000.0,591.14,"Ozona, TX, 76943, Crockett County",https://www.landwatch.com/crockett-county-texas-farms-and-ranches-for-sale/pid/422540573,,,1.0,0.65,0.901,0.5,0.5
90,0.7175,True,landwatch,424409233,MI,Schoolcraft,412.0,350000.0,849.51,"Gulliver, MI, 49840, Schoolcraft County",https://www.landwatch.com/schoolcraft-county-michigan-recreational-property-for-sale/pid/424409233,,,1.0,0.704,0.858,0.5,0.5
91,0.7171,True,landwatch,423674404,AL,Lamar,252.0,491500.0,1950.4,"Millport, AL, 35576, Lamar County",https://www.landwatch.com/lamar-county-alabama-recreational-property-for-sale/pid/423674404,,,1.0,0.947,0.675,0.5,0.5
92,0.7171,True,landwatch,425593813,KS,Osborne,247.0,445000.0,1801.62,"Osborne, KS, 67472, Osborne County",https://www.landwatch.com/osborne-county-kansas-farms-and-ranches-for-sale/pid/425593813,,,1.0,0.913,0.7,0.5,0.5
93,0.7169,True,landwatch,421213721,IL,Alexander,278.0,459910.0,1654.35,"Miller City, IL, 62962, Alexander County",https://www.landwatch.com/alexander-county-illinois-recreational-property-for-sale/pid/421213721,,,1.0,0.88,0.724,0.5,0.5
94,0.7167,True,landandfarm,38606732,OK,Ellis,478.0,717000.0,1500.0,"Gage, OK, 73843",https://www.landandfarm.com/property/478-acres-in-ellis-county-38606732/,,,1.0,0.845,0.75,0.5,0.5
95,0.7167,True,landwatch,423661813,SD,Bennett,478.0,717150.0,1500.31,"Batesland, SD, 57751, Bennett County",https://www.landwatch.com/bennett-county-south-dakota-farms-and-ranches-for-sale/pid/423661813,,,1.0,0.845,0.75,0.5,0.5
96,0.7167,True,landwatch,426665774,NY,Nassau,1597.0,998000.0,624.92,"Glen Cove, NY, 11542, Nassau County",https://www.landwatch.com/nassau-county-new-york-homes-for-sale/pid/426665774,,,1.0,0.65,0.896,0.5,0.5
97,0.7164,True,landwatch,421529122,NE,Banner,410.0,350000.0,853.66,"Harrisburg, NE, 69345, Banner County",https://www.landwatch.com/banner-county-nebraska-farms-and-ranches-for-sale/pid/421529122,,,1.0,0.7,0.858,0.5,0.5
98,0.7156,True,landwatch,421037132,SD,Perkins,480.0,740000.0,1541.67,"Bison, SD, 57620, Perkins County",https://www.landwatch.com/perkins-county-south-dakota-farms-and-ranches-for-sale/pid/421037132,,,1.0,0.849,0.743,0.5,0.5
99,0.7147,True,landwatch,426565099,AL,Jackson,265.0,554000.0,2090.57,"Paint Rock, AL, 35764, Jackson County",https://www.landwatch.com/jackson-county-alabama-recreational-property-for-sale/pid/426565099,,,1.0,0.967,0.652,0.5,0.5
100,0.7137,True,landwatch,425771094,NC,Pender,239.0,390000.0,1631.8,"Burgaw, NC, 28425, Pender County",https://www.landwatch.com/pender-county-north-carolina-recreational-property-for-sale/pid/425771094,,,1.0,0.86,0.728,0.5,0.5
101,0.7136,True,landwatch,425256922,NY,Saint Lawrence,485.0,750000.0,1546.39,"Richville, NY, 13681, Saint Lawrence County",https://www.landwatch.com/saint-lawrence-county-new-york-farms-and-ranches-for-sale/pid/425256922,,,1.0,0.84,0.742,0.5,0.5
102,0.7131,True,landwatch,423934241,AR,Clark,240.0,402000.0,1675.0,"Arkadelphia, AR, 71923, Clark County",https://www.landwatch.com/clark-county-arkansas-recreational-property-for-sale/pid/423934241,,,1.0,0.867,0.721,0.5,0.5
103,0.7128,True,landwatch,419838325,NY,Saint Lawrence,300.0,324500.0,1081.67,"De Kalb Junction, NY, 13630, Saint Lawrence County",https://www.landwatch.com/saint-lawrence-county-new-york-farms-and-ranches-for-sale/pid/419838325,,,1.0,0.733,0.82,0.5,0.5
104,0.7124,True,landwatch,426644028,NY,Broome,258.0,575000.0,2228.68,"Windsor, NY, 13865, Broome County",https://www.landwatch.com/broome-county-new-york-recreational-property-for-sale/pid/426644028,,,1.0,0.987,0.629,0.5,0.5
105,0.7124,True,landwatch,426599980,IA,Clarke,207.0,145000.0,700.48,"Murray, IA, 50174, Clarke County",https://www.landwatch.com/clarke-county-iowa-homes-for-sale/pid/426599980,,,1.0,0.647,0.883,0.5,0.5
106,0.7121,True,landwatch,425294696,MN,Beltrami,280.0,474900.0,1696.07,"Grygla, MN, 56727, Beltrami County",https://www.landwatch.com/beltrami-county-minnesota-undeveloped-land-for-sale/pid/425294696,,,1.0,0.867,0.717,0.5,0.5
107,0.7121,True,landwatch,424487166,NY,Saint Lawrence,280.0,475000.0,1696.43,"Piercefield, NY, 12973, Saint Lawrence County",https://www.landwatch.com/saint-lawrence-county-new-york-homes-for-sale/pid/424487166,,,1.0,0.867,0.717,0.5,0.5
108,0.7121,True,landandfarm,33961796,AL,Washington,490.0,749995.0,1530.6,"Deer Park, AL, 36539",https://www.landandfarm.com/property/tibbie-490-acres-33961796/,,,1.0,0.83,0.745,0.5,0.5
109,0.7112,True,landwatch,425766105,KS,Rush,283.0,460000.0,1625.44,"Timken, KS, 67575, Rush County",https://www.landwatch.com/rush-county-kansas-farms-and-ranches-for-sale/pid/425766105,,,1.0,0.847,0.729,0.5,0.5
110,0.7105,True,landwatch,426106591,KS,Phillips,480.0,792000.0,1650.0,"Logan, KS, 67646, Phillips County",https://www.landwatch.com/phillips-county-kansas-farms-and-ranches-for-sale/pid/426106591,,,1.0,0.849,0.725,0.5,0.5
111,0.7102,True,landwatch,425673354,NC,Bertie,238.0,399000.0,1676.47,"Windsor, NC, 27983, Bertie County",https://www.landwatch.com/bertie-county-north-carolina-farms-and-ranches-for-sale/pid/425673354,,,1.0,0.853,0.721,0.5,0.5
112,0.71,True,landwatch,423218028,NE,Kimball,309.0,269000.0,870.55,"Bushnell, NE, 69128, Kimball County",https://www.landwatch.com/kimball-county-nebraska-farms-and-ranches-for-sale/pid/423218028,,,1.0,0.673,0.855,0.5,0.5
113,0.7099,True,landsearch,4492537,MI,Chippewa,364.0,199999.0,549.45,"Hulbert, MI 49748",https://www.landsearch.com/properties/s-hendrie-river-rd-hulbert-mi-49748/4492537,,,1.0,0.602,0.908,0.5,0.5
114,0.7095,True,landwatch,425080423,MI,Gogebic,431.0,517200.0,1200.0,"Watersmeet, MI, 49969, Gogebic County",https://www.landwatch.com/gogebic-county-michigan-undeveloped-land-for-sale/pid/425080423,,,1.0,0.744,0.8,0.5,0.5
115,0.7095,True,landwatch,423772120,NY,Saint Lawrence,432.0,523000.0,1210.65,"Colton, NY, 13625, Saint Lawrence County",https://www.landwatch.com/saint-lawrence-county-new-york-timberland-property-for-sale/pid/423772120,,,1.0,0.747,0.798,0.5,0.5
116,0.7079,True,landwatch,425447169,NY,Cattaraugus,268.0,574900.0,2145.15,"West Valley, NY, 14171, Cattaraugus County",https://www.landwatch.com/cattaraugus-county-new-york-recreational-property-for-sale/pid/425447169,,,1.0,0.947,0.642,0.5,0.5
117,0.7075,True,landwatch,421757351,NE,Kimball,312.0,260000.0,833.33,"Kimball, NE, 69128, Kimball County",https://www.landwatch.com/kimball-county-nebraska-farms-and-ranches-for-sale/pid/421757351,,,1.0,0.653,0.861,0.5,0.5
118,0.7074,True,landsearch,5083755,KS,Sheridan,468.0,748800.0,1600.0,"Quinter, KS 67740",https://www.landsearch.com/properties/e-rd-100-s-quinter-ks-67740/5083755,,,1.0,0.823,0.733,0.5,0.5
119,0.7069,True,landwatch,426462168,VA,Lee,277.0,525000.0,1895.31,"Jonesville, VA, 24263, Lee County",https://www.landwatch.com/lee-county-virginia-recreational-property-for-sale/pid/426462168,,,1.0,0.887,0.684,0.5,0.5
120,0.7058,True,landwatch,418746875,WI,Price,510.0,749900.0,1470.39,"Park Falls, WI, 54552, Price County",https://www.landwatch.com/price-county-wisconsin-recreational-property-for-sale/pid/418746875,,,1.0,0.787,0.755,0.5,0.5
121,0.7057,True,landandfarm,40631414,KY,Clay,311.0,279900.0,900.0,"Manchester, KY, 40962",https://www.landandfarm.com/property/farms-manchester-ky-40631414/,,,1.0,0.66,0.85,0.5,0.5
122,0.7056,True,landwatch,426588127,NE,Holt,479.0,835200.0,1743.63,"Ave. East of Inman, NE",https://www.landwatch.com/holt-county-nebraska-farms-and-ranches-for-sale/pid/426588127,,,1.0,0.847,0.709,0.5,0.5
123,0.7052,True,landwatch,425365406,NY,Herkimer,217.0,249900.0,1151.61,"Salisbury Center, NY, 13454, Herkimer County",https://www.landwatch.com/herkimer-county-new-york-undeveloped-land-for-sale/pid/425365406,,,1.0,0.713,0.808,0.5,0.5
124,0.705,True,landsearch,5058631,MS,Simpson,255.0,585000.0,2294.12,"Braxton, MS 39044",https://www.landsearch.com/properties/christian-heights-rd-braxton-ms-39044/5058631,,,1.0,0.967,0.618,0.5,0.5
125,0.7049,True,landwatch,419816910,MI,Houghton,400.0,399900.0,999.75,"Lake Linden, MI, 49945, Houghton County",https://www.landwatch.com/houghton-county-michigan-undeveloped-land-for-sale/pid/419816910,,,1.0,0.678,0.833,0.5,0.5
126,0.7048,True,landwatch,426525029,MI,Houghton,200.0,129900.0,649.5,"Houghton, MI, 49931, Houghton County",https://www.landwatch.com/houghton-county-michigan-homes-for-sale/pid/426525029,,,1.0,0.6,0.892,0.5,0.5
127,0.7039,True,landwatch,426214621,KY,Lewis,222.0,295000.0,1328.83,"Vanceburg, KY, 41179, Lewis County",https://www.landwatch.com/lewis-county-kentucky-recreational-property-for-sale/pid/426214621,,,1.0,0.747,0.779,0.5,0.5
128,0.7037,True,landwatch,424984020,NY,Oneida,276.0,549900.0,1992.39,"Camden, NY, 13316, Oneida County",https://www.landwatch.com/oneida-county-new-york-recreational-property-for-sale/pid/424984020,,,1.0,0.893,0.668,0.5,0.5
129,0.7036,True,landandfarm,34978517,KS,Rawlins,418.0,501600.0,1200.0,"Ludell, KS, 67730",https://www.landandfarm.com/property/rawlins-county-grassland-34978517/,,,1.0,0.717,0.8,0.5,0.5
130,0.7031,True,landandfarm,38314184,MS,Tallahatchie,1484.0,1350000.0,909.7,"Oxberry, MS, 38940",https://www.landandfarm.com/property/lone-cypress-38314184/,,,1.0,0.65,0.848,0.5,0.5
131,0.7028,True,landwatch,424131494,MI,Houghton,400.0,418000.0,1045.0,"Lake Linden, MI, 49945, Houghton County",https://www.landwatch.com/houghton-county-michigan-undeveloped-land-for-sale/pid/424131494,,,1.0,0.678,0.826,0.5,0.5
132,0.7019,True,landwatch,422465587,PA,Greene,492.0,849000.0,1725.61,"West Finley, PA, 15377, Greene County",https://www.landwatch.com/greene-county-pennsylvania-recreational-property-for-sale/pid/422465587,,,1.0,0.825,0.712,0.5,0.5
133,0.7017,True,landwatch,422534036,IA,Iowa,2023.0,1900000.0,939.2,"Sioux City, IA, 51106, Iowa County",https://www.landwatch.com/iowa-county-iowa-commercial-property-for-sale/pid/422534036,,,1.0,0.65,0.843,0.5,0.5
134,0.7015,True,landandfarm,39544775,TN,Chester,241.0,469385.0,1947.66,"Henderson, TN, 38340",https://www.landandfarm.com/property/deberry-tract-39544775/,,,1.0,0.873,0.675,0.5,0.5
135,0.701,True,landsearch,5203891,MS,Union,239.0,454100.0,1900.0,"New Albany, MS 38652",https://www.landsearch.com/properties/county-road-87-new-albany-ms-38652/5203891,,,1.0,0.86,0.683,0.5,0.5
136,0.7005,True,landwatch,426565098,AL,Jackson,245.0,512000.0,2089.8,"Trenton, AL, 35774, Jackson County",https://www.landwatch.com/jackson-county-alabama-recreational-property-for-sale/pid/426565098,,,1.0,0.9,0.652,0.5,0.5
137,0.6995,True,landwatch,426379865,KS,Kearny,546.0,686000.0,1256.41,"Lakin, KS, 67860, Kearny County",https://www.landwatch.com/kearny-county-kansas-farms-and-ranches-for-sale/pid/426379865,,,1.0,0.71,0.791,0.5,0.5
138,0.699,True,landsearch,5108676,KY,Lawrence,2214.0,2204000.0,995.48,"Louisa, KY 41230",https://www.landsearch.com/properties/2214a-state-highway-2033-louisa-ky-41230/5108676,,,1.0,0.65,0.834,0.5,0.5
139,0.6988,True,landwatch,426449587,NY,Kings,2000.0,1999999.0,1000.0,"Brooklyn, NY, 11225, Kings County",https://www.landwatch.com/kings-county-new-york-homes-for-sale/pid/426449587,,,1.0,0.65,0.833,0.5,0.5
140,0.6984,True,landwatch,420613540,MI,Marquette,232.0,404500.0,1743.53,"Marquette, MI, 49855, Marquette County",https://www.landwatch.com/marquette-county-michigan-undeveloped-land-for-sale/pid/420613540,,,1.0,0.813,0.709,0.5,0.5
141,0.6976,True,landwatch,420919722,MI,Marquette,200.0,160000.0,800.0,"Ishpeming, MI, 49849, Marquette County",https://www.landwatch.com/marquette-county-michigan-undeveloped-land-for-sale/pid/420919722,,,1.0,0.6,0.867,0.5,0.5
142,0.6972,True,landwatch,425985207,NE,Lincoln,255.0,627075.0,2459.12,"Wellfleet, NE 69170",https://www.landwatch.com/lincoln-county-nebraska-farms-and-ranches-for-sale/pid/425985207,,,1.0,0.967,0.59,0.5,0.5
143,0.6971,True,landwatch,419895883,NC,Robeson,297.0,445499.0,1500.0,"Lumberton, NC, 28358, Robeson County",https://www.landwatch.com/robeson-county-north-carolina-recreational-property-for-sale/pid/419895883,,,1.0,0.753,0.75,0.5,0.5
144,0.6955,True,landwatch,426613818,MI,Ontonagon,305.0,395000.0,1295.08,"Mass City, MI, 49948, Ontonagon County",https://www.landwatch.com/ontonagon-county-michigan-undeveloped-land-for-sale/pid/426613818,,,1.0,0.7,0.784,0.5,0.5
145,0.6954,True,landwatch,426500438,IA,Polk,1446.0,1550000.0,1071.92,"Urbandale, IA, 50323, Polk County",https://www.landwatch.com/polk-county-iowa-homes-for-sale/pid/426500438,,,1.0,0.65,0.821,0.5,0.5
146,0.6954,True,landwatch,423739652,MN,Itasca,473.0,899000.0,1900.63,"Swan River, MN, 55784, Itasca County",https://www.landwatch.com/itasca-county-minnesota-recreational-property-for-sale/pid/423739652,,,1.0,0.834,0.683,0.5,0.5
147,0.6949,True,landwatch,424153871,ND,Nelson,317.0,299999.0,946.37,"Lakota, ND, 58344, Nelson County",https://www.landwatch.com/nelson-county-north-dakota-recreational-property-for-sale/pid/424153871,,,1.0,0.62,0.842,0.5,0.5
148,0.6939,True,landwatch,422350847,AR,Columbia,240.0,498500.0,2077.08,"McNeil, AR, 71752, Columbia County",https://www.landwatch.com/columbia-county-arkansas-recreational-property-for-sale/pid/422350847,,,1.0,0.867,0.654,0.5,0.5
149,0.6937,True,landwatch,426511881,NY,Queens,1056.0,799000.0,756.63,"Jamaica, NY, 11419, Queens County",https://www.landwatch.com/queens-county-new-york-homes-for-sale/pid/426511881,,,1.0,0.572,0.874,0.5,0.5
150,0.6935,True,landwatch,418087658,MS,Union,243.0,529000.0,2176.95,"New Albany, MS, 38849, Union County",https://www.landwatch.com/union-county-mississippi-recreational-property-for-sale/pid/418087658,,,1.0,0.887,0.637,0.5,0.5
151,0.693,True,landwatch,424663483,VA,Franklin,278.0,599500.0,2156.47,"Penhook, VA, 24137, Franklin County",https://www.landwatch.com/franklin-county-virginia-undeveloped-land-for-sale/pid/424663483,,,1.0,0.88,0.641,0.5,0.5
152,0.693,True,landwatch,418327291,MI,Baraga,400.0,500000.0,1250.0,"Michigamme, MI, 49861, Baraga County",https://www.landwatch.com/baraga-county-michigan-lakefront-property-for-sale/pid/418327291,,,1.0,0.678,0.792,0.5,0.5
153,0.6925,True,landwatch,422989234,VA,Pittsylvania,261.0,699000.0,2678.16,"Pittsville, VA, 24139, Pittsylvania County",https://www.landwatch.com/pittsylvania-county-virginia-farms-and-ranches-for-sale/pid/422989234,,,1.0,0.993,0.554,0.5,0.5
154,0.6925,True,landwatch,423447159,NC,Bladen,203.0,202700.0,998.52,"Elizabethtown, NC, 28337, Bladen County",https://www.landwatch.com/bladen-county-north-carolina-recreational-property-for-sale/pid/423447159,,,1.0,0.62,0.834,0.5,0.5
155,0.6924,True,landsearch,4799889,KS,Russell,271.0,645000.0,2380.07,"Bunker Hill, KS 67626",https://www.landsearch.com/properties/4102-195th-st-bunker-hill-ks-67626/4799889,,,1.0,0.927,0.603,0.5,0.5
156,0.6919,True,landsearch,5078602,MN,Kittson,417.0,599000.0,1436.45,"Lancaster, MN 56735",https://www.landsearch.com/properties/355th-st-lancaster-mn-56735/5078602,,,1.0,0.715,0.761,0.5,0.5
157,0.6913,True,landwatch,426374860,KS,Rooks,467.0,900000.0,1927.19,"Stockton, KS, 67669, Rooks County",https://www.landwatch.com/rooks-county-kansas-farms-and-ranches-for-sale/pid/426374860,,,1.0,0.821,0.679,0.5,0.5
158,0.6911,True,landwatch,426222148,MN,Pine,210.0,259900.0,1237.62,"Bruno, MN, 55712, Pine County",https://www.landwatch.com/pine-county-minnesota-recreational-property-for-sale/pid/426222148,,,1.0,0.667,0.794,0.5,0.5
159,0.6905,True,landwatch,426447607,OK,Dewey,240.0,516000.0,2150.0,"Putnam, OK, 73659, Dewey County",https://www.landwatch.com/dewey-county-oklahoma-farms-and-ranches-for-sale/pid/426447607,,,1.0,0.867,0.642,0.5,0.5
160,0.6904,True,landwatch,426012465,IL,Alexander,518.0,889000.0,1716.22,"Cairo, IL, 62914, Alexander County",https://www.landwatch.com/alexander-county-illinois-recreational-property-for-sale/pid/426012465,,,1.0,0.77,0.714,0.5,0.5
161,0.6898,True,landandfarm,40213065,AL,Monroe,281.0,600000.0,2135.23,"Hybart, AL, 36452",https://www.landandfarm.com/property/monroe-county-timber-creek-and-hunting-investment-tract-40213065/,,,1.0,0.86,0.644,0.5,0.5
162,0.689,True,landwatch,426062326,NC,Duplin,1369.0,1650000.0,1205.26,"Mount Olive, NC, 28365, Duplin County",https://www.landwatch.com/duplin-county-north-carolina-recreational-property-for-sale/pid/426062326,,,1.0,0.65,0.799,0.5,0.5
163,0.6885,True,landsearch,5166414,AL,Winston,259.0,715000.0,2760.62,"Double Springs, AL 35553",https://www.landsearch.com/properties/county-road-429-double-springs-al-35553/5166414,,,1.0,0.993,0.54,0.5,0.5
164,0.6884,True,landwatch,416937380,KS,Pratt,235.0,480000.0,2042.55,"Preston, KS, 67583, Pratt County",https://www.landwatch.com/pratt-county-kansas-farms-and-ranches-for-sale/pid/416937380,,,1.0,0.833,0.66,0.5,0.5
165,0.6883,True,landsearch,5242723,MN,Itasca,290.0,550000.0,1896.55,"Nashwauk, MN 55769",https://www.landsearch.com/properties/47529-day-brook-river-rd-nashwauk-mn-55769/5242723,,,1.0,0.8,0.684,0.5,0.5
166,0.6881,True,landwatch,423756295,TN,Mcnairy,247.0,595000.0,2408.91,"Bethel Springs, TN, 38315, McNairy County",https://www.landwatch.com/mcnairy-county-tennessee-recreational-property-for-sale/pid/423756295,,,1.0,0.913,0.599,0.5,0.5
167,0.6878,True,landwatch,425758484,TN,Perry,969.0,1162800.0,1200.0,"Linden, TN, 37096, Perry County",https://www.landwatch.com/perry-county-tennessee-recreational-property-for-sale/pid/425758484,,,1.0,0.643,0.8,0.5,0.5
168,0.6876,True,landwatch,425507932,KS,Pawnee,313.0,382034.0,1220.56,"Burdett, KS, 67523, Pawnee County",https://www.landwatch.com/pawnee-county-kansas-farms-and-ranches-for-sale/pid/425507932,,,1.0,0.647,0.797,0.5,0.5
169,0.6876,True,landwatch,425858573,AR,Newton,242.0,549500.0,2270.66,"Kingston, AR, 72742, Newton County",https://www.landwatch.com/newton-county-arkansas-recreational-property-for-sale/pid/425858573,,,1.0,0.88,0.622,0.5,0.5
170,0.6875,True,landwatch,425098296,VA,Buckingham,262.0,721000.0,2751.91,"Arvonia, VA, 23004, Buckingham County",https://www.landwatch.com/buckingham-county-virginia-recreational-property-for-sale/pid/425098296,,,1.0,0.987,0.541,0.5,0.5
171,0.6875,True,landwatch,426222125,KY,Owsley,311.0,399000.0,1282.96,"Ricetown, KY, 41364, Owsley County",https://www.landwatch.com/owsley-county-kentucky-recreational-property-for-sale/pid/426222125,,,1.0,0.66,0.786,0.5,0.5
172,0.6874,True,landandfarm,40425185,WI,Clark,240.0,531432.0,2214.3,"Christie, WI, 54456",https://www.landandfarm.com/property/land-wi-40425185/,,,1.0,0.867,0.631,0.5,0.5
173,0.6873,True,landwatch,424811753,MS,Yazoo,916.0,989000.0,1079.69,"Yazoo City, MS, 39194, Yazoo County",https://www.landwatch.com/yazoo-county-mississippi-recreational-property-for-sale/pid/424811753,,,1.0,0.614,0.82,0.5,0.5
174,0.6871,True,landwatch,426471467,VA,Albemarle,347.0,300000.0,864.55,"Schuyler, VA, 22969, Albemarle County",https://www.landwatch.com/albemarle-county-virginia-undeveloped-land-for-sale/pid/426471467,,,1.0,0.565,0.856,0.5,0.5
175,0.6869,True,landwatch,425501792,NE,Dawes,1284.0,1605000.0,1250.0,"Crawford, NE, 69339, Dawes County",https://www.landwatch.com/dawes-county-nebraska-farms-and-ranches-for-sale/pid/425501792,,,1.0,0.65,0.792,0.5,0.5
176,0.6865,True,landandfarm,40225017,MO,Wayne,284.0,600000.0,2112.68,"Piedmont, MO, 63957",https://www.landandfarm.com/property/wayne-co-mo-284-acres-40225017/,,,1.0,0.84,0.648,0.5,0.5
177,0.6864,True,landwatch,424810226,MI,Marquette,276.0,650000.0,2355.07,"Republic, MI, 49879, Marquette County",https://www.landwatch.com/marquette-county-michigan-undeveloped-land-for-sale/pid/424810226,,,1.0,0.893,0.607,0.5,0.5
178,0.686,True,landsearch,5232763,AL,Walker,463.0,926257.0,2000.56,"Townley, AL 35587",https://www.landsearch.com/properties/beech-grove-rd-townley-al-35587/5232763,,,1.0,0.813,0.667,0.5,0.5
179,0.6857,True,landwatch,422438765,OK,Grant,240.0,540000.0,2250.0,"Medford, OK, 73759, Grant County",https://www.landwatch.com/grant-county-oklahoma-farms-and-ranches-for-sale/pid/422438765,,,1.0,0.867,0.625,0.5,0.5
180,0.6855,True,landsearch,5119209,NE,Box Butte,593.0,652600.0,1100.51,"Hemingford, NE 69348",https://www.landsearch.com/properties/county-road-86-hemingford-ne-69348/5119209,,,1.0,0.61,0.817,0.5,0.5
181,0.6853,True,landsearch,5058686,NY,St. Lawrence,206.0,255000.0,1237.86,"Russell, NY 13684",https://www.landsearch.com/properties/silver-hill-rd-russell-ny-13684/5058686,,,1.0,0.64,0.794,0.5,0.5
182,0.6853,True,landwatch,425794466,NY,Saint Lawrence,206.0,255000.0,1237.86,"Russell, NY, 13684, Saint Lawrence County",https://www.landwatch.com/saint-lawrence-county-new-york-recreational-property-for-sale/pid/425794466,,,1.0,0.64,0.794,0.5,0.5
183,0.6853,True,landwatch,425803083,NY,New York,206.0,255000.0,1237.86,"Russell, NY, 13684, New York County",https://www.landwatch.com/new-york-county-new-york-undeveloped-land-for-sale/pid/425803083,,,1.0,0.64,0.794,0.5,0.5
184,0.685,True,landandfarm,38530969,MS,Benton,262.0,734636.0,2803.95,"Ashland, MS, 38603",https://www.landandfarm.com/property/benton-262-37-38530969/,,,1.0,0.987,0.533,0.5,0.5
185,0.6848,True,landwatch,424915063,NC,Robeson,256.0,704000.0,2750.0,"Lumberton, NC, 28358, Robeson County",https://www.landwatch.com/robeson-county-north-carolina-recreational-property-for-sale/pid/424915063,,,1.0,0.973,0.542,0.5,0.5
186,0.6848,True,landwatch,425488968,KS,Cheyenne,233.0,480000.0,2060.09,"Bird City, KS, 67731, Cheyenne County",https://www.landwatch.com/cheyenne-county-kansas-farms-and-ranches-for-sale/pid/425488968,,,1.0,0.82,0.657,0.5,0.5
187,0.6844,True,landwatch,424789221,KS,Rooks,236.0,509000.0,2156.78,"Damar, KS, 67632, Rooks County",https://www.landwatch.com/rooks-county-kansas-hunting-property-for-sale/pid/424789221,,,1.0,0.84,0.641,0.5,0.5
188,0.6837,True,landwatch,425054787,NY,Saint Lawrence,207.0,269600.0,1302.42,"Gouverneur, NY, 13642, Saint Lawrence County",https://www.landwatch.com/saint-lawrence-county-new-york-undeveloped-land-for-sale/pid/425054787,,,1.0,0.647,0.783,0.5,0.5
189,0.6836,True,landwatch,419895884,NC,Robeson,278.0,654374.0,2353.86,"Lumberton, NC, 28358, Robeson County",https://www.landwatch.com/robeson-county-north-carolina-recreational-property-for-sale/pid/419895884,,,1.0,0.88,0.608,0.5,0.5
190,0.6828,True,landandfarm,38899498,KY,Owsley,454.0,900000.0,1982.38,"Sextons Creek, KY, 40983",https://www.landandfarm.com/property/453-57-acres-in-owsley-county-38899498/,,,1.0,0.794,0.67,0.5,0.5
191,0.6824,True,landwatch,424914822,NC,Robeson,274.0,685000.0,2500.0,"Lumberton, NC, 28358, Robeson County",https://www.landwatch.com/robeson-county-north-carolina-recreational-property-for-sale/pid/424914822,,,1.0,0.907,0.583,0.5,0.5
192,0.6819,True,landandfarm,38597622,MS,Itawamba,266.0,731500.0,2750.0,"Fulton, MS, 38843",https://www.landandfarm.com/property/itawamba-county-scott-senter-road-266-acres-38597622/,,,1.0,0.96,0.542,0.5,0.5
193,0.6814,True,landwatch,426516472,NY,Allegany,263.0,749900.0,2851.33,"Scio, NY, 14880, Allegany County",https://www.landwatch.com/allegany-county-new-york-commercial-property-for-sale/pid/426516472,,,1.0,0.98,0.525,0.5,0.5
194,0.681,True,landwatch,425515902,KS,Rush,215.0,343837.0,1599.24,"Nekoma, KS, 67559, Rush County",https://www.landwatch.com/rush-county-kansas-recreational-property-for-sale/pid/425515902,,,1.0,0.7,0.733,0.5,0.5
195,0.6809,True,landwatch,425414027,WI,Juneau,233.0,499000.0,2141.63,"Camp Douglas, WI, 54618, Juneau County",https://www.landwatch.com/juneau-county-wisconsin-recreational-property-for-sale/pid/425414027,,,1.0,0.82,0.643,0.5,0.5
196,0.6799,True,landwatch,424005502,NE,Cheyenne,320.0,375000.0,1171.88,"Lodgepole, NE, 69149, Cheyenne County",https://www.landwatch.com/cheyenne-county-nebraska-farms-and-ranches-for-sale/pid/424005502,,,1.0,0.6,0.805,0.5,0.5
197,0.6799,True,landwatch,423673320,NE,Kimball,632.0,533800.0,844.62,"Bushnell, NE, 69128, Kimball County",https://www.landwatch.com/kimball-county-nebraska-farms-and-ranches-for-sale/pid/423673320,,,1.0,0.527,0.859,0.5,0.5
198,0.6798,True,landwatch,426022230,OK,Beaver,2080.0,2912000.0,1400.0,"Beaver, OK, 73932, Beaver County",https://www.landwatch.com/beaver-county-oklahoma-farms-and-ranches-for-sale/pid/426022230,,,1.0,0.65,0.767,0.5,0.5
199,0.6798,True,landwatch,424841904,GA,Wilkinson,255.0,720375.0,2825.0,"Irwinton, GA, 31042, Wilkinson County",https://www.landwatch.com/wilkinson-county-georgia-recreational-property-for-sale/pid/424841904,,,1.0,0.967,0.529,0.5,0.5
200,0.6798,True,landwatch,424915064,NC,Robeson,517.0,1008150.0,1950.0,"Orrum, NC, 28369, Robeson County",https://www.landwatch.com/robeson-county-north-carolina-recreational-property-for-sale/pid/424915064,,,1.0,0.772,0.675,0.5,0.5
201,0.6797,True,landwatch,424996175,ND,Golden Valley,276.0,689000.0,2496.38,"Beach, ND, 58621, Golden Valley County",https://www.landwatch.com/golden-valley-county-north-dakota-undeveloped-land-for-sale/pid/424996175,,,1.0,0.893,0.584,0.5,0.5
202,0.6797,True,landwatch,422666443,NY,Allegany,483.0,1100000.0,2277.43,"Canaseraga, NY, 14822, Allegany County",https://www.landwatch.com/allegany-county-new-york-homes-for-sale/pid/422666443,,,1.0,0.845,0.62,0.5,0.5
203,0.6795,True,landsearch,5036742,OK,Woodward,480.0,1104000.0,2300.0,"Chester, OK 73838",https://www.landsearch.com/properties/e-500-rd-chester-ok-73838/5036742,,,1.0,0.849,0.617,0.5,0.5
204,0.6795,True,landwatch,421905488,MO,Douglas,265.0,750000.0,2830.19,"Ava, MO, 65608, Douglas County",https://www.landwatch.com/douglas-county-missouri-recreational-property-for-sale/pid/421905488,,,1.0,0.967,0.528,0.5,0.5
205,0.6791,True,landwatch,426383670,VA,King And Queen,246.0,631800.0,2568.29,"Mattaponi, VA, 23110, King and Queen County",https://www.landwatch.com/king-and-queen-county-virginia-undeveloped-land-for-sale/pid/426383670,,,1.0,0.907,0.572,0.5,0.5
206,0.6782,True,landwatch,416711898,NE,Banner,843.0,845000.0,1002.37,"Gering, NE, 69341, Banner County",https://www.landwatch.com/banner-county-nebraska-farms-and-ranches-for-sale/pid/416711898,,,1.0,0.554,0.833,0.5,0.5
207,0.6781,True,landwatch,423174948,MN,Kittson,439.0,850000.0,1936.22,"Karlstad, MN, 56729, Kittson County",https://www.landwatch.com/kittson-county-minnesota-farms-and-ranches-for-sale/pid/423174948,,,1.0,0.762,0.677,0.5,0.5
208,0.678,True,landwatch,425563505,MS,Yalobusha,276.0,699000.0,2532.61,"Coffeeville, MS, 38922, Yalobusha County",https://www.landwatch.com/yalobusha-county-mississippi-recreational-property-for-sale/pid/425563505,,,1.0,0.893,0.578,0.5,0.5
209,0.6775,True,landwatch,424808289,OK,Latimer,229.0,479000.0,2091.7,"Red Oak, OK, 74563, Latimer County",https://www.landwatch.com/latimer-county-oklahoma-farms-and-ranches-for-sale/pid/424808289,,,1.0,0.793,0.651,0.5,0.5
210,0.6772,True,landwatch,419564645,KY,Carter,544.0,949000.0,1744.49,"Grayson, KY, 41164, Carter County",https://www.landwatch.com/carter-county-kentucky-recreational-property-for-sale/pid/419564645,,,1.0,0.715,0.709,0.5,0.5
211,0.6771,True,landwatch,424321141,KS,Russell,271.0,731700.0,2700.0,"Bunker Hill, KS, 67626, Russell County",https://www.landwatch.com/russell-county-kansas-farms-and-ranches-for-sale/pid/424321141,,,1.0,0.927,0.55,0.5,0.5
212,0.6768,True,landwatch,425367958,WI,Bayfield,277.0,699900.0,2526.71,"Bayfield, WI, 54814, Bayfield County",https://www.landwatch.com/bayfield-county-wisconsin-undeveloped-land-for-sale/pid/425367958,,,1.0,0.887,0.579,0.5,0.5
213,0.6762,True,landandfarm,39226560,OK,Beaver,315.0,441000.0,1400.0,"Laverne, OK, 73848",https://www.landandfarm.com/property/sand-creek-ranch-39226560/,,,1.0,0.633,0.767,0.5,0.5
214,0.6761,True,landandfarm,38966376,KY,Clay,1185.0,775000.0,654.01,"Oneida, KY, 40972",https://www.landandfarm.com/property/farms-oneida-ky-38966376/,,,1.0,0.467,0.891,0.5,0.5
215,0.6761,True,landandfarm,40515122,OK,Latimer,225.0,450640.0,2002.84,"Red Oak, OK, 74563",https://www.landandfarm.com/property/225-acres-of-untouched-mountain-wilderness-latimer-county-ok-40515122/,,,1.0,0.767,0.666,0.5,0.5
216,0.6759,True,landwatch,426667499,KY,Letcher,241.0,599000.0,2485.48,"Whitesburg, KY, 41858, Letcher County",https://www.landwatch.com/letcher-county-kentucky-homes-for-sale/pid/426667499,,,1.0,0.873,0.586,0.5,0.5
217,0.6758,True,landwatch,423674653,MS,Tippah,258.0,773400.0,2997.67,"Ripley, MS, 38663, Tippah County",https://www.landwatch.com/tippah-county-mississippi-undeveloped-land-for-sale/pid/423674653,,,1.0,0.987,0.5,0.5,0.5
218,0.6758,True,landsearch,5200013,NE,Dawes,474.0,1100000.0,2320.68,"Whitney, NE 69367",https://www.landsearch.com/properties/261-bethel-loops-rd-whitney-ne-69367/5200013,,,1.0,0.836,0.613,0.5,0.5
219,0.6757,True,landwatch,426021851,VA,Richmond,259.0,785000.0,3030.89,"Farnham, VA, 22460, Richmond County",https://www.landwatch.com/richmond-county-virginia-recreational-property-for-sale/pid/426021851,,,1.0,0.993,0.495,0.5,0.5
220,0.6752,True,landwatch,426592950,KY,Todd,210.0,329900.0,1570.95,"Trenton, KY, 42286, Todd County",https://www.landwatch.com/todd-county-kentucky-homes-for-sale/pid/426592950,,,1.0,0.667,0.738,0.5,0.5
221,0.675,True,landwatch,422181987,NC,Brunswick,1388.0,2082000.0,1500.0,"Ash, NC, 28420, Brunswick County",https://www.landwatch.com/brunswick-county-north-carolina-farms-and-ranches-for-sale/pid/422181987,,,1.0,0.65,0.75,0.5,0.5
222,0.6749,True,landwatch,425283016,KS,Wallace,558.0,925000.0,1657.71,"Wallace, KS, 67761, Wallace County",https://www.landwatch.com/wallace-county-kansas-farms-and-ranches-for-sale/pid/425283016,,,1.0,0.685,0.724,0.5,0.5
223,0.6748,True,landsearch,4945370,AR,Sharp,244.0,634400.0,2600.0,"Mammoth Spring, AR 72554",https://www.landsearch.com/properties/pleasant-run-rd-mammoth-spring-ar-72554/4945370,,,1.0,0.893,0.567,0.5,0.5
224,0.6743,True,landwatch,423768904,NE,Kimball,325.0,300000.0,923.08,"Kimball, NE, 69145, Kimball County",https://www.landwatch.com/kimball-county-nebraska-farms-and-ranches-for-sale/pid/423768904,,,1.0,0.519,0.846,0.5,0.5
225,0.6741,True,landwatch,425865133,OH,Scioto,261.0,799900.0,3064.75,"Minford, OH, 45653, Scioto County",https://www.landwatch.com/scioto-county-ohio-recreational-property-for-sale/pid/425865133,,,1.0,0.993,0.489,0.5,0.5
226,0.6738,True,landwatch,425830279,AL,Pickens,320.0,416000.0,1300.0,"Carrollton, AL, 35447, Pickens County",https://www.landwatch.com/pickens-county-alabama-recreational-property-for-sale/pid/425830279,,,1.0,0.6,0.783,0.5,0.5
227,0.6736,True,landwatch,426462173,KS,Ness,210.0,336736.0,1603.5,"Brownell, KS, 67521, Ness County",https://www.landwatch.com/ness-county-kansas-farms-and-ranches-for-sale/pid/426462173,,,1.0,0.667,0.733,0.5,0.5
228,0.6736,True,landwatch,418364860,VA,Pulaski,1732.0,2650000.0,1530.02,"Draper, VA, 24324, Pulaski County",https://www.landwatch.com/pulaski-county-virginia-recreational-property-for-sale/pid/418364860,,,1.0,0.65,0.745,0.5,0.5
229,0.6734,True,landwatch,426275896,VA,Buckingham,228.0,490000.0,2149.12,"New Canton, VA, 23123, Buckingham County",https://www.landwatch.com/buckingham-county-virginia-recreational-property-for-sale/pid/426275896,,,1.0,0.787,0.642,0.5,0.5
230,0.6734,True,landwatch,424556140,VA,Cumberland,228.0,490000.0,2149.12,"New Canton, VA, 23123, Cumberland County",https://www.landwatch.com/cumberland-county-virginia-undeveloped-land-for-sale/pid/424556140,,,1.0,0.787,0.642,0.5,0.5
231,0.6733,True,landsearch,4881785,ND,Hettinger,487.0,1156100.0,2373.92,"Reeder, ND 58649",https://www.landsearch.com/properties/reeder-nd-58649/4881785,,,1.0,0.836,0.604,0.5,0.5
232,0.6729,True,landwatch,422014309,KY,Wayne,378.0,552000.0,1460.32,"Bronston, KY, 42518, Wayne County",https://www.landwatch.com/wayne-county-kentucky-timberland-property-for-sale/pid/422014309,,,1.0,0.632,0.757,0.5,0.5
233,0.6725,True,landwatch,423018671,VA,Russell,320.0,425000.0,1328.12,"Castlewood, VA, 24224, Russell County",https://www.landwatch.com/russell-county-virginia-undeveloped-land-for-sale/pid/423018671,,,1.0,0.6,0.779,0.5,0.5
234,0.6724,True,landwatch,422302629,AR,Jefferson,580.0,870000.0,1500.0,"White Hall, AR, 71602, Jefferson County",https://www.landwatch.com/jefferson-county-arkansas-recreational-property-for-sale/pid/422302629,,,1.0,0.638,0.75,0.5,0.5
235,0.6724,True,landwatch,423439432,MI,Marquette,240.0,607200.0,2530.0,"Marquette, MI, 49855, Marquette County",https://www.landwatch.com/marquette-county-michigan-undeveloped-land-for-sale/pid/423439432,,,1.0,0.867,0.578,0.5,0.5
236,0.6724,True,landwatch,424120672,NE,Banner,323.0,305000.0,944.27,"Harrisburg, NE, 69345, Banner County",https://www.landwatch.com/banner-county-nebraska-farms-and-ranches-for-sale/pid/424120672,,,1.0,0.514,0.843,0.5,0.5
237,0.6723,True,landwatch,425663750,KS,Rush,301.0,572280.0,1901.26,"Bison, KS, 67520, Rush County",https://www.landwatch.com/rush-county-kansas-farms-and-ranches-for-sale/pid/425663750,,,1.0,0.727,0.683,0.5,0.5
238,0.6722,True,landwatch,426250216,TN,Haywood,254.0,750000.0,2952.76,"Brownsville, TN, 38012, Haywood County",https://www.landwatch.com/haywood-county-tennessee-recreational-property-for-sale/pid/426250216,,,1.0,0.96,0.508,0.5,0.5
239,0.672,True,landwatch,425006336,NY,Broome,249.0,699000.0,2807.23,"Binghamton, NY, 13903, Broome County",https://www.landwatch.com/broome-county-new-york-farms-and-ranches-for-sale/pid/425006336,,,1.0,0.927,0.532,0.5,0.5
240,0.672,True,landandfarm,40123241,OK,Ellis,560.0,952000.0,1700.0,"Shattuck, OK, 73858",https://www.landandfarm.com/property/northwest-canyon-ranch-40123241/,,,1.0,0.681,0.717,0.5,0.5
241,0.672,True,landandfarm,36022112,MS,Jackson,298.0,595702.0,1999.0,"Moss Point, MS, 39562",https://www.landandfarm.com/property/big-creek-recreational-tract-36022112/,,,1.0,0.747,0.667,0.5,0.5
242,0.6717,True,landwatch,424104528,KS,Rush,315.0,471000.0,1495.24,"Rush Center, KS, 67575, Rush County",https://www.landwatch.com/rush-county-kansas-farms-and-ranches-for-sale/pid/424104528,,,1.0,0.633,0.751,0.5,0.5
243,0.6716,True,landwatch,419799229,AL,Perry,232.0,534900.0,2305.6,"Marion, AL, 36756, Perry County",https://www.landwatch.com/perry-county-alabama-recreational-property-for-sale/pid/419799229,,,1.0,0.813,0.616,0.5,0.5
244,0.6714,True,landwatch,426099611,AL,Barbour,498.0,1149000.0,2307.23,"Midway, AL, 36053, Barbour County",https://www.landwatch.com/barbour-county-alabama-recreational-property-for-sale/pid/426099611,,,1.0,0.813,0.615,0.5,0.5
245,0.6708,True,landwatch,426314566,OK,Blaine,474.0,1150000.0,2426.16,"Okeene, OK, 73763, Blaine County",https://www.landwatch.com/blaine-county-oklahoma-farms-and-ranches-for-sale/pid/426314566,,,1.0,0.836,0.596,0.5,0.5
246,0.6707,True,landwatch,425240355,NE,Lincoln,1477.0,2350000.0,1591.06,"Brady, NE, 69123, Lincoln County",https://www.landwatch.com/lincoln-county-nebraska-farms-and-ranches-for-sale/pid/425240355,,,1.0,0.65,0.735,0.5,0.5
247,0.6706,True,landwatch,424592521,SD,Corson,1508.0,2400000.0,1591.51,"Morristown, SD, 57645, Corson County",https://www.landwatch.com/corson-county-south-dakota-farms-and-ranches-for-sale/pid/424592521,,,1.0,0.65,0.735,0.5,0.5
248,0.6704,True,landwatch,426601378,NJ,Monmouth,715.0,499000.0,697.9,"Matawan, NJ, 07747, Monmouth County",https://www.landwatch.com/monmouth-county-new-jersey-homes-for-sale/pid/426601378,,,1.0,0.45,0.884,0.5,0.5
249,0.6701,True,landwatch,424545589,MI,Houghton,224.0,470000.0,2098.21,"South Range, MI, 49963, Houghton County",https://www.landwatch.com/houghton-county-michigan-undeveloped-land-for-sale/pid/424545589,,,1.0,0.76,0.65,0.5,0.5
250,0.67,True,landwatch,424676987,MN,Marshall,319.0,450000.0,1410.66,"Gatzke, MN, 56724, Marshall County",https://www.landwatch.com/marshall-county-minnesota-farms-and-ranches-for-sale/pid/424676987,,,1.0,0.607,0.765,0.5,0.5
251,0.6699,True,landandfarm,36347111,AL,Etowah,279.0,729000.0,2612.9,"Boaz, AL, 35956",https://www.landandfarm.com/property/beautiful-hardwood-tract-rolling-terrain-with-views-and-hunting-36347111/,,,1.0,0.873,0.565,0.5,0.5
252,0.6698,True,landwatch,424320333,AR,Franklin,242.0,640000.0,2644.63,"Cecil, AR, 72930, Franklin County",https://www.landwatch.com/franklin-county-arkansas-recreational-property-for-sale/pid/424320333,,,1.0,0.88,0.559,0.5,0.5
253,0.6693,True,landwatch,426600135,KS,Wallace,320.0,446440.0,1395.12,"Sharon Springs, KS, 67758, Wallace County",https://www.landwatch.com/wallace-county-kansas-farms-and-ranches-for-sale/pid/426600135,,,1.0,0.6,0.767,0.5,0.5
254,0.6687,True,landwatch,426021340,VA,Richmond,271.0,780000.0,2878.23,"Farnham, VA, 22460, Richmond County",https://www.landwatch.com/richmond-county-virginia-timberland-property-for-sale/pid/426021340,,,1.0,0.927,0.52,0.5,0.5
255,0.6686,True,landandfarm,40893485,TN,Morgan,615.0,765000.0,1243.9,"Oakdale, TN, 37829",https://www.landandfarm.com/property/morgan-615-40893485/,,,1.0,0.563,0.793,0.5,0.5
256,0.6681,True,landwatch,423674409,MS,Winston,374.0,569500.0,1522.73,"Nanih Waiya, MS, 39339, Winston County",https://www.landwatch.com/winston-county-mississippi-undeveloped-land-for-sale/pid/423674409,,,1.0,0.623,0.746,0.5,0.5
257,0.6679,True,landwatch,426444267,OH,Meigs,247.0,699900.0,2833.6,"Portland, OH, 45770, Meigs County",https://www.landwatch.com/meigs-county-ohio-recreational-property-for-sale/pid/426444267,,,1.0,0.913,0.528,0.5,0.5
258,0.6676,True,landwatch,424000773,KY,Cumberland,276.0,759200.0,2750.72,"Burkesville, KY, 42717, Cumberland County",https://www.landwatch.com/cumberland-county-kentucky-recreational-property-for-sale/pid/424000773,,,1.0,0.893,0.542,0.5,0.5
259,0.6675,True,landwatch,426383671,VA,King And Queen,302.0,596000.0,1973.51,"King And Queen Court House, VA, 23085, King and Queen County",https://www.landwatch.com/king-and-queen-county-virginia-undeveloped-land-for-sale/pid/426383671,,,1.0,0.72,0.671,0.5,0.5
260,0.6674,True,landwatch,425483326,MO,Adair,241.0,642000.0,2663.9,"Benton, MO, 63501, Adair County",https://www.landwatch.com/adair-county-missouri-farms-and-ranches-for-sale/pid/425483326,,,1.0,0.873,0.556,0.5,0.5
261,0.6673,True,landwatch,426430309,NC,Pamlico,476.0,1199000.0,2518.91,"Grantsboro, NC, 28529, Pamlico County",https://www.landwatch.com/pamlico-county-north-carolina-recreational-property-for-sale/pid/426430309,,,1.0,0.84,0.58,0.5,0.5
262,0.6667,True,landwatch,423241823,KS,Wallace,320.0,464000.0,1450.0,"North of Sharon Springs, KS",https://www.landwatch.com/wallace-county-kansas-farms-and-ranches-for-sale/pid/423241823,,,1.0,0.6,0.758,0.5,0.5
263,0.6667,True,landwatch,424776224,TN,Hardeman,250.0,737500.0,2950.0,"Pocahontas, TN, 38061, Hardeman County",https://www.landwatch.com/hardeman-county-tennessee-undeveloped-land-for-sale/pid/424776224,,,1.0,0.933,0.508,0.5,0.5
264,0.6664,True,landwatch,422136104,WI,Price,917.0,1395000.0,1521.26,"Phillips, WI, 54555, Price County",https://www.landwatch.com/price-county-wisconsin-farms-and-ranches-for-sale/pid/422136104,,,1.0,0.615,0.746,0.5,0.5
265,0.6662,True,landwatch,424280854,MN,Pine,400.0,725000.0,1812.5,"Hinckley, MN, 55037, Pine County",https://www.landwatch.com/pine-county-minnesota-farms-and-ranches-for-sale/pid/424280854,,,1.0,0.678,0.698,0.5,0.5
266,0.666,True,landwatch,423622096,AR,Hot Spring,270.0,800000.0,2962.96,"Bismarck, AR, 71929, Hot Spring County",https://www.landwatch.com/hot-spring-county-arkansas-timberland-property-for-sale/pid/423622096,,,1.0,0.933,0.506,0.5,0.5
267,0.6653,True,landwatch,425965351,TN,Scott,1016.0,1524090.0,1500.09,"Huntsville, TN, 37756, Scott County",https://www.landwatch.com/scott-county-tennessee-undeveloped-land-for-sale/pid/425965351,,,1.0,0.605,0.75,0.5,0.5
268,0.6649,True,landwatch,419331911,AL,Crenshaw,243.0,675000.0,2777.78,"Brantley, AL, 36009, Crenshaw County",https://www.landwatch.com/crenshaw-county-alabama-recreational-property-for-sale/pid/419331911,,,1.0,0.887,0.537,0.5,0.5
269,0.6645,True,landwatch,423091990,NE,Lincoln,592.0,917631.0,1550.05,"Brady, NE, 69123, Lincoln County",https://www.landwatch.com/lincoln-county-nebraska-farms-and-ranches-for-sale/pid/423091990,,,1.0,0.612,0.742,0.5,0.5
270,0.6643,True,landwatch,425830278,AL,Pickens,205.0,338250.0,1650.0,"Carrollton, AL, 35447, Pickens County",https://www.landwatch.com/pickens-county-alabama-recreational-property-for-sale/pid/425830278,,,1.0,0.633,0.725,0.5,0.5
271,0.6641,True,landwatch,425436685,NE,Perkins,235.0,600000.0,2553.19,"Elsie, NE, 69134, Perkins County",https://www.landwatch.com/perkins-county-nebraska-farms-and-ranches-for-sale/pid/425436685,,,1.0,0.833,0.574,0.5,0.5
272,0.6639,True,landwatch,421302395,MI,Alpena,240.0,650000.0,2708.33,"Lachine, MI, 49753, Alpena County",https://www.landwatch.com/alpena-county-michigan-farms-and-ranches-for-sale/pid/421302395,,,1.0,0.867,0.549,0.5,0.5
273,0.6637,True,landwatch,425098983,MN,Itasca,307.0,584041.0,1902.41,"Grand Rapids, MN, 55744, Itasca County",https://www.landwatch.com/itasca-county-minnesota-undeveloped-land-for-sale/pid/425098983,,,1.0,0.687,0.683,0.5,0.5
274,0.6636,True,landwatch,420340591,AR,Newton,290.0,699900.0,2413.45,"Jasper, AR, 72641, Newton County",https://www.landwatch.com/newton-county-arkansas-recreational-property-for-sale/pid/420340591,,,1.0,0.8,0.598,0.5,0.5
275,0.6636,True,landwatch,421130455,MS,Jones,543.0,1107900.0,2040.33,"Laurel, MS, 39443, Jones County",https://www.landwatch.com/jones-county-mississippi-recreational-property-for-sale/pid/421130455,,,1.0,0.717,0.66,0.5,0.5
276,0.6635,True,landwatch,425857901,OK,Dewey,490.0,1250000.0,2551.02,"Taloga, OK, 73667, Dewey County",https://www.landwatch.com/dewey-county-oklahoma-farms-and-ranches-for-sale/pid/425857901,,,1.0,0.83,0.575,0.5,0.5
277,0.6634,True,landwatch,425268902,MS,Wayne,268.0,825000.0,3078.36,"Waynesboro, MS, 39367, Wayne County",https://www.landwatch.com/wayne-county-mississippi-timberland-property-for-sale/pid/425268902,,,1.0,0.947,0.487,0.5,0.5
278,0.6634,True,landwatch,426459306,VA,Halifax,270.0,815000.0,3018.52,"Vernon Hill, VA, 24597, Halifax County",https://www.landwatch.com/halifax-county-virginia-timberland-property-for-sale/pid/426459306,,,1.0,0.933,0.497,0.5,0.5
279,0.6634,True,landwatch,424515438,MS,Attala,206.0,350000.0,1699.03,"Kosciusko, MS, 39090, Attala County",https://www.landwatch.com/attala-county-mississippi-recreational-property-for-sale/pid/424515438,,,1.0,0.64,0.717,0.5,0.5
280,0.6634,True,landwatch,423062583,PA,Fayette,256.0,819000.0,3199.22,"Uniontown, PA, 15401, Fayette County",https://www.landwatch.com/fayette-county-pennsylvania-recreational-property-for-sale/pid/423062583,,,1.0,0.973,0.467,0.5,0.5
281,0.6631,True,landwatch,419932259,AR,Sevier,250.0,755978.0,3023.91,"Lockesburg, AR, 71846, Sevier County",https://www.landwatch.com/sevier-county-arkansas-recreational-property-for-sale/pid/419932259,,,1.0,0.933,0.496,0.5,0.5
282,0.663,True,landwatch,417936143,OK,Custer,979.0,1649615.0,1685.0,"Thomas, OK, 73669, Custer County",https://www.landwatch.com/custer-county-oklahoma-farms-and-ranches-for-sale/pid/417936143,,,1.0,0.635,0.719,0.5,0.5
283,0.6624,True,landwatch,425519745,AL,Talladega,234.0,599000.0,2559.83,"Sylacauga, AL, 35151, Talladega County",https://www.landwatch.com/talladega-county-alabama-recreational-property-for-sale/pid/425519745,,,1.0,0.827,0.573,0.5,0.5
284,0.662,True,landwatch,424254051,NE,Lincoln,438.0,992250.0,2265.41,"North Platte, NE, 69101, Lincoln County",https://www.landwatch.com/lincoln-county-nebraska-farms-and-ranches-for-sale/pid/424254051,,,1.0,0.759,0.622,0.5,0.5
285,0.6611,True,landwatch,426583837,TN,Campbell,758.0,795900.0,1050.0,"Pioneer, TN, 37771, Campbell County",https://www.landwatch.com/campbell-county-tennessee-recreational-property-for-sale/pid/426583837,,,1.0,0.485,0.825,0.5,0.5
286,0.6611,True,landsearch,5116948,AR,Drew,454.0,1106794.0,2437.87,"Wilmar, AR 71675",https://www.landsearch.com/properties/highway-133-wilmar-ar-71675/5116948,,,1.0,0.794,0.594,0.5,0.5
287,0.6611,True,landandfarm,35693379,AR,Clark,609.0,889000.0,1459.77,"Arkadelphia, AR, 71923",https://www.landandfarm.com/property/609-acres-of-prime-hunting-and-timber-investment-land-35693379/,,,1.0,0.576,0.757,0.5,0.5
288,0.6608,True,landwatch,425927740,PA,Fayette,356.0,535500.0,1504.21,"Connellsville, PA, 15425, Fayette County",https://www.landwatch.com/fayette-county-pennsylvania-undeveloped-land-for-sale/pid/425927740,,,1.0,0.585,0.749,0.5,0.5
289,0.6605,True,landwatch,424936289,WI,Sawyer,276.0,800000.0,2898.55,"Hayward, WI, 54843, Sawyer County",https://www.landwatch.com/sawyer-county-wisconsin-recreational-property-for-sale/pid/424936289,,,1.0,0.893,0.517,0.5,0.5
290,0.6605,True,landwatch,426075983,MS,Tallahatchie,343.0,475000.0,1384.84,"Paynes, MS, 38920, Tallahatchie County",https://www.landwatch.com/tallahatchie-county-mississippi-farms-and-ranches-for-sale/pid/426075983,,,1.0,0.557,0.769,0.5,0.5
291,0.6605,True,landwatch,420497083,AL,Crenshaw,235.0,618000.0,2629.79,"Rutledge, AL, 36071, Crenshaw County",https://www.landwatch.com/crenshaw-county-alabama-recreational-property-for-sale/pid/420497083,,,1.0,0.833,0.562,0.5,0.5
292,0.6605,True,landwatch,419189762,AL,Butler,281.0,772750.0,2750.0,"Greenville, AL, 36037, Butler County",https://www.landwatch.com/butler-county-alabama-recreational-property-for-sale/pid/419189762,,,1.0,0.86,0.542,0.5,0.5
293,0.6601,True,landwatch,425055632,KS,Pawnee,313.0,563000.0,1798.72,"Larned, KS, 67550, Pawnee County",https://www.landwatch.com/pawnee-county-kansas-farms-and-ranches-for-sale/pid/425055632,,,1.0,0.647,0.7,0.5,0.5
294,0.6599,True,landwatch,425894693,TN,Humphreys,436.0,999000.0,2291.28,"Waverly, TN, 37185, Humphreys County",https://www.landwatch.com/humphreys-county-tennessee-timberland-property-for-sale/pid/425894693,,,1.0,0.755,0.618,0.5,0.5
295,0.6595,True,landwatch,425432879,NY,Chenango,200.0,319900.0,1599.5,"Guilford, NY, 13733, Chenango County",https://www.landwatch.com/chenango-county-new-york-recreational-property-for-sale/pid/425432879,,,1.0,0.6,0.733,0.5,0.5
296,0.6595,True,landandfarm,36926818,AL,DeKalb,300.0,660000.0,2200.0,"Valley Head, AL, 35989",https://www.landandfarm.com/property/wills-valley-300-36926818/,,,1.0,0.733,0.633,0.5,0.5
297,0.6594,True,landandfarm,40944446,OK,Kingfisher,560.0,1100000.0,1964.29,"Hitchcock, OK, 73744",https://www.landandfarm.com/property/county-line-560-kingfisher-blaine-counties-40944446/,,,1.0,0.681,0.673,0.5,0.5
298,0.6593,True,landwatch,422061877,TN,Shelby,650.0,450000.0,692.31,"Millington, TN, 38053, Shelby County",https://www.landwatch.com/shelby-county-tennessee-recreational-property-for-sale/pid/422061877,,,1.0,0.397,0.885,0.5,0.5
299,0.6591,True,landwatch,425764133,IN,Washington,268.0,849000.0,3167.91,"Scottsburg, IN, 47170, Washington County",https://www.landwatch.com/washington-county-indiana-recreational-property-for-sale/pid/425764133,,,1.0,0.947,0.472,0.5,0.5
300,0.659,True,landwatch,425121943,KS,Russell,317.0,538900.0,1700.0,"Russell, KS, 67665, Russell County",https://www.landwatch.com/russell-county-kansas-farms-and-ranches-for-sale/pid/425121943,,,1.0,0.62,0.717,0.5,0.5
301,0.6589,True,landwatch,419324072,TN,Benton,1355.0,2490000.0,1837.64,"Big Sandy, TN, 38221, Benton County",https://www.landwatch.com/benton-county-tennessee-recreational-property-for-sale/pid/419324072,,,1.0,0.65,0.694,0.5,0.5
302,0.6584,True,landwatch,424162588,VA,Giles,620.0,875000.0,1411.29,"Narrows, VA, 24124, Giles County",https://www.landwatch.com/giles-county-virginia-farms-and-ranches-for-sale/pid/424162588,,,1.0,0.553,0.765,0.5,0.5
303,0.6583,True,landwatch,423570464,NY,Chenango,211.0,412500.0,1954.98,"Norwich, NY, 13815, Chenango County",https://www.landwatch.com/chenango-county-new-york-farms-and-ranches-for-sale/pid/423570464,,,1.0,0.673,0.674,0.5,0.5
304,0.6581,True,landandfarm,40728090,KS,Grant,640.0,784000.0,1225.0,"Ulysses, KS, 67880",https://www.landandfarm.com/property/rebel-farm-ground-640-crp-tillable-40728090/,,,1.0,0.51,0.796,0.5,0.5
305,0.6581,True,landwatch,418792702,MS,Tallahatchie,205.0,365000.0,1780.49,"Cascilla, MS, 38920, Tallahatchie County",https://www.landwatch.com/tallahatchie-county-mississippi-recreational-property-for-sale/pid/418792702,,,1.0,0.633,0.703,0.5,0.5
306,0.658,True,landwatch,424902443,MS,Webster,252.0,804600.0,3192.86,"Eupora, MS 39744",https://www.landwatch.com/webster-county-mississippi-recreational-property-for-sale/pid/424902443,,,1.0,0.947,0.468,0.5,0.5
307,0.6578,True,landwatch,425972242,NE,Box Butte,333.0,448200.0,1345.95,"Hemingford, NE, 69348",https://www.landwatch.com/box-butte-county-nebraska-recreational-property-for-sale/pid/425972242,,,1.0,0.536,0.776,0.5,0.5
308,0.6577,True,landsearch,5229368,MS,Noxubee,280.0,795000.0,2839.29,"Shuqualak, MS 39361",https://www.landsearch.com/properties/6045-highway-21-n-shuqualak-ms-39361/5229368,,,1.0,0.867,0.527,0.5,0.5
309,0.6576,True,landandfarm,40664230,TN,Hardeman,252.0,806400.0,3200.0,"Saulsbury, TN, 38067",https://www.landandfarm.com/property/hardeman-252-40664230/,,,1.0,0.947,0.467,0.5,0.5
310,0.6574,True,landwatch,426272850,MS,Leake,269.0,854000.0,3174.72,"Acres Leake County, MS",https://www.landwatch.com/leake-county-mississippi-farms-and-ranches-for-sale/pid/426272850,,,1.0,0.94,0.471,0.5,0.5
311,0.6573,True,landwatch,421974845,WI,Rusk,400.0,800000.0,2000.0,"Hawkins, WI, 54530, Rusk County",https://www.landwatch.com/rusk-county-wisconsin-recreational-property-for-sale/pid/421974845,,,1.0,0.678,0.667,0.5,0.5
312,0.6573,True,landandfarm,39748346,OK,Texas,478.0,1313675.0,2748.27,"Hough, OK, 73060",https://www.landandfarm.com/property/texas-county-irrigated-farm-39748346/,,,1.0,0.845,0.542,0.5,0.5
313,0.6571,True,landwatch,426664376,MS,Greene,420.0,921900.0,2195.0,"Jonathan, MS, 39451, Greene County",https://www.landwatch.com/greene-county-mississippi-recreational-property-for-sale/pid/426664376,,,1.0,0.721,0.634,0.5,0.5
314,0.657,True,landwatch,425911494,KY,Greenup,368.0,625000.0,1698.37,"South Shore, KY, 41175, Greenup County",https://www.landwatch.com/greenup-county-kentucky-recreational-property-for-sale/pid/425911494,,,1.0,0.61,0.717,0.5,0.5
315,0.657,True,landwatch,426182847,PA,Cameron,251.0,799000.0,3183.27,"Emporium, PA, 15834, Cameron County",https://www.landwatch.com/cameron-county-pennsylvania-undeveloped-land-for-sale/pid/426182847,,,1.0,0.94,0.469,0.5,0.5
316,0.657,True,landwatch,417371687,TN,Chester,415.0,892250.0,2150.0,"Bethel Springs, TN, 38315, Chester County",https://www.landwatch.com/chester-county-tennessee-recreational-property-for-sale/pid/417371687,,,1.0,0.71,0.642,0.5,0.5
317,0.6567,True,landandfarm,35062711,AL,Cleburne,287.0,760550.0,2650.0,"Heflin, AL, 36264",https://www.landandfarm.com/property/turkey-heaven-mountain-tract-35062711/,,,1.0,0.82,0.558,0.5,0.5
318,0.6564,True,landwatch,425961389,KY,Greenup,407.0,849000.0,2086.0,"Greenup, KY, 41144, Greenup County",https://www.landwatch.com/greenup-county-kentucky-farms-and-ranches-for-sale/pid/425961389,,,1.0,0.693,0.652,0.5,0.5
319,0.6563,True,landwatch,426527514,NE,Garden,813.0,1100000.0,1353.01,"Oshkosh, NE 69154",https://www.landwatch.com/garden-county-nebraska-farms-and-ranches-for-sale/pid/426527514,,,1.0,0.53,0.774,0.5,0.5
320,0.6562,True,landsearch,4770277,AL,Marion,506.0,1290000.0,2549.41,"Phil Campbell, AL 35581",https://www.landsearch.com/properties/65400-state-route-172-phil-campbell-al-35581/4770277,,,1.0,0.796,0.575,0.5,0.5
321,0.6562,True,landwatch,425242297,KY,Wayne,201.0,341700.0,1700.0,"Monticello, KY, 42633, Wayne County",https://www.landwatch.com/wayne-county-kentucky-recreational-property-for-sale/pid/425242297,,,1.0,0.607,0.717,0.5,0.5
322,0.6561,True,landwatch,425448534,NY,Queens,1250.0,1045000.0,836.0,"East Elmhurst, NY, 11370, Queens County",https://www.landwatch.com/queens-county-new-york-homes-for-sale/pid/425448534,,,1.0,0.414,0.861,0.5,0.5
323,0.656,True,landwatch,419168188,NE,Hayes,917.0,1595000.0,1739.37,"Palisade, NE, 69040, Hayes County",https://www.landwatch.com/hayes-county-nebraska-farms-and-ranches-for-sale/pid/419168188,,,1.0,0.615,0.71,0.5,0.5
324,0.6555,True,landwatch,425062740,PA,Tioga,505.0,1300000.0,2574.26,"Westfield, PA, 16950, Tioga County",https://www.landwatch.com/tioga-county-pennsylvania-recreational-property-for-sale/pid/425062740,,,1.0,0.798,0.571,0.5,0.5
325,0.655,True,landwatch,424682871,KY,Morgan,225.0,549900.0,2444.0,"West Liberty, KY, 41472, Morgan County",https://www.landwatch.com/morgan-county-kentucky-farms-and-ranches-for-sale/pid/424682871,,,1.0,0.767,0.593,0.5,0.5
326,0.655,True,landwatch,425507911,TN,Henry,240.0,695000.0,2895.83,"Puryear, TN, 38251, Henry County",https://www.landwatch.com/henry-county-tennessee-recreational-property-for-sale/pid/425507911,,,1.0,0.867,0.517,0.5,0.5
327,0.6549,True,landwatch,425227467,NY,Fulton,209.0,411000.0,1966.51,"Northville, NY, 12134, Fulton County",https://www.landwatch.com/fulton-county-new-york-recreational-property-for-sale/pid/425227467,,,1.0,0.66,0.672,0.5,0.5
328,0.6548,True,landwatch,422998316,NE,Kimball,662.0,550000.0,830.82,"Kimball, NE, 69145, Kimball County",https://www.landwatch.com/kimball-county-nebraska-farms-and-ranches-for-sale/pid/422998316,,,1.0,0.407,0.862,0.5,0.5
329,0.6548,True,landwatch,426088291,OK,Pittsburg,478.0,1338400.0,2800.0,"Quinton, OK, 74561, Pittsburg County",https://www.landwatch.com/pittsburg-county-oklahoma-farms-and-ranches-for-sale/pid/426088291,,,1.0,0.845,0.533,0.5,0.5
330,0.6548,True,landandfarm,38907357,MS,Choctaw,250.0,800000.0,3200.0,"Ackerman, MS, 39735",https://www.landandfarm.com/property/choctaw-250-38907357/,,,1.0,0.933,0.467,0.5,0.5
331,0.6546,True,landwatch,426354923,MS,Pearl River,415.0,913000.0,2200.0,"Picayune, MS, 39466, Pearl River County",https://www.landwatch.com/pearl-river-county-mississippi-recreational-property-for-sale/pid/426354923,,,1.0,0.71,0.633,0.5,0.5
332,0.6545,True,landwatch,425429039,WI,Iron,400.0,823000.0,2057.5,"Hurley, WI, 54534, Iron County",https://www.landwatch.com/iron-county-wisconsin-timberland-property-for-sale/pid/425429039,,,1.0,0.678,0.657,0.5,0.5
333,0.6545,True,landsearch,4834971,OK,Pittsburg,467.0,1261494.0,2701.27,"McAlester, OK 74501",https://www.landsearch.com/properties/hooser-rd-mcalester-ok-74501/4834971,,,1.0,0.821,0.55,0.5,0.5
334,0.6545,True,landwatch,426485136,MS,Monroe,446.0,1115000.0,2500.0,"Caledonia, MS, 39740, Monroe County",https://www.landwatch.com/monroe-county-mississippi-recreational-property-for-sale/pid/426485136,,,1.0,0.776,0.583,0.5,0.5
335,0.6544,True,landwatch,423877316,KS,Logan,312.0,607425.0,1946.88,"Oakley, KS, 67748, Logan County",https://www.landwatch.com/logan-county-kansas-farms-and-ranches-for-sale/pid/423877316,,,1.0,0.653,0.676,0.5,0.5
336,0.654,True,landwatch,425315531,WI,Wood,240.0,699900.0,2916.25,"Wisconsin Rapids, WI, 54495, Wood County",https://www.landwatch.com/wood-county-wisconsin-undeveloped-land-for-sale/pid/425315531,,,1.0,0.867,0.514,0.5,0.5
337,0.654,True,landwatch,426500015,AL,Washington,240.0,699900.0,2916.25,"Deer Park, AL, 36529, Washington County",https://www.landwatch.com/washington-county-alabama-timberland-property-for-sale/pid/426500015,,,1.0,0.867,0.514,0.5,0.5
338,0.6538,True,landandfarm,41218572,KS,Cheyenne,800.0,1086000.0,1357.5,"Saint Francis, KS, 67756",https://www.landandfarm.com/property/800-acres-cropland-grass-w-gas-production-cheyenne-county-kansas-41218572/,,,1.0,0.519,0.774,0.5,0.5
339,0.6538,True,landwatch,426334191,NY,Schoharie,295.0,729000.0,2471.19,"Warnerville, NY, 12187, Schoharie County",https://www.landwatch.com/schoharie-county-new-york-undeveloped-land-for-sale/pid/426334191,,,1.0,0.767,0.588,0.5,0.5
340,0.6537,True,landwatch,426528484,VA,Nottoway,269.0,875000.0,3252.79,"Burkeville, VA, 23922, Nottoway County",https://www.landwatch.com/nottoway-county-virginia-recreational-property-for-sale/pid/426528484,,,1.0,0.94,0.458,0.5,0.5
341,0.6536,True,landwatch,422552623,KS,Barber,418.0,940500.0,2250.0,"Medicine Lodge, KS, 67104, Barber County",https://www.landwatch.com/barber-county-kansas-recreational-property-for-sale/pid/422552623,,,1.0,0.717,0.625,0.5,0.5
342,0.6536,True,landsearch,5048896,VA,Charlotte,267.0,885000.0,3314.61,"Phenix, VA",https://www.landsearch.com/properties/phenix-va/5048896,,,1.0,0.953,0.448,0.5,0.5
343,0.6535,True,landsearch,4962463,AL,Etowah,254.0,849900.0,3346.06,"Rockledge, AL 35954",https://www.landsearch.com/properties/mccrane-farm-rockledge-al-35954/4962463,,,1.0,0.96,0.442,0.5,0.5
344,0.6535,True,landwatch,423906310,NY,Jefferson,307.0,649900.0,2116.94,"Clayton, NY, 13624, Jefferson County",https://www.landwatch.com/jefferson-county-new-york-farms-and-ranches-for-sale/pid/423906310,,,1.0,0.687,0.647,0.5,0.5
345,0.6535,True,landwatch,425161474,NY,Chautauqua,307.0,649900.0,2116.94,"Forestville, NY, 14062, Chautauqua County",https://www.landwatch.com/chautauqua-county-new-york-farms-and-ranches-for-sale/pid/425161474,,,1.0,0.687,0.647,0.5,0.5
346,0.6534,True,landwatch,425834382,NY,Steuben,551.0,1200000.0,2177.86,"Canisteo, NY, 14823, Steuben County",https://www.landwatch.com/steuben-county-new-york-recreational-property-for-sale/pid/425834382,,,1.0,0.7,0.637,0.5,0.5
347,0.6532,True,landwatch,424838406,NE,Blaine,1007.0,1800000.0,1787.49,"Dunning, NE, 68833, Blaine County",https://www.landwatch.com/blaine-county-nebraska-farms-and-ranches-for-sale/pid/424838406,,,1.0,0.612,0.702,0.5,0.5
348,0.653,True,landwatch,425966133,MI,Delta,200.0,347500.0,1737.5,"Perkins, MI, 49872, Delta County",https://www.landwatch.com/delta-county-michigan-undeveloped-land-for-sale/pid/425966133,,,1.0,0.6,0.71,0.5,0.5
349,0.653,True,landwatch,422697692,NC,Edgecombe,357.0,599000.0,1677.87,"Whitakers, NC, 27891, Edgecombe County",https://www.landwatch.com/edgecombe-county-north-carolina-recreational-property-for-sale/pid/422697692,,,1.0,0.587,0.72,0.5,0.5
350,0.6526,True,landwatch,426038168,KS,Kiowa,314.0,604738.0,1925.92,"Greensburg, KS, 67054, Kiowa County",https://www.landwatch.com/kiowa-county-kansas-farms-and-ranches-for-sale/pid/426038168,,,1.0,0.64,0.679,0.5,0.5
351,0.6525,True,landwatch,425414200,WI,Oneida,400.0,840000.0,2100.0,"Tomahawk, WI, 54487, Oneida County",https://www.landwatch.com/oneida-county-wisconsin-undeveloped-land-for-sale/pid/425414200,,,1.0,0.678,0.65,0.5,0.5
352,0.6525,True,landwatch,426038167,KS,Kiowa,314.0,605143.0,1927.21,"Greensburg, KS, 67054, Kiowa County",https://www.landwatch.com/kiowa-county-kansas-farms-and-ranches-for-sale/pid/426038167,,,1.0,0.64,0.679,0.5,0.5
353,0.6525,True,landwatch,426554200,MS,Attala,200.0,349500.0,1747.5,"Ethel, MS, 39067, Attala County",https://www.landwatch.com/attala-county-mississippi-recreational-property-for-sale/pid/426554200,,,1.0,0.6,0.709,0.5,0.5
354,0.6525,True,landwatch,425972241,NE,Box Butte,639.0,864000.0,1352.11,"Hemingford, NE, 69348",https://www.landwatch.com/box-butte-county-nebraska-recreational-property-for-sale/pid/425972241,,,1.0,0.512,0.775,0.5,0.5
355,0.6518,True,landwatch,425803759,NE,Red Willow,413.0,925000.0,2239.71,"Indianola, NE, 69034, Red Willow County",https://www.landwatch.com/red-willow-county-nebraska-farms-and-ranches-for-sale/pid/425803759,,,1.0,0.706,0.627,0.5,0.5
356,0.6515,True,landwatch,426122543,MS,Pontotoc,489.0,1375000.0,2811.86,"Thaxton, MS, 38871, Pontotoc County",https://www.landwatch.com/pontotoc-county-mississippi-farms-and-ranches-for-sale/pid/426122543,,,1.0,0.832,0.531,0.5,0.5
357,0.6511,True,landwatch,425596874,NE,Knox,256.0,885000.0,3457.03,"Verdel, NE, 68760, Knox County",https://www.landwatch.com/knox-county-nebraska-recreational-property-for-sale/pid/425596874,,,1.0,0.973,0.424,0.5,0.5
358,0.651,True,landwatch,424426897,AL,Monroe,236.0,674500.0,2858.05,"Frisco City, AL, 36445, Monroe County",https://www.landwatch.com/monroe-county-alabama-recreational-property-for-sale/pid/424426897,,,1.0,0.84,0.524,0.5,0.5
359,0.6508,True,landwatch,419990470,NY,Montgomery,395.0,825000.0,2088.61,"Fort Ann, NY, 12827, Montgomery County",https://www.landwatch.com/montgomery-county-new-york-land-for-sale/pid/419990470,,,1.0,0.668,0.652,0.5,0.5
360,0.6502,True,landwatch,425177887,GA,Ware,250.0,823750.0,3295.0,"Manor, GA, 31550, Ware County",https://www.landwatch.com/ware-county-georgia-recreational-property-for-sale/pid/425177887,,,1.0,0.933,0.451,0.5,0.5
361,0.6501,True,landwatch,424877148,OK,Dewey,400.0,860000.0,2150.0,"Putnam, OK, 73659, Dewey County",https://www.landwatch.com/dewey-county-oklahoma-farms-and-ranches-for-sale/pid/424877148,,,1.0,0.678,0.642,0.5,0.5
362,0.6501,True,landsearch,5086384,KS,Graham,519.0,1325000.0,2552.99,"Damar, KS 67632",https://www.landsearch.com/properties/l-rd-damar-ks-67632/5086384,,,1.0,0.768,0.575,0.5,0.5
363,0.65,True,landsearch,5181184,OK,Harper,320.0,576000.0,1800.0,"Laverne, OK 73848",https://www.landsearch.com/properties/laverne-ok-73848/5181184,,,1.0,0.6,0.7,0.5,0.5
364,0.65,True,landwatch,423093485,AL,Randolph,280.0,840104.0,3000.37,"Wadley, AL, 36278, Randolph County",https://www.landwatch.com/randolph-county-alabama-recreational-property-for-sale/pid/423093485,,,1.0,0.867,0.5,0.5,0.5
365,0.6499,True,landwatch,426418033,KY,Adair,283.0,824000.0,2911.66,"Elk Horn, KY, 42728, Adair County",https://www.landwatch.com/adair-county-kentucky-undeveloped-land-for-sale/pid/426418033,,,1.0,0.847,0.515,0.5,0.5
366,0.6498,True,landandfarm,38106118,AR,Lincoln,272.0,882375.0,3244.03,"Cornerville, AR, 71667",https://www.landandfarm.com/property/271-5-acres-in-lincoln-county-arkansas-pasture-timber-and-opportunity-38106118/,,,1.0,0.92,0.459,0.5,0.5
367,0.6496,True,landwatch,425804289,VA,Charlotte,250.0,827000.0,3308.0,"Phenix, VA, 23945, Charlotte County",https://www.landwatch.com/charlotte-county-virginia-recreational-property-for-sale/pid/425804289,,,1.0,0.933,0.449,0.5,0.5
368,0.6496,True,landwatch,426255753,TN,Putnam,331.0,496500.0,1500.0,"Baxter, TN, 38544, Putnam County",https://www.landwatch.com/putnam-county-tennessee-farms-and-ranches-for-sale/pid/426255753,,,1.0,0.531,0.75,0.5,0.5
369,0.6494,True,landwatch,421911361,MO,New Madrid,433.0,1075000.0,2482.68,"Portageville, MO, 63873, New Madrid County",https://www.landwatch.com/new-madrid-county-missouri-hunting-property-for-sale/pid/421911361,,,1.0,0.749,0.586,0.5,0.5
370,0.6493,True,landwatch,421489722,OK,Latimer,393.0,825300.0,2100.0,"Red Oak, OK, 74563, Latimer County",https://www.landwatch.com/latimer-county-oklahoma-farms-and-ranches-for-sale/pid/421489722,,,1.0,0.663,0.65,0.5,0.5
371,0.6491,True,landwatch,424993976,MN,Lake Of The Woods,400.0,869000.0,2172.5,"Baudette, MN, 56623, Lake of the Woods County",https://www.landwatch.com/lake-of-the-woods-county-minnesota-farms-and-ranches-for-sale/pid/424993976,,,1.0,0.678,0.638,0.5,0.5
372,0.6489,True,landwatch,426196152,MN,Koochiching,235.0,675000.0,2872.34,"Littlefork, MN, 56653, Koochiching County",https://www.landwatch.com/koochiching-county-minnesota-recreational-property-for-sale/pid/426196152,,,1.0,0.833,0.521,0.5,0.5
373,0.6488,True,landwatch,425597001,KY,Trigg,263.0,929900.0,3535.74,"Cadiz, KY, 42211, Trigg County",https://www.landwatch.com/trigg-county-kentucky-recreational-property-for-sale/pid/425597001,,,1.0,0.98,0.411,0.5,0.5
374,0.6487,True,landwatch,426469810,GA,Wheeler,449.0,1190000.0,2650.33,"Lumber City, GA, 31549, Wheeler County",https://www.landwatch.com/wheeler-county-georgia-recreational-property-for-sale/pid/426469810,,,1.0,0.783,0.558,0.5,0.5
375,0.6486,True,landwatch,418853949,TN,Benton,227.0,599000.0,2638.77,"Holladay, TN, 38341, Benton County",https://www.landwatch.com/benton-county-tennessee-farms-and-ranches-for-sale/pid/418853949,,,1.0,0.78,0.56,0.5,0.5
376,0.6484,True,landwatch,425411186,WI,Oneida,391.0,821000.0,2099.74,"Tomahawk, WI, 54487, Oneida County",https://www.landwatch.com/oneida-county-wisconsin-undeveloped-land-for-sale/pid/425411186,,,1.0,0.659,0.65,0.5,0.5
377,0.6483,True,landandfarm,38736324,MO,Iron,297.0,749999.0,2525.25,"Annapolis, MO, 63670",https://www.landandfarm.com/property/ozark-wilderness-retreat-38736324/,,,1.0,0.753,0.579,0.5,0.5
378,0.6483,True,landwatch,425474871,MO,Wayne,240.0,728700.0,3036.25,"Hiram, MO, 63944, Wayne County",https://www.landwatch.com/wayne-county-missouri-farms-and-ranches-for-sale/pid/425474871,,,1.0,0.867,0.494,0.5,0.5
379,0.6483,True,landwatch,423524015,AR,Dallas,380.0,759000.0,1997.37,"Sparkman, AR, 71763, Dallas County",https://www.landwatch.com/dallas-county-arkansas-farms-and-ranches-for-sale/pid/423524015,,,1.0,0.636,0.667,0.5,0.5
380,0.6481,True,landwatch,424266736,OH,Scioto,242.0,750000.0,3099.17,"Otway, OH, 45657, Scioto County",https://www.landwatch.com/scioto-county-ohio-recreational-property-for-sale/pid/424266736,,,1.0,0.88,0.483,0.5,0.5
381,0.648,True,landwatch,425752118,OH,Scioto,232.0,649900.0,2801.29,"Mcdermott, OH, 45652, Scioto County",https://www.landwatch.com/scioto-county-ohio-recreational-property-for-sale/pid/425752118,,,1.0,0.813,0.533,0.5,0.5
382,0.648,True,landwatch,424011592,MN,Aitkin,210.0,449900.0,2142.38,"McGrath, MN, 56350, Aitkin County",https://www.landwatch.com/aitkin-county-minnesota-undeveloped-land-for-sale/pid/424011592,,,1.0,0.667,0.643,0.5,0.5
383,0.6476,True,landandfarm,41013553,VA,King and Queen,219.0,530000.0,2420.09,"King And Queen Court House, VA, 23085",https://www.landandfarm.com/property/land-king-and-queen-court-house-va-41013553/,,,1.0,0.727,0.597,0.5,0.5
384,0.6475,True,landwatch,424747417,AR,Madison,260.0,949500.0,3651.92,"Huntsville, AR, 72748, Madison County",https://www.landwatch.com/madison-county-arkansas-recreational-property-for-sale/pid/424747417,,,1.0,1.0,0.391,0.5,0.5
385,0.6474,True,landandfarm,38551097,AR,Randolph,290.0,799000.0,2755.17,"Ravenden, AR, 72459",https://www.landandfarm.com/property/turn-key-290-acre-hunting-paradise-in-the-ozarks-38551097/,,,1.0,0.8,0.541,0.5,0.5
386,0.647,True,landwatch,425586677,AL,Jackson,426.0,1050000.0,2464.79,"Bryant, AL, 35958, Jackson County",https://www.landwatch.com/jackson-county-alabama-recreational-property-for-sale/pid/425586677,,,1.0,0.734,0.589,0.5,0.5
387,0.6469,True,landwatch,426360429,OH,Meigs,234.0,675000.0,2884.62,"Rutland, OH, 45775, Meigs County",https://www.landwatch.com/meigs-county-ohio-recreational-property-for-sale/pid/426360429,,,1.0,0.827,0.519,0.5,0.5
388,0.6464,True,landwatch,423183382,SD,Meade,320.0,600000.0,1875.0,"Union Center, SD, 57737, Meade County",https://www.landwatch.com/meade-county-south-dakota-farms-and-ranches-for-sale/pid/423183382,,,1.0,0.6,0.688,0.5,0.5
389,0.6461,True,landwatch,425929403,TX,Val Verde,360.0,666407.0,1851.13,"Sonora, TX, 76950, Val Verde County",https://www.landwatch.com/val-verde-county-texas-recreational-property-for-sale/pid/425929403,,,1.0,0.593,0.691,0.5,0.5
390,0.6457,True,landwatch,425671401,MS,Newton,212.0,477000.0,2250.0,"Decatur, MS, 39327, Newton County",https://www.landwatch.com/newton-county-mississippi-recreational-property-for-sale/pid/425671401,,,1.0,0.68,0.625,0.5,0.5
391,0.6453,True,landwatch,425341720,OK,Pittsburg,426.0,1065000.0,2500.0,"Quinton, OK, 74561, Pittsburg County",https://www.landwatch.com/pittsburg-county-oklahoma-farms-and-ranches-for-sale/pid/425341720,,,1.0,0.734,0.583,0.5,0.5
392,0.645,True,landwatch,423124647,TN,Polk,312.0,669000.0,2144.23,"Farner, TN, 37333, Polk County",https://www.landwatch.com/polk-county-tennessee-recreational-property-for-sale/pid/423124647,,,1.0,0.653,0.643,0.5,0.5
393,0.6445,True,landwatch,423832517,AL,Coosa,256.0,920482.0,3595.63,"Equality, AL, 36026, Coosa County",https://www.landwatch.com/coosa-county-alabama-recreational-property-for-sale/pid/423832517,,,1.0,0.973,0.401,0.5,0.5
394,0.644,True,landwatch,422867893,SD,Meade,240.0,750000.0,3125.0,"Union Center, SD, 57787, Meade County",https://www.landwatch.com/meade-county-south-dakota-farms-and-ranches-for-sale/pid/422867893,,,1.0,0.867,0.479,0.5,0.5
395,0.644,True,landwatch,423993892,NE,Custer,756.0,1060000.0,1402.12,"Arnold, NE, 69120, Custer County",https://www.landwatch.com/custer-county-nebraska-farms-and-ranches-for-sale/pid/423993892,,,1.0,0.484,0.766,0.5,0.5
396,0.644,True,landwatch,426269275,NY,Chautauqua,239.0,740000.0,3096.23,"Charlotte, NY, 14782, Chautauqua County",https://www.landwatch.com/chautauqua-county-new-york-recreational-property-for-sale/pid/426269275,,,1.0,0.86,0.484,0.5,0.5
397,0.644,True,landwatch,425405318,MI,Presque Isle,687.0,789999.0,1149.93,"Rogers City, MI, 49779, Presque Isle County",https://www.landwatch.com/presque-isle-county-michigan-undeveloped-land-for-sale/pid/425405318,,,1.0,0.427,0.808,0.5,0.5
398,0.644,True,landandfarm,39178313,MS,Hancock,827.0,1375000.0,1662.64,"Bay Saint Louis, MS, 39520",https://www.landandfarm.com/property/large-hunting-and-recreational-property-near-the-coast-with-duck-deer-hog-39178313/,,,1.0,0.541,0.723,0.5,0.5
399,0.6439,True,landwatch,426631418,KS,Kiowa,235.0,700000.0,2978.72,"Haviland, KS, 67059, Kiowa County",https://www.landwatch.com/kiowa-county-kansas-farms-and-ranches-for-sale/pid/426631418,,,1.0,0.833,0.504,0.5,0.5
400,0.6437,True,landwatch,422790210,GA,Jones,285.0,850000.0,2982.46,"Gray, GA, 31032, Jones County",https://www.landwatch.com/jones-county-georgia-farms-and-ranches-for-sale/pid/422790210,,,1.0,0.833,0.503,0.5,0.5
401,0.6433,True,landandfarm,39802148,KS,Edwards,298.0,774800.0,2600.0,"Kinsley, KS, 67547",https://www.landandfarm.com/property/half-section-prime-crop-land-39802148/,,,1.0,0.747,0.567,0.5,0.5
402,0.6433,True,landwatch,426467548,MN,Grant,281.0,874000.0,3110.32,"Herman, MN, 56248, Grant County",https://www.landwatch.com/grant-county-minnesota-farms-and-ranches-for-sale/pid/426467548,,,1.0,0.86,0.482,0.5,0.5
403,0.6429,True,landwatch,426021867,NE,Frontier,384.0,825000.0,2148.44,"Eustis, NE, 69028, Frontier County",https://www.landwatch.com/frontier-county-nebraska-farms-and-ranches-for-sale/pid/426021867,,,1.0,0.644,0.642,0.5,0.5
404,0.6429,True,landwatch,425099457,KY,Laurel,285.0,855000.0,3000.0,"London, KY, 40741, Laurel County",https://www.landwatch.com/laurel-county-kentucky-recreational-property-for-sale/pid/425099457,,,1.0,0.833,0.5,0.5,0.5
405,0.6424,True,landandfarm,40731141,MS,Montgomery,379.0,799900.0,2110.55,"Winona, MS, 38967",https://www.landandfarm.com/property/montgomery-379-40731141/,,,1.0,0.634,0.648,0.5,0.5
406,0.6424,True,landsearch,4990876,NE,Hitchcock,317.0,650000.0,2050.47,"Stratton, NE 69043",https://www.landsearch.com/properties/stratton-ne-69043/4990876,,,1.0,0.62,0.658,0.5,0.5
407,0.6423,True,landsearch,5204325,TX,Hardin,523.0,1400594.0,2678.0,"Saratoga, TX",https://www.landsearch.com/properties/saratoga-tx/5204325,,,1.0,0.759,0.554,0.5,0.5
408,0.6422,True,landwatch,425281094,AR,Pulaski,278.0,896000.0,3223.02,"Little Rock, AR, 72206, Pulaski County",https://www.landwatch.com/pulaski-county-arkansas-recreational-property-for-sale/pid/425281094,,,1.0,0.88,0.463,0.5,0.5
409,0.6422,True,landwatch,420375745,TN,Scott,813.0,1340938.0,1649.37,"Winfield, TN, 37892, Scott County",https://www.landwatch.com/scott-county-tennessee-recreational-property-for-sale/pid/420375745,,,1.0,0.53,0.725,0.5,0.5
410,0.642,True,landwatch,426631432,WI,Douglas,320.0,629900.0,1968.44,"Danbury, WI, 54830, Douglas County",https://www.landwatch.com/douglas-county-wisconsin-farms-and-ranches-for-sale/pid/426631432,,,1.0,0.6,0.672,0.5,0.5
411,0.642,True,landwatch,425627354,OH,Clark,328.0,534900.0,1630.79,"Springfield, OH, 45505, Clark County",https://www.landwatch.com/clark-county-ohio-homes-for-sale/pid/425627354,,,1.0,0.525,0.728,0.5,0.5
412,0.6417,True,landwatch,421035837,MS,Monroe,411.0,999702.0,2432.36,"Greenwood Springs, MS, 38848, Monroe County",https://www.landwatch.com/monroe-county-mississippi-timberland-property-for-sale/pid/421035837,,,1.0,0.702,0.595,0.5,0.5
413,0.6416,True,landwatch,424013632,KY,Cumberland,386.0,847000.0,2194.3,"Burkesville, KY, 42717, Cumberland County",https://www.landwatch.com/cumberland-county-kentucky-recreational-property-for-sale/pid/424013632,,,1.0,0.649,0.634,0.5,0.5
414,0.6414,True,landwatch,423480565,AR,Nevada,1230.0,1500000.0,1219.51,"Prescott, AR, 71857, Nevada County",https://www.landwatch.com/nevada-county-arkansas-farms-and-ranches-for-sale/pid/423480565,,,1.0,0.431,0.797,0.5,0.5
415,0.6413,True,landwatch,426170458,AL,Winston,386.0,849500.0,2200.78,"Haleyville, AL, 35565, Winston County",https://www.landwatch.com/winston-county-alabama-recreational-property-for-sale/pid/426170458,,,1.0,0.649,0.633,0.5,0.5
416,0.6409,True,landwatch,425460490,NC,Jones,530.0,1400000.0,2641.51,"Maysville, NC, 28555, Jones County",https://www.landwatch.com/jones-county-north-carolina-recreational-property-for-sale/pid/425460490,,,1.0,0.744,0.56,0.5,0.5
417,0.6408,True,landwatch,424428550,MS,Winston,212.0,499000.0,2353.77,"Louisville, MS, 39339, Winston County",https://www.landwatch.com/winston-county-mississippi-recreational-property-for-sale/pid/424428550,,,1.0,0.68,0.608,0.5,0.5
418,0.6407,True,landwatch,423050733,MO,Carter,385.0,849000.0,2205.19,"Van Buren, MO, 63965, Carter County",https://www.landwatch.com/carter-county-missouri-farms-and-ranches-for-sale/pid/423050733,,,1.0,0.646,0.632,0.5,0.5
419,0.6406,True,landandfarm,38698541,AR,Searcy,222.0,589900.0,2657.21,"Marshall, AR, 72650",https://www.landandfarm.com/property/rugged-ozarks-wilderness-with-elk-bear-and-deer-near-snowball-ar-38698541/,,,1.0,0.747,0.557,0.5,0.5
420,0.6406,True,landwatch,424737662,AR,Fulton,250.0,874500.0,3498.0,"Viola, AR, 72583, Fulton County",https://www.landwatch.com/fulton-county-arkansas-recreational-property-for-sale/pid/424737662,,,1.0,0.933,0.417,0.5,0.5
421,0.6405,True,landsearch,5139785,AR,Stone,200.0,400000.0,2000.0,"Fox, AR 72051",https://www.landsearch.com/properties/jimmy-creek-rd-fox-ar-72051/5139785,,,1.0,0.6,0.667,0.5,0.5
422,0.6405,True,landwatch,423945735,WI,Oneida,200.0,400000.0,2000.0,"Rhinelander, WI, 54501, Oneida County",https://www.landwatch.com/oneida-county-wisconsin-undeveloped-land-for-sale/pid/423945735,,,1.0,0.6,0.667,0.5,0.5
423,0.6405,True,landwatch,421555585,MI,Marquette,320.0,640000.0,2000.0,"Ishpeming, MI, 49855, Marquette County",https://www.landwatch.com/marquette-county-michigan-recreational-property-for-sale/pid/421555585,,,1.0,0.6,0.667,0.5,0.5
424,0.6404,True,landwatch,426101252,TN,Fentress,243.0,799900.0,3291.77,"Jamestown, TN, 38556, Fentress County",https://www.landwatch.com/fentress-county-tennessee-recreational-property-for-sale/pid/426101252,,,1.0,0.887,0.451,0.5,0.5
425,0.6401,True,landwatch,423140113,KS,Graham,319.0,650000.0,2037.62,"Palco, KS, 67657, Graham County",https://www.landwatch.com/graham-county-kansas-farms-and-ranches-for-sale/pid/423140113,,,1.0,0.607,0.66,0.5,0.5
426,0.6395,True,landwatch,424252719,KY,Jackson,757.0,1135000.0,1499.34,"Foxtown, KY, 40447, Jackson County",https://www.landwatch.com/jackson-county-kentucky-undeveloped-land-for-sale/pid/424252719,,,1.0,0.484,0.75,0.5,0.5
427,0.6395,True,landwatch,424104841,KY,Cumberland,600.0,1200000.0,2000.0,"Burkesville, KY, 42717, Cumberland County",https://www.landwatch.com/cumberland-county-kentucky-homes-for-sale/pid/424104841,,,1.0,0.595,0.667,0.5,0.5
428,0.6394,True,landwatch,425378520,MO,Laclede,216.0,540400.0,2501.85,"Eldridge, MO, 65463, Laclede County",https://www.landwatch.com/laclede-county-missouri-farms-and-ranches-for-sale/pid/425378520,,,1.0,0.707,0.583,0.5,0.5
429,0.6394,True,landwatch,419186813,TN,Van Buren,1233.0,1541250.0,1250.0,"Sparta, TN, 38583, Van Buren County",https://www.landwatch.com/van-buren-county-tennessee-recreational-property-for-sale/pid/419186813,,,1.0,0.428,0.792,0.5,0.5
430,0.6393,True,landwatch,418650216,AL,Cherokee,200.0,405000.0,2025.0,"Piedmont, AL, 36272, Cherokee County",https://www.landwatch.com/cherokee-county-alabama-recreational-property-for-sale/pid/418650216,,,1.0,0.6,0.662,0.5,0.5
431,0.6392,True,landsearch,3892690,ND,Sargent,960.0,2160000.0,2250.0,"Ludden, ND 58474",https://www.landsearch.com/properties/119th-ave-se-ludden-nd-58474/3892690,,,1.0,0.65,0.625,0.5,0.5
432,0.6391,True,landwatch,423936277,KS,Pawnee,626.0,1100000.0,1757.19,"Rozel, KS, 67574, Pawnee County",https://www.landwatch.com/pawnee-county-kansas-farms-and-ranches-for-sale/pid/423936277,,,1.0,0.54,0.707,0.5,0.5
433,0.639,True,landwatch,421709347,KS,Pawnee,640.0,1040000.0,1625.0,"Nekoma, KS, 67559, Pawnee County",https://www.landwatch.com/pawnee-county-kansas-farms-and-ranches-for-sale/pid/421709347,,,1.0,0.51,0.729,0.5,0.5
434,0.6387,True,landwatch,424338525,VA,Scott,478.0,1499900.0,3137.87,"Bristol, VA, 24202, Scott County",https://www.landwatch.com/scott-county-virginia-homes-for-sale/pid/424338525,,,1.0,0.845,0.477,0.5,0.5
435,0.6385,True,landwatch,426435726,VA,Tazewell,494.0,1500000.0,3036.44,"Tannersville, VA, 24377, Tazewell County",https://www.landwatch.com/tazewell-county-virginia-farms-and-ranches-for-sale/pid/426435726,,,1.0,0.821,0.494,0.5,0.5
436,0.6383,True,landwatch,425263834,SD,Perkins,880.0,1738000.0,1975.0,"Lodgepole, SD, 57640, Perkins County",https://www.landwatch.com/perkins-county-south-dakota-farms-and-ranches-for-sale/pid/425263834,,,1.0,0.584,0.671,0.5,0.5
437,0.6382,True,landwatch,424072375,NE,Dawes,1319.0,2998087.0,2273.0,"Crawford, NE 69339",https://www.landwatch.com/dawes-county-nebraska-farms-and-ranches-for-sale/pid/424072375,,,1.0,0.65,0.621,0.5,0.5
438,0.6381,True,landwatch,423986024,MS,George,749.0,1123500.0,1500.0,"Lucedale, MS, 39452, George County",https://www.landwatch.com/george-county-mississippi-recreational-property-for-sale/pid/423986024,,,1.0,0.478,0.75,0.5,0.5
439,0.6381,True,landsearch,5220762,AL,Jefferson,280.0,910000.0,3250.0,"Graysville, AL 35062",https://www.landsearch.com/properties/6051-bibby-brickyard-rd-graysville-al-35062/5220762,,,1.0,0.867,0.458,0.5,0.5
440,0.638,True,landwatch,420688283,AR,Searcy,530.0,1432134.0,2702.14,"Snowball, AR, 72650, Searcy County",https://www.landwatch.com/searcy-county-arkansas-recreational-property-for-sale/pid/420688283,,,1.0,0.744,0.55,0.5,0.5
441,0.6379,True,landandfarm,38470168,KY,Morgan,644.0,722000.0,1121.12,"West Liberty, KY, 41472",https://www.landandfarm.com/property/644-acres-of-premium-hunting-and-recreational-paradise-in-morgan-county-ky-38470168/,,,1.0,0.392,0.813,0.5,0.5
442,0.6378,True,landwatch,425935595,AL,Wilcox,292.0,845657.0,2896.09,"Pine Apple, AL, 36768, Wilcox County",https://www.landwatch.com/wilcox-county-alabama-recreational-property-for-sale/pid/425935595,,,1.0,0.787,0.517,0.5,0.5
443,0.6378,True,landwatch,420961017,AR,Newton,232.0,699900.0,3016.81,"Compton, AR, 72624, Newton County",https://www.landwatch.com/newton-county-arkansas-farms-and-ranches-for-sale/pid/420961017,,,1.0,0.813,0.497,0.5,0.5
444,0.6376,True,landwatch,426600100,NC,Ashe,262.0,995600.0,3800.0,"Glendale Springs, NC, 28640, Ashe County",https://www.landwatch.com/ashe-county-north-carolina-timberland-property-for-sale/pid/426600100,,,1.0,0.987,0.367,0.5,0.5
445,0.6376,True,landwatch,426679379,NC,Wilkes,262.0,995600.0,3800.0,"Millers Creek, NC, 28651, Wilkes County",https://www.landwatch.com/wilkes-county-north-carolina-recreational-property-for-sale/pid/426679379,,,1.0,0.987,0.367,0.5,0.5
446,0.6375,True,landsearch,5145115,ND,Adams,320.0,660000.0,2062.5,"Petrel, ND 57638",https://www.landsearch.com/properties/petrel-nd-57638/5145115,,,1.0,0.6,0.656,0.5,0.5
447,0.6375,True,landandfarm,7004584,AL,Clarke,620.0,1147000.0,1850.0,"Jackson, AL, 36545",https://www.landandfarm.com/property/tombigbee-river-upper-state-game-sanctuary-tract-7004584/,,,1.0,0.553,0.692,0.5,0.5
448,0.6372,True,landwatch,426343486,KS,Harper,457.0,1356970.0,2969.3,"Anthony, KS, 67003, Harper County",https://www.landwatch.com/harper-county-kansas-farms-and-ranches-for-sale/pid/426343486,,,1.0,0.8,0.505,0.5,0.5
449,0.637,True,landandfarm,32057236,AR,Scott,215.0,542500.0,2523.26,"Waldron, AR, 72958",https://www.landandfarm.com/property/hinkle-lake-215-32057236/,,,1.0,0.7,0.579,0.5,0.5
450,0.6369,True,landwatch,426383676,VA,King And Queen,213.0,525000.0,2464.79,"Mascot, VA, 23108, King and Queen County",https://www.landwatch.com/king-and-queen-county-virginia-undeveloped-land-for-sale/pid/426383676,,,1.0,0.687,0.589,0.5,0.5
451,0.6369,True,landwatch,426500014,AL,Lamar,240.0,786000.0,3275.0,"Millport, AL, 35576, Lamar County",https://www.landwatch.com/lamar-county-alabama-recreational-property-for-sale/pid/426500014,,,1.0,0.867,0.454,0.5,0.5
452,0.6367,True,landwatch,421911360,MO,New Madrid,234.0,725400.0,3100.0,"Portageville, MO, 63873, New Madrid County",https://www.landwatch.com/new-madrid-county-missouri-hunting-property-for-sale/pid/421911360,,,1.0,0.827,0.483,0.5,0.5
453,0.6362,True,landwatch,425732448,KS,Mcpherson,513.0,1489000.0,2902.53,"Windom, KS, 67491, McPherson County",https://www.landwatch.com/mcpherson-county-kansas-farms-and-ranches-for-sale/pid/425732448,,,1.0,0.781,0.516,0.5,0.5
454,0.6359,True,landandfarm,39082788,MS,Webster,509.0,1500315.0,2947.57,"Eupora, MS, 39744",https://www.landandfarm.com/property/webster-choctaw-big-black-river-hunting-timber-tract-508-acres-39082788/,,,1.0,0.789,0.509,0.5,0.5
455,0.6358,True,landsearch,5129831,KS,Pawnee,610.0,1208000.0,1980.33,"Burdett, KS 67523",https://www.landsearch.com/properties/burdett-ks-67523/5129831,,,1.0,0.574,0.67,0.5,0.5
456,0.6358,True,landwatch,418431006,OK,Pittsburg,405.0,1012500.0,2500.0,"hrs. S. of Tulsa, OK",https://www.landwatch.com/pittsburg-county-oklahoma-farms-and-ranches-for-sale/pid/418431006,,,1.0,0.689,0.583,0.5,0.5
457,0.6357,True,landsearch,5038989,OK,Latimer,320.0,672000.0,2100.0,"Red Oak, OK 74578",https://www.landsearch.com/properties/1-se-110th-rd-red-oak-ok-74578/5038989,,,1.0,0.6,0.65,0.5,0.5
458,0.6355,True,landwatch,426109142,SD,Perkins,315.0,710000.0,2253.97,"Bison, SD, 57620, Perkins County",https://www.landwatch.com/perkins-county-south-dakota-farms-and-ranches-for-sale/pid/426109142,,,1.0,0.633,0.624,0.5,0.5
459,0.6354,True,landwatch,424914832,NC,Robeson,870.0,1740000.0,2000.0,"Lumberton, NC, 28358, Robeson County",https://www.landwatch.com/robeson-county-north-carolina-recreational-property-for-sale/pid/424914832,,,1.0,0.576,0.667,0.5,0.5
460,0.6354,True,landsearch,5222907,MS,Tippah,292.0,860500.0,2946.92,"Tiplersville, MS 38674",https://www.landsearch.com/properties/2-county-road-204-tiplersville-ms-38674/5222907,,,1.0,0.787,0.509,0.5,0.5
461,0.6351,True,landwatch,425904449,NY,Kings,367.0,789000.0,2149.86,"Brooklyn, NY, 11234, Kings County",https://www.landwatch.com/kings-county-new-york-homes-for-sale/pid/425904449,,,1.0,0.608,0.642,0.5,0.5
462,0.6349,True,landwatch,425042580,AR,Stone,432.0,1200000.0,2777.78,"Mountain View, AR, 72560, Stone County",https://www.landwatch.com/stone-county-arkansas-farms-and-ranches-for-sale/pid/425042580,,,1.0,0.747,0.537,0.5,0.5
463,0.6346,True,landwatch,425964345,MO,Wayne,428.0,1175000.0,2745.33,"Piedmont, MO, 63957, Wayne County",https://www.landwatch.com/wayne-county-missouri-farms-and-ranches-for-sale/pid/425964345,,,1.0,0.738,0.542,0.5,0.5
464,0.6345,True,landwatch,420738159,MI,Marquette,660.0,825000.0,1250.0,"Arnold, MI, 49819, Marquette County",https://www.landwatch.com/marquette-county-michigan-undeveloped-land-for-sale/pid/420738159,,,1.0,0.405,0.792,0.5,0.5
465,0.6344,True,landwatch,426424393,KY,Muhlenberg,266.0,997000.0,3748.12,"Greenville, KY, 42345, Muhlenberg County",https://www.landwatch.com/muhlenberg-county-kentucky-farms-and-ranches-for-sale/pid/426424393,,,1.0,0.96,0.375,0.5,0.5
466,0.6343,True,landandfarm,40427100,KS,Graham,749.0,1183567.0,1580.2,"Bogue, KS, 67625",https://www.landandfarm.com/property/750-acre-graham-county-pasture-crp-40427100/,,,1.0,0.478,0.737,0.5,0.5
467,0.6343,True,landwatch,425746135,MO,Reynolds,204.0,459000.0,2250.0,"Bunker, MO, 63629, Reynolds County",https://www.landwatch.com/reynolds-county-missouri-recreational-property-for-sale/pid/425746135,,,1.0,0.627,0.625,0.5,0.5
468,0.6342,True,landsearch,4992361,KY,Clinton,383.0,889000.0,2321.15,"Albany, KY 42602",https://www.landsearch.com/properties/willis-creek-rd-albany-ky-42602/4992361,,,1.0,0.642,0.613,0.5,0.5
469,0.6337,True,landwatch,421805394,MI,Charlevoix,561.0,1400000.0,2495.54,"Beaver Island, MI, 49782, Charlevoix County",https://www.landwatch.com/charlevoix-county-michigan-undeveloped-land-for-sale/pid/421805394,,,1.0,0.678,0.584,0.5,0.5
470,0.6335,True,landwatch,426659653,AL,Mobile,300.0,824000.0,2746.67,"Chunchula, AL, 36521, Mobile County",https://www.landwatch.com/mobile-county-alabama-recreational-property-for-sale/pid/426659653,,,1.0,0.733,0.542,0.5,0.5
471,0.6333,True,landwatch,425789557,IL,Saline,260.0,1027000.0,3950.0,"Harrisburg, IL, 62946, Saline County",https://www.landwatch.com/saline-county-illinois-recreational-property-for-sale/pid/425789557,,,1.0,1.0,0.342,0.5,0.5
472,0.6332,True,landsearch,5214820,VA,Tazewell,1200.0,1800000.0,1500.0,"Bandy, VA 24602",https://www.landsearch.com/properties/2789-dry-fork-rd-bandy-va-24602/5214820,,,1.0,0.455,0.75,0.5,0.5
473,0.6332,True,landwatch,423959807,OK,Osage,420.0,1132839.0,2697.24,"Hominy, OK, 74035, Osage County",https://www.landwatch.com/osage-county-oklahoma-farms-and-ranches-for-sale/pid/423959807,,,1.0,0.721,0.55,0.5,0.5
474,0.633,True,landwatch,422035915,GA,Chattooga,280.0,939900.0,3356.79,"Summerville, GA, 30747, Chattooga County",https://www.landwatch.com/chattooga-county-georgia-farms-and-ranches-for-sale/pid/422035915,,,1.0,0.867,0.441,0.5,0.5
475,0.633,True,landwatch,422387090,MO,Crawford,278.0,950000.0,3417.27,"Salem, MO, 65560, Crawford County",https://www.landwatch.com/crawford-county-missouri-farms-and-ranches-for-sale/pid/422387090,,,1.0,0.88,0.43,0.5,0.5
476,0.6329,True,landandfarm,35706352,MS,Lauderdale,829.0,1577160.0,1902.48,"Off Peavy Road, LO",https://www.landandfarm.com/property/hunter-s-paradise-and-development-opportunity-35706352/,,,1.0,0.543,0.683,0.5,0.5
477,0.6329,True,landwatch,425959318,NC,Hertford,223.0,635550.0,2850.0,"Cofield, NC, 27922, Hertford County",https://www.landwatch.com/hertford-county-north-carolina-recreational-property-for-sale/pid/425959318,,,1.0,0.753,0.525,0.5,0.5
478,0.6328,True,landwatch,425719266,GA,Jefferson,288.0,899000.0,3121.53,"Avera, GA, 30803, Jefferson County",https://www.landwatch.com/jefferson-county-georgia-farms-and-ranches-for-sale/pid/425719266,,,1.0,0.813,0.48,0.5,0.5
479,0.6327,True,landandfarm,40421890,MO,Wayne,227.0,674900.0,2973.13,"Mill Spring, MO, 63952",https://www.landandfarm.com/property/227-2-acre-farm-in-mill-spring-40421890/,,,1.0,0.78,0.504,0.5,0.5
480,0.6327,True,landwatch,424624783,MO,Dent,244.0,849900.0,3483.2,"Salem, MO, 65560, Dent County",https://www.landwatch.com/dent-county-missouri-farms-and-ranches-for-sale/pid/424624783,,,1.0,0.893,0.419,0.5,0.5
481,0.6327,True,landwatch,426383679,VA,Middlesex,395.0,975000.0,2468.35,"Saluda, VA, 23149, Middlesex County",https://www.landwatch.com/middlesex-county-virginia-undeveloped-land-for-sale/pid/426383679,,,1.0,0.668,0.589,0.5,0.5
482,0.6326,True,landsearch,5077366,NE,Lincoln,1084.0,2100000.0,1937.27,"Brady, NE 69123",https://www.landsearch.com/properties/highway-30-brady-ne-69123/5077366,,,1.0,0.549,0.677,0.5,0.5
483,0.6326,True,landwatch,423674438,MS,Attala,202.0,449500.0,2225.25,"Sallis, MS, 39160, Attala County",https://www.landwatch.com/attala-county-mississippi-undeveloped-land-for-sale/pid/423674438,,,1.0,0.613,0.629,0.5,0.5
484,0.6323,True,landwatch,423684859,KY,Wayne,297.0,850000.0,2861.95,"Monticello, KY, 42633, Wayne County",https://www.landwatch.com/wayne-county-kentucky-farms-and-ranches-for-sale/pid/423684859,,,1.0,0.753,0.523,0.5,0.5
485,0.6318,True,landwatch,423278486,KS,Harper,630.0,1180000.0,1873.02,"Waldron, KS, 67150, Harper County",https://www.landwatch.com/harper-county-kansas-farms-and-ranches-for-sale/pid/423278486,,,1.0,0.531,0.688,0.5,0.5
486,0.6317,True,landandfarm,40137799,AR,Stone,360.0,774900.0,2152.5,"Leslie, AR, 72645",https://www.landandfarm.com/property/epic-hunting-tract-incredibly-private-and-secluded-with-year-round-creeks-40137799/,,,1.0,0.593,0.641,0.5,0.5
487,0.6317,True,landwatch,424086611,NE,Brown,644.0,805000.0,1250.0,"Ainsworth, NE 69210",https://www.landwatch.com/brown-county-nebraska-farms-and-ranches-for-sale/pid/424086611,,,1.0,0.392,0.792,0.5,0.5
488,0.6316,True,landsearch,5058334,KS,Pawnee,313.0,750000.0,2396.17,"Garfield, KS 67529",https://www.landsearch.com/properties/345-county-road-f-garfield-ks-67529/5058334,,,1.0,0.647,0.601,0.5,0.5
489,0.6316,True,landwatch,426435721,PA,Armstrong,448.0,1344000.0,3000.0,"Worthington, PA, 16262, Armstrong County",https://www.landwatch.com/armstrong-county-pennsylvania-recreational-property-for-sale/pid/426435721,,,1.0,0.781,0.5,0.5,0.5
490,0.6316,True,landwatch,424484726,OH,Pike,229.0,700000.0,3056.77,"Lucasville, OH, 45648, Pike County",https://www.landwatch.com/pike-county-ohio-undeveloped-land-for-sale/pid/424484726,,,1.0,0.793,0.491,0.5,0.5
491,0.6316,True,landwatch,421019690,AL,Wilcox,229.0,700000.0,3056.77,"Alberta, AL, 36720, Wilcox County",https://www.landwatch.com/wilcox-county-alabama-recreational-property-for-sale/pid/421019690,,,1.0,0.793,0.491,0.5,0.5
492,0.6315,True,landwatch,424698326,AR,Carroll,532.0,1500000.0,2819.55,"Berryville, AR, 72616, Carroll County",https://www.landwatch.com/carroll-county-arkansas-farms-and-ranches-for-sale/pid/424698326,,,1.0,0.74,0.53,0.5,0.5
493,0.631,True,landwatch,426493030,GA,Talbot,269.0,1003200.0,3729.37,"Talbotton, GA, 31827, Talbot County",https://www.landwatch.com/talbot-county-georgia-recreational-property-for-sale/pid/426493030,,,1.0,0.94,0.378,0.5,0.5
494,0.631,True,landwatch,423176661,AR,Searcy,210.0,524900.0,2499.52,"Marshall, AR, 72650, Searcy County",https://www.landwatch.com/searcy-county-arkansas-recreational-property-for-sale/pid/423176661,,,1.0,0.667,0.583,0.5,0.5
495,0.631,True,landwatch,426334836,MS,Montgomery,405.0,1053260.0,2600.64,"Kilmichael, MS, 39747, Montgomery County",https://www.landwatch.com/montgomery-county-mississippi-recreational-property-for-sale/pid/426334836,,,1.0,0.689,0.567,0.5,0.5
496,0.631,True,landwatch,425671380,OK,Jackson,320.0,704000.0,2200.0,"Gould, OK, 73544, Jackson County",https://www.landwatch.com/jackson-county-oklahoma-farms-and-ranches-for-sale/pid/425671380,,,1.0,0.6,0.633,0.5,0.5
497,0.631,True,landwatch,425514131,AL,Greene,270.0,999000.0,3700.0,"Forkland, AL, 36740, Greene County",https://www.landwatch.com/greene-county-alabama-recreational-property-for-sale/pid/425514131,,,1.0,0.933,0.383,0.5,0.5
498,0.631,True,landandfarm,39858276,MS,Wayne,200.0,440000.0,2200.0,"Buckatunna, MS, 39322",https://www.landandfarm.com/property/wayne-200-39858276/,,,1.0,0.6,0.633,0.5,0.5
499,0.6309,True,landwatch,424078526,KS,Rooks,473.0,1539250.0,3254.23,"Woodston, KS, 67675, Rooks County",https://www.landwatch.com/rooks-county-kansas-farms-and-ranches-for-sale/pid/424078526,,,1.0,0.834,0.458,0.5,0.5
500,0.6307,True,landwatch,425795609,SD,Butte,640.0,1152000.0,1800.0,"Newell, SD, 57760, Butte County",https://www.landwatch.com/butte-county-south-dakota-farms-and-ranches-for-sale/pid/425795609,,,1.0,0.51,0.7,0.5,0.5
501,0.6307,True,landwatch,423147628,WI,Ashland,201.0,449500.0,2236.32,"Marengo, WI, 54846, Ashland County",https://www.landwatch.com/ashland-county-wisconsin-farms-and-ranches-for-sale/pid/423147628,,,1.0,0.607,0.627,0.5,0.5
502,0.6305,True,landwatch,424471133,MN,Kittson,801.0,1481480.0,1849.54,"Lake Bronson, MN, 56734, Kittson County",https://www.landwatch.com/kittson-county-minnesota-farms-and-ranches-for-sale/pid/424471133,,,1.0,0.52,0.692,0.5,0.5
503,0.6301,True,landwatch,424356038,NY,Delaware,485.0,1600000.0,3298.97,"Roxbury, NY, 12474, Delaware County",https://www.landwatch.com/delaware-county-new-york-homes-for-sale/pid/424356038,,,1.0,0.84,0.45,0.5,0.5
504,0.6301,True,landsearch,5086395,OK,Pittsburg,785.0,1413000.0,1800.0,"Stuart, OK 74570",https://www.landsearch.com/properties/n-3910-rd-stuart-ok-74570/5086395,,,1.0,0.507,0.7,0.5,0.5
505,0.63,True,landsearch,4973507,KS,Butler,476.0,1571460.0,3301.39,"El Dorado, KS 67042",https://www.landsearch.com/properties/el-dorado-ks-67042/4973507,,,1.0,0.84,0.45,0.5,0.5
506,0.6295,True,landwatch,422054761,MN,Lake,1040.0,2250000.0,2163.46,"Two Harbors, MN, 55616, Lake County",https://www.landwatch.com/lake-county-minnesota-recreational-property-for-sale/pid/422054761,,,1.0,0.585,0.639,0.5,0.5
507,0.6291,True,landsearch,5116947,KS,Pawnee,303.0,832810.0,2748.55,"Burdett, KS 67523",https://www.landsearch.com/properties/901-949-360th-ave-burdett-ks-67523/5116947,,,1.0,0.713,0.542,0.5,0.5
508,0.6286,True,landwatch,426645793,MS,Desoto,275.0,990000.0,3600.0,"Byhalia, MS, 38611, DeSoto County",https://www.landwatch.com/desoto-county-mississippi-recreational-property-for-sale/pid/426645793,,,1.0,0.9,0.4,0.5,0.5
509,0.6286,True,landwatch,425821881,NC,Columbus,255.0,994500.0,3900.0,"Nakina, NC, 28455, Columbus County",https://www.landwatch.com/columbus-county-north-carolina-recreational-property-for-sale/pid/425821881,,,1.0,0.967,0.35,0.5,0.5
510,0.6286,True,landwatch,424963239,MI,Iosco,360.0,799000.0,2219.44,"East Tawas, MI, 48730, Iosco County",https://www.landwatch.com/iosco-county-michigan-recreational-property-for-sale/pid/424963239,,,1.0,0.593,0.63,0.5,0.5
511,0.6284,True,landwatch,425484926,NY,Allegany,337.0,675000.0,2002.97,"Belfast, NY, 14711, Allegany County",https://www.landwatch.com/allegany-county-new-york-homes-for-sale/pid/425484926,,,1.0,0.544,0.666,0.5,0.5
512,0.6284,True,landwatch,426600090,AL,Montgomery,494.0,1605500.0,3250.0,"Montgomery, AL, 36069, Montgomery County",https://www.landwatch.com/montgomery-county-alabama-recreational-property-for-sale/pid/426600090,,,1.0,0.821,0.458,0.5,0.5
513,0.6281,True,landwatch,424077372,TN,Hardeman,213.0,564450.0,2650.0,"Hornsby, TN, 38008, Hardeman County",https://www.landwatch.com/hardeman-county-tennessee-farms-and-ranches-for-sale/pid/424077372,,,1.0,0.687,0.558,0.5,0.5
514,0.6276,True,landwatch,421888794,NY,Chenango,274.0,1000000.0,3649.64,"Afton, NY, 13730, Chenango County",https://www.landwatch.com/chenango-county-new-york-undeveloped-land-for-sale/pid/421888794,,,1.0,0.907,0.392,0.5,0.5
515,0.6276,True,landwatch,423063146,KY,Cumberland,336.0,675000.0,2008.93,"Burkesville, KY, 42717, Cumberland County",https://www.landwatch.com/cumberland-county-kentucky-farms-and-ranches-for-sale/pid/423063146,,,1.0,0.542,0.665,0.5,0.5
516,0.6275,True,landwatch,426008226,WI,Forest,333.0,659900.0,1981.68,"Argonne, WI, 54511, Forest County",https://www.landwatch.com/forest-county-wisconsin-undeveloped-land-for-sale/pid/426008226,,,1.0,0.536,0.67,0.5,0.5
517,0.6274,True,landwatch,426581537,TN,Henderson,227.0,700000.0,3083.7,"Lexington, TN, 38351, Henderson County",https://www.landwatch.com/henderson-county-tennessee-farms-and-ranches-for-sale/pid/426581537,,,1.0,0.78,0.486,0.5,0.5
518,0.6273,True,landandfarm,40140511,OK,Creek,428.0,1240000.0,2897.2,"Oilton, OK, 74030",https://www.landandfarm.com/property/tract-3-cimarron-oaks-ranch-40140511/,,,1.0,0.738,0.517,0.5,0.5
519,0.6272,True,landwatch,426272851,MS,Leake,438.0,1312000.0,2995.43,"Acres Leake County, MS",https://www.landwatch.com/leake-county-mississippi-farms-and-ranches-for-sale/pid/426272851,,,1.0,0.759,0.501,0.5,0.5
520,0.6272,True,landwatch,423618929,MN,Saint Louis,320.0,729000.0,2278.12,"Babbitt, MN, 55706, Saint Louis County",https://www.landwatch.com/saint-louis-county-minnesota-timberland-property-for-sale/pid/423618929,,,1.0,0.6,0.62,0.5,0.5
521,0.6272,True,landsearch,5218326,NE,Lincoln,240.0,835000.0,3479.17,"North Platte, NE 69101",https://www.landsearch.com/properties/north-platte-ne-69101/5218326,,,1.0,0.867,0.42,0.5,0.5
522,0.6271,True,landwatch,423240093,VA,Powhatan,216.0,596160.0,2760.0,"Richmond, VA, 23225, Powhatan County",https://www.landwatch.com/powhatan-county-virginia-recreational-property-for-sale/pid/423240093,,,1.0,0.707,0.54,0.5,0.5
523,0.6271,True,landwatch,425147006,KY,Whitley,575.0,1437500.0,2500.0,"Williamsburg, KY, 40769, Whitley County",https://www.landwatch.com/whitley-county-kentucky-undeveloped-land-for-sale/pid/425147006,,,1.0,0.649,0.583,0.5,0.5
524,0.6271,True,landwatch,426024486,VA,King And Queen,220.0,634000.0,2881.82,"Saint Stephens Church, VA, 23148, King and Queen County",https://www.landwatch.com/king-and-queen-county-virginia-timberland-property-for-sale/pid/426024486,,,1.0,0.733,0.52,0.5,0.5
525,0.627,True,landwatch,420504065,PA,Bedford,219.0,624900.0,2853.42,"New Enterprise, PA, 16664, Bedford County",https://www.landwatch.com/bedford-county-pennsylvania-undeveloped-land-for-sale/pid/420504065,,,1.0,0.727,0.524,0.5,0.5
526,0.6265,True,landandfarm,38263028,AL,Marengo,242.0,860000.0,3553.72,"Sweet Water, AL, 36782",https://www.landandfarm.com/property/242-ac-marengo-county-campground-tract-2-38263028/,,,1.0,0.88,0.408,0.5,0.5
527,0.6264,True,landwatch,424581867,MS,Pearl River,832.0,1705200.0,2049.52,"Picayune, MS, 39466, Pearl River County",https://www.landwatch.com/pearl-river-county-mississippi-recreational-property-for-sale/pid/424581867,,,1.0,0.545,0.658,0.5,0.5
528,0.6263,True,landwatch,426199353,KS,Rooks,216.0,600000.0,2777.78,"Stockton, KS, 67669, Rooks County",https://www.landwatch.com/rooks-county-kansas-farms-and-ranches-for-sale/pid/426199353,,,1.0,0.707,0.537,0.5,0.5
529,0.6263,True,landwatch,426354901,TN,Scott,286.0,949000.0,3318.18,"Robbins, TN, 37852, Scott County",https://www.landwatch.com/scott-county-tennessee-recreational-property-for-sale/pid/426354901,,,1.0,0.827,0.447,0.5,0.5
530,0.6262,True,landandfarm,37403236,OK,Pittsburg,230.0,736000.0,3200.0,"Blanco, OK, 74528",https://www.landandfarm.com/property/230-acres-made-up-of-pasture-and-timber-in-pittsburg-county-37403236/,,,1.0,0.8,0.467,0.5,0.5
531,0.6262,True,landwatch,423673807,OK,Haskell,320.0,736000.0,2300.0,"Keota, OK, 74941, Haskell County",https://www.landwatch.com/haskell-county-oklahoma-farms-and-ranches-for-sale/pid/423673807,,,1.0,0.6,0.617,0.5,0.5
532,0.6262,True,landwatch,425454627,KS,Reno,240.0,840000.0,3500.0,"Turon, KS, 67583, Reno County",https://www.landwatch.com/reno-county-kansas-farms-and-ranches-for-sale/pid/425454627,,,1.0,0.867,0.417,0.5,0.5
533,0.6262,True,landwatch,425564661,AL,Bibb,240.0,840000.0,3500.0,"Centreville, AL, 35042, Bibb County",https://www.landwatch.com/bibb-county-alabama-recreational-property-for-sale/pid/425564661,,,1.0,0.867,0.417,0.5,0.5
534,0.6261,True,landwatch,425900966,IN,Orange,276.0,999900.0,3622.83,"Orleans, IN, 47452, Orange County",https://www.landwatch.com/orange-county-indiana-farms-and-ranches-for-sale/pid/425900966,,,1.0,0.893,0.396,0.5,0.5
535,0.626,True,landwatch,423918839,KY,Lewis,245.0,895000.0,3653.06,"Vanceburg, KY, 41179, Lewis County",https://www.landwatch.com/lewis-county-kentucky-lakefront-property-for-sale/pid/423918839,,,1.0,0.9,0.391,0.5,0.5
536,0.6259,True,landwatch,418597769,NC,Duplin,218.0,620274.0,2845.29,"Pink Hill, NC, 28572, Duplin County",https://www.landwatch.com/duplin-county-north-carolina-recreational-property-for-sale/pid/418597769,,,1.0,0.72,0.526,0.5,0.5
537,0.6259,True,landwatch,425221797,MS,Choctaw,382.0,949900.0,2486.65,"Eupora, MS, 39744, Choctaw County",https://www.landwatch.com/choctaw-county-mississippi-recreational-property-for-sale/pid/425221797,,,1.0,0.64,0.586,0.5,0.5
538,0.6257,True,landsearch,5251232,ND,Pierce,358.0,809000.0,2259.78,"Rugby, ND 58368",https://www.landsearch.com/properties/26th-ave-ne-rugby-nd-58368/5251232,,,1.0,0.589,0.623,0.5,0.5
539,0.6257,True,landsearch,5148733,GA,Hancock,248.0,930000.0,3750.0,"Sparta, GA",https://www.landsearch.com/properties/sparta-ga/5148733,,,1.0,0.92,0.375,0.5,0.5
540,0.6256,True,landwatch,423206650,TN,Mcnairy,946.0,2350000.0,2484.14,"Pocahontas, TN, 38061, McNairy County",https://www.landwatch.com/mcnairy-county-tennessee-recreational-property-for-sale/pid/423206650,,,1.0,0.638,0.586,0.5,0.5
541,0.6255,True,landwatch,424018555,MO,Laclede,476.0,1617000.0,3397.06,"Eldridge, MO, 65463, Laclede County",https://www.landwatch.com/laclede-county-missouri-farms-and-ranches-for-sale/pid/424018555,,,1.0,0.84,0.434,0.5,0.5
542,0.6254,True,landwatch,424370874,VA,Sussex,447.0,1395000.0,3120.81,"Stony Creek, VA, 23882, Sussex County",https://www.landwatch.com/sussex-county-virginia-farms-and-ranches-for-sale/pid/424370874,,,1.0,0.779,0.48,0.5,0.5
543,0.6253,True,landsearch,5179861,MS,Choctaw,455.0,1456000.0,3200.0,"Weir, MS 39772",https://www.landsearch.com/properties/weir-highpoint-road-hopewell-rd-weir-ms-39772/5179861,,,1.0,0.796,0.467,0.5,0.5
544,0.6252,True,landwatch,426596693,IL,Jackson,277.0,1000000.0,3610.11,"Carbondale, IL, 62902, Jackson County",https://www.landwatch.com/jackson-county-illinois-farms-and-ranches-for-sale/pid/426596693,,,1.0,0.887,0.398,0.5,0.5
545,0.6251,True,landwatch,425549870,KS,Rooks,622.0,1300000.0,2090.03,"Woodston, KS, 67675, Rooks County",https://www.landwatch.com/rooks-county-kansas-farms-and-ranches-for-sale/pid/425549870,,,1.0,0.548,0.652,0.5,0.5
546,0.625,True,landsearch,5152050,MS,Webster,836.0,1750000.0,2093.3,"Eupora, MS 39744",https://www.landsearch.com/properties/1711-us-82-eupora-ms-39744/5152050,,,1.0,0.549,0.651,0.5,0.5
547,0.6248,True,landwatch,422220887,NY,Warren,337.0,699900.0,2076.85,"Chester, NY, 12817, Warren County",https://www.landwatch.com/warren-county-new-york-undeveloped-land-for-sale/pid/422220887,,,1.0,0.544,0.654,0.5,0.5
548,0.6247,True,landwatch,423641609,AL,Wilcox,520.0,1600000.0,3076.92,"Catherine, AL, 36728, Wilcox County",https://www.landwatch.com/wilcox-county-alabama-recreational-property-for-sale/pid/423641609,,,1.0,0.766,0.487,0.5,0.5
549,0.6246,True,landwatch,425463785,MI,Presque Isle,235.0,795000.0,3382.98,"Millersburg, MI, 49759, Presque Isle County",https://www.landwatch.com/presque-isle-county-michigan-lakefront-property-for-sale/pid/425463785,,,1.0,0.833,0.436,0.5,0.5
550,0.6246,True,landwatch,419830520,NC,Richmond,281.0,984375.0,3503.11,"Ellerbe, NC, 28338, Richmond County",https://www.landwatch.com/richmond-county-north-carolina-recreational-property-for-sale/pid/419830520,,,1.0,0.86,0.416,0.5,0.5
551,0.6246,True,landwatch,426046149,KS,Barber,212.0,571050.0,2693.63,"Hazelton, KS, 67061, Barber County",https://www.landwatch.com/barber-county-kansas-farms-and-ranches-for-sale/pid/426046149,,,1.0,0.68,0.551,0.5,0.5
552,0.6244,True,landwatch,422066844,GA,Clay,238.0,827500.0,3476.89,"Morris, GA, 39867, Clay County",https://www.landwatch.com/clay-county-georgia-recreational-property-for-sale/pid/422066844,,,1.0,0.853,0.421,0.5,0.5
553,0.6244,True,landwatch,426383684,VA,Middlesex,800.0,1580000.0,1975.0,"Jamaica, VA, 23079, Middlesex County",https://www.landwatch.com/middlesex-county-virginia-undeveloped-land-for-sale/pid/426383684,,,1.0,0.519,0.671,0.5,0.5
554,0.6244,True,landwatch,419519911,NC,Madison,288.0,950000.0,3298.61,"Marshall, NC, 28753, Madison County",https://www.landwatch.com/madison-county-north-carolina-timberland-property-for-sale/pid/419519911,,,1.0,0.813,0.45,0.5,0.5
555,0.6243,True,landwatch,426099716,MS,Yalobusha,230.0,745000.0,3239.13,"Water Valley, MS, 38965, Yalobusha County",https://www.landwatch.com/yalobusha-county-mississippi-timberland-property-for-sale/pid/426099716,,,1.0,0.8,0.46,0.5,0.5
556,0.6242,True,landandfarm,41052407,KY,Lewis,253.0,995000.0,3932.81,"Vanceburg, KY, 41179",https://www.landandfarm.com/property/farms-other-vanceburg-ky-41052407/,,,1.0,0.953,0.345,0.5,0.5
557,0.6238,True,landwatch,425542942,MI,Presque Isle,200.0,469900.0,2349.5,"Posen, MI, 49776, Presque Isle County",https://www.landwatch.com/presque-isle-county-michigan-homes-for-sale/pid/425542942,,,1.0,0.6,0.608,0.5,0.5
558,0.6235,True,landsearch,5218114,AL,Bibb,573.0,1486369.0,2594.01,"Centreville, AL 35042",https://www.landsearch.com/properties/centreville-al-35042/5218114,,,1.0,0.653,0.568,0.5,0.5
559,0.623,True,landwatch,424903889,KS,Logan,201.0,481650.0,2396.27,"Oakley, KS, 67748, Logan County",https://www.landwatch.com/logan-county-kansas-farms-and-ranches-for-sale/pid/424903889,,,1.0,0.607,0.601,0.5,0.5
560,0.6229,True,landwatch,423947284,NC,Caswell,246.0,922500.0,3750.0,"Blanch, NC, 27212, Caswell County",https://www.landwatch.com/caswell-county-north-carolina-farms-and-ranches-for-sale/pid/423947284,,,1.0,0.907,0.375,0.5,0.5
561,0.6229,True,landwatch,423024644,AR,Randolph,369.0,895000.0,2425.47,"Warm Springs, AR, 72478, Randolph County",https://www.landwatch.com/randolph-county-arkansas-farms-and-ranches-for-sale/pid/423024644,,,1.0,0.612,0.596,0.5,0.5
562,0.6228,True,landwatch,426565097,AR,Crawford,280.0,999990.0,3571.39,"Natural Dam, AR, 72948, Crawford County",https://www.landwatch.com/crawford-county-arkansas-recreational-property-for-sale/pid/426565097,,,1.0,0.867,0.405,0.5,0.5
563,0.6227,True,landwatch,425780655,OK,Hughes,377.0,944500.0,2505.31,"Wetumka, OK, 74883, Hughes County",https://www.landwatch.com/hughes-county-oklahoma-recreational-property-for-sale/pid/425780655,,,1.0,0.629,0.582,0.5,0.5
564,0.6227,True,landsearch,5179889,MS,Hinds,277.0,1015000.0,3664.26,"Utica, MS 39175",https://www.landsearch.com/properties/33598-mississippi-10-utica-ms-39175/5179889,,,1.0,0.887,0.389,0.5,0.5
565,0.6226,True,landandfarm,40626434,AR,Fulton,320.0,759900.0,2374.69,"Sturkie, AR, 72578",https://www.landandfarm.com/property/rolling-wooded-paradise-with-excellent-wildlife-habitat-small-spring-and-e-40626434/,,,1.0,0.6,0.604,0.5,0.5
566,0.6226,True,landwatch,426170300,KS,Graham,200.0,475000.0,2375.0,"Bogue, KS, 67625, Graham County",https://www.landwatch.com/graham-county-kansas-farms-and-ranches-for-sale/pid/426170300,,,1.0,0.6,0.604,0.5,0.5
567,0.6224,True,landwatch,424914892,TN,Perry,355.0,816500.0,2300.0,"Linden, TN, 37096, Perry County",https://www.landwatch.com/perry-county-tennessee-recreational-property-for-sale/pid/424914892,,,1.0,0.582,0.617,0.5,0.5
568,0.6224,True,landwatch,425578976,NE,Scotts Bluff,233.0,785000.0,3369.1,"Gering, NE, 69341, Scotts Bluff County",https://www.landwatch.com/scotts-bluff-county-nebraska-farms-and-ranches-for-sale/pid/425578976,,,1.0,0.82,0.438,0.5,0.5
569,0.6224,True,landwatch,425956098,GA,Wilcox,480.0,1680000.0,3500.0,"Abbeville, GA, 31001, Wilcox County",https://www.landwatch.com/wilcox-county-georgia-recreational-property-for-sale/pid/425956098,,,1.0,0.849,0.417,0.5,0.5
570,0.6224,True,landwatch,417728451,NY,Delaware,343.0,750000.0,2186.59,"Colchester, NY, 13752, Delaware County",https://www.landwatch.com/delaware-county-new-york-recreational-property-for-sale/pid/417728451,,,1.0,0.557,0.636,0.5,0.5
571,0.6223,True,landwatch,421946600,AL,Crenshaw,401.0,1100000.0,2743.14,"Luverne, AL, 36049, Crenshaw County",https://www.landwatch.com/crenshaw-county-alabama-recreational-property-for-sale/pid/421946600,,,1.0,0.681,0.543,0.5,0.5
572,0.6217,True,landwatch,425996559,MN,Wadena,342.0,749000.0,2190.06,"Sebeka, MN, 56477, Wadena County",https://www.landwatch.com/wadena-county-minnesota-recreational-property-for-sale/pid/425996559,,,1.0,0.555,0.635,0.5,0.5
573,0.6215,True,landwatch,426511466,NE,Deuel,321.0,640000.0,1993.77,"Chappell, NE, 69149, Deuel County",https://www.landwatch.com/deuel-county-nebraska-farms-and-ranches-for-sale/pid/426511466,,,1.0,0.51,0.668,0.5,0.5
574,0.6214,True,landwatch,426334059,OK,Tillman,300.0,900000.0,3000.0,"Grandfield, OK, 73546, Tillman County",https://www.landwatch.com/tillman-county-oklahoma-farms-and-ranches-for-sale/pid/426334059,,,1.0,0.733,0.5,0.5,0.5
575,0.6214,True,landwatch,425490194,OK,Kay,275.0,1031250.0,3750.0,"Newkirk, OK, 74647, Kay County",https://www.landwatch.com/kay-county-oklahoma-farms-and-ranches-for-sale/pid/425490194,,,1.0,0.9,0.375,0.5,0.5
576,0.6214,True,landwatch,420886442,MS,Lauderdale,694.0,1145100.0,1650.0,"Chunky, MS, 39364, Lauderdale County",https://www.landwatch.com/lauderdale-county-mississippi-recreational-property-for-sale/pid/420886442,,,1.0,0.433,0.725,0.5,0.5
577,0.6212,True,landwatch,426383677,VA,King And Queen,209.0,558900.0,2674.16,"King And Queen Court House, VA, 23085, King and Queen County",https://www.landwatch.com/king-and-queen-county-virginia-undeveloped-land-for-sale/pid/426383677,,,1.0,0.66,0.554,0.5,0.5
578,0.6211,True,landwatch,426186998,OK,Harper,989.0,2500000.0,2527.81,"Woodward, OK, 73801, Harper County",https://www.landwatch.com/harper-county-oklahoma-farms-and-ranches-for-sale/pid/426186998,,,1.0,0.627,0.579,0.5,0.5
579,0.621,True,landwatch,425860409,MS,Leflore,267.0,1068000.0,4000.0,"Itta Bena, MS, 38941, Leflore County",https://www.landwatch.com/leflore-county-mississippi-recreational-property-for-sale/pid/425860409,,,1.0,0.953,0.333,0.5,0.5
580,0.6209,True,landwatch,423655527,AR,Izard,358.0,845000.0,2360.34,"Melbourne, AR, 72556, Izard County",https://www.landwatch.com/izard-county-arkansas-hunting-property-for-sale/pid/423655527,,,1.0,0.589,0.607,0.5,0.5
581,0.6209,True,landwatch,426417531,VA,Pittsylvania,233.0,792580.0,3401.63,"Blairs, VA, 24527, Pittsylvania County",https://www.landwatch.com/pittsylvania-county-virginia-timberland-property-for-sale/pid/426417531,,,1.0,0.82,0.433,0.5,0.5
582,0.6207,True,landandfarm,41258727,KY,Whitley,202.0,499900.0,2474.75,"Williamsburg, KY, 40769",https://www.landandfarm.com/property/land-williamsburg-ky-41258727/,,,1.0,0.613,0.588,0.5,0.5
583,0.6207,True,landsearch,5223968,KS,Lane,311.0,835000.0,2684.89,"Dighton, KS 67839",https://www.landsearch.com/properties/e-rd-30-dighton-ks-67839/5223968,,,1.0,0.66,0.553,0.5,0.5
584,0.6204,True,landwatch,422980212,MO,Ripley,480.0,1700000.0,3541.67,"Doniphan, MO, 63935, Ripley County",https://www.landwatch.com/ripley-county-missouri-farms-and-ranches-for-sale/pid/422980212,,,1.0,0.849,0.41,0.5,0.5
585,0.6204,True,landwatch,423674557,MS,Sharkey,256.0,1050000.0,4101.56,"Rolling Fork, MS, 39159, Sharkey County",https://www.landwatch.com/sharkey-county-mississippi-recreational-property-for-sale/pid/423674557,,,1.0,0.973,0.316,0.5,0.5
586,0.6204,True,landwatch,425687153,AL,Franklin,475.0,1660000.0,3494.74,"Pleasant Site, AL, 35582, Franklin County",https://www.landwatch.com/franklin-county-alabama-timberland-property-for-sale/pid/425687153,,,1.0,0.838,0.418,0.5,0.5
587,0.6202,True,landwatch,425058928,GA,Brantley,953.0,2500000.0,2623.29,"Nahunta, GA, 31553, Brantley County",https://www.landwatch.com/brantley-county-georgia-farms-and-ranches-for-sale/pid/425058928,,,1.0,0.644,0.563,0.5,0.5
588,0.6201,True,landwatch,425614533,NE,Hitchcock,1200.0,2130000.0,1775.0,"Palisade, NE, 69040, Hitchcock County",https://www.landwatch.com/hitchcock-county-nebraska-farms-and-ranches-for-sale/pid/425614533,,,1.0,0.455,0.704,0.5,0.5
589,0.6201,True,landwatch,422136157,VA,Fluvanna,305.0,877728.0,2877.8,"Scottsville, VA, 24590, Fluvanna County",https://www.landwatch.com/fluvanna-county-virginia-recreational-property-for-sale/pid/422136157,,,1.0,0.7,0.52,0.5,0.5
590,0.62,True,landwatch,426528456,VA,Charlotte,252.0,1005600.0,3990.48,"Keysville, VA, 23947, Charlotte County",https://www.landwatch.com/charlotte-county-virginia-recreational-property-for-sale/pid/426528456,,,1.0,0.947,0.335,0.5,0.5
591,0.6197,True,landwatch,424095677,SD,Butte,1278.0,1914600.0,1498.12,"TBD Graf Road Newell, SD 57760",https://www.landwatch.com/butte-county-south-dakota-farms-and-ranches-for-sale/pid/424095677,,,1.0,0.392,0.75,0.5,0.5
592,0.6196,True,landsearch,5152120,MS,Franklin,285.0,994000.0,3487.72,"Meadville, MS 39653",https://www.landsearch.com/properties/oldenburg-rd-meadville-ms-39653/5152120,,,1.0,0.833,0.419,0.5,0.5
593,0.6195,True,landwatch,426031912,NY,Oneida,318.0,795000.0,2500.0,"Forestport, NY, 13338, Oneida County",https://www.landwatch.com/oneida-county-new-york-recreational-property-for-sale/pid/426031912,,,1.0,0.613,0.583,0.5,0.5
594,0.6194,True,landwatch,426271214,PA,Cameron,313.0,830000.0,2651.76,"Emporium, PA, 15834, Cameron County",https://www.landwatch.com/cameron-county-pennsylvania-recreational-property-for-sale/pid/426271214,,,1.0,0.647,0.558,0.5,0.5
595,0.6194,True,landwatch,425368853,MI,Chippewa,417.0,1234000.0,2959.23,"Rudyard, MI, 49780, Chippewa County",https://www.landwatch.com/chippewa-county-michigan-farms-and-ranches-for-sale/pid/425368853,,,1.0,0.715,0.507,0.5,0.5
596,0.6193,True,landwatch,425747187,AR,Sharp,800.0,1665300.0,2081.62,"Hardy, AR, 72542, Sharp County",https://www.landwatch.com/sharp-county-arkansas-recreational-property-for-sale/pid/425747187,,,1.0,0.519,0.653,0.5,0.5
597,0.6193,True,landwatch,424447750,AL,Macon,261.0,1100000.0,4214.56,"Tuskegee, AL, 36083, Macon County",https://www.landwatch.com/macon-county-alabama-recreational-property-for-sale/pid/424447750,,,1.0,0.993,0.298,0.5,0.5
598,0.6191,True,landwatch,420774618,TN,Scott,1272.0,1950000.0,1533.02,"Winfield, TN, 37892, Scott County",https://www.landwatch.com/scott-county-tennessee-recreational-property-for-sale/pid/420774618,,,1.0,0.397,0.744,0.5,0.5
599,0.619,True,landwatch,413977705,MS,Perry,320.0,784000.0,2450.0,"Richton, MS, 39476, Perry County",https://www.landwatch.com/perry-county-mississippi-recreational-property-for-sale/pid/413977705,,,1.0,0.6,0.592,0.5,0.5
600,0.619,True,landwatch,424355437,AL,Baldwin,285.0,997500.0,3500.0,"Tensaw, AL, 36579, Baldwin County",https://www.landwatch.com/baldwin-county-alabama-recreational-property-for-sale/pid/424355437,,,1.0,0.833,0.417,0.5,0.5
601,0.6189,True,landwatch,426225124,NY,Saint Lawrence,204.0,525000.0,2573.53,"Gouverneur, NY, 13642, Saint Lawrence County",https://www.landwatch.com/saint-lawrence-county-new-york-undeveloped-land-for-sale/pid/426225124,,,1.0,0.627,0.571,0.5,0.5
602,0.6188,True,landwatch,422388474,VA,Pulaski,420.0,1260000.0,3000.0,"Hiwassee, VA, 24347, Pulaski County",https://www.landwatch.com/pulaski-county-virginia-timberland-property-for-sale/pid/422388474,,,1.0,0.721,0.5,0.5,0.5
603,0.6187,True,landwatch,424342538,SD,Meade,1166.0,2250000.0,1929.67,"New Underwood, SD, 57761, Meade County",https://www.landwatch.com/meade-county-south-dakota-farms-and-ranches-for-sale/pid/424342538,,,1.0,0.483,0.678,0.5,0.5
604,0.6186,True,landwatch,426152453,KY,Hopkins,430.0,1333000.0,3100.0,"Nortonville, KY, 42442, Hopkins County",https://www.landwatch.com/hopkins-county-kentucky-farms-and-ranches-for-sale/pid/426152453,,,1.0,0.742,0.483,0.5,0.5
605,0.6186,True,landsearch,5083615,MS,Union,250.0,990000.0,3960.0,"New Albany, MS 38627",https://www.landsearch.com/properties/new-albany-ms-38627/5083615,,,1.0,0.933,0.34,0.5,0.5
606,0.6185,True,landwatch,425955620,OK,Washington,235.0,825000.0,3510.64,"Bartlesville, OK, 74003, Washington County",https://www.landwatch.com/washington-county-oklahoma-recreational-property-for-sale/pid/425955620,,,1.0,0.833,0.415,0.5,0.5
607,0.6185,True,landwatch,425592058,NY,Greene,211.0,589000.0,2791.47,"Prattsville, NY, 12468, Greene County",https://www.landwatch.com/greene-county-new-york-homes-for-sale/pid/425592058,,,1.0,0.673,0.535,0.5,0.5
608,0.6184,True,landwatch,422014955,KY,Wayne,1068.0,2450000.0,2294.01,"Betsey, KY, 42633, Wayne County",https://www.landwatch.com/wayne-county-kentucky-farms-and-ranches-for-sale/pid/422014955,,,1.0,0.563,0.618,0.5,0.5
609,0.6183,True,landwatch,426302078,KS,Russell,346.0,795800.0,2300.0,"Luray, KS, 67649, Russell County",https://www.landwatch.com/russell-county-kansas-farms-and-ranches-for-sale/pid/426302078,,,1.0,0.563,0.617,0.5,0.5
610,0.6176,True,landwatch,426661248,MO,Howell,1107.0,2400000.0,2168.02,"West Plains, MO, 64775, Howell County",https://www.landwatch.com/howell-county-missouri-recreational-property-for-sale/pid/426661248,,,1.0,0.531,0.639,0.5,0.5
611,0.6176,True,landwatch,426594379,KS,Harper,241.0,894000.0,3709.54,"Zenda, KS, 61719, Harper County",https://www.landwatch.com/harper-county-kansas-farms-and-ranches-for-sale/pid/426594379,,,1.0,0.873,0.382,0.5,0.5
612,0.6175,True,landandfarm,35516323,MS,Lauderdale,849.0,1952535.0,2299.81,"Chunky, MS, 39364",https://www.landandfarm.com/property/chunky-river-properties-35516323/,,,1.0,0.559,0.617,0.5,0.5
613,0.6172,True,landwatch,424915059,AR,Cleveland,324.0,684760.0,2113.46,"Kingsland, AR, 71652, Cleveland County",https://www.landwatch.com/cleveland-county-arkansas-recreational-property-for-sale/pid/424915059,,,1.0,0.516,0.648,0.5,0.5
614,0.617,True,landsearch,5211966,KY,Greenup,566.0,1584000.0,2798.59,"Argillite, KY 41121",https://www.landsearch.com/properties/566a-tunnel-ridge-rd-argillite-ky-41121/5211966,,,1.0,0.668,0.534,0.5,0.5
615,0.6169,True,landwatch,423194445,TN,Campbell,288.0,995000.0,3454.86,"Duff, TN, 37729, Campbell County",https://www.landwatch.com/campbell-county-tennessee-recreational-property-for-sale/pid/423194445,,,1.0,0.813,0.424,0.5,0.5
616,0.6167,True,landwatch,426607747,MN,Pine,200.0,499999.0,2499.99,"Beroun, MN, 55063, Pine County",https://www.landwatch.com/pine-county-minnesota-undeveloped-land-for-sale/pid/426607747,,,1.0,0.6,0.583,0.5,0.5
617,0.6167,True,landwatch,424914804,GA,Gordon,250.0,1000000.0,4000.0,"Oakman, GA, 30734, Gordon County",https://www.landwatch.com/gordon-county-georgia-recreational-property-for-sale/pid/424914804,,,1.0,0.933,0.333,0.5,0.5
618,0.6165,True,landsearch,5163406,AL,Randolph,241.0,899900.0,3734.02,"Woodland, AL 36280",https://www.landsearch.com/properties/county-road-518-woodland-al-36280/5163406,,,1.0,0.873,0.378,0.5,0.5
619,0.6164,True,landwatch,413032554,AL,Greene,325.0,695000.0,2138.46,"Aliceville, AL, 35442, Greene County",https://www.landwatch.com/greene-county-alabama-recreational-property-for-sale/pid/413032554,,,1.0,0.519,0.644,0.5,0.5
620,0.6163,True,landwatch,424280135,MO,Saint Francois,475.0,1699999.0,3578.95,"Ironton, MO, 63650, Saint Francois County",https://www.landwatch.com/saint-francois-county-missouri-farms-and-ranches-for-sale/pid/424280135,,,1.0,0.838,0.404,0.5,0.5
621,0.6163,True,landwatch,425683059,NE,Box Butte,321.0,675000.0,2102.8,"Hemingford, NE, 69348, Box Butte County",https://www.landwatch.com/box-butte-county-nebraska-farms-and-ranches-for-sale/pid/425683059,,,1.0,0.51,0.65,0.5,0.5
622,0.6162,True,landwatch,424472092,TN,Cannon,436.0,1399000.0,3208.72,"Woodbury, TN, 37190, Cannon County",https://www.landwatch.com/cannon-county-tennessee-timberland-property-for-sale/pid/424472092,,,1.0,0.755,0.465,0.5,0.5
623,0.6161,True,landwatch,425778141,NC,Bertie,212.0,609000.0,2872.64,"Windsor, NC, 27983, Bertie County",https://www.landwatch.com/bertie-county-north-carolina-farms-and-ranches-for-sale/pid/425778141,,,1.0,0.68,0.521,0.5,0.5
624,0.616,True,landwatch,424452909,OK,Tillman,211.0,600000.0,2843.6,"Davidson, OK, 73530, Tillman County",https://www.landwatch.com/tillman-county-oklahoma-farms-and-ranches-for-sale/pid/424452909,,,1.0,0.673,0.526,0.5,0.5
625,0.616,True,landwatch,424281742,OH,Pike,290.0,990000.0,3413.79,"Piketon, OH, 45661, Pike County",https://www.landwatch.com/pike-county-ohio-recreational-property-for-sale/pid/424281742,,,1.0,0.8,0.431,0.5,0.5
626,0.6159,True,landwatch,423862585,NC,Johnston,292.0,980000.0,3356.16,"Four Oaks, NC, 27524, Johnston County",https://www.landwatch.com/johnston-county-north-carolina-farms-and-ranches-for-sale/pid/423862585,,,1.0,0.787,0.441,0.5,0.5
627,0.6158,True,landwatch,423465746,KS,Chautauqua,485.0,1746000.0,3600.0,"Elk City, KS, 67344, Chautauqua County",https://www.landwatch.com/chautauqua-county-kansas-farms-and-ranches-for-sale/pid/423465746,,,1.0,0.84,0.4,0.5,0.5
628,0.6157,True,landwatch,421308417,TN,Mcnairy,226.0,745800.0,3300.0,"Selmer, TN, 38375, McNairy County",https://www.landwatch.com/mcnairy-county-tennessee-undeveloped-land-for-sale/pid/421308417,,,1.0,0.773,0.45,0.5,0.5
629,0.6157,True,landwatch,425410682,OK,Custer,600.0,1500000.0,2500.0,"Butler, OK, 73625, Custer County",https://www.landwatch.com/custer-county-oklahoma-farms-and-ranches-for-sale/pid/425410682,,,1.0,0.595,0.583,0.5,0.5
630,0.6154,True,landwatch,426183860,SD,Day,329.0,723470.0,2199.0,"Waubay, SD, 57274, Day County",https://www.landwatch.com/day-county-south-dakota-farms-and-ranches-for-sale/pid/426183860,,,1.0,0.527,0.634,0.5,0.5
631,0.6152,True,landwatch,425556545,MS,Greene,1023.0,2584454.0,2526.35,"Neely, MS, 39461, Greene County",https://www.landwatch.com/greene-county-mississippi-farms-and-ranches-for-sale/pid/425556545,,,1.0,0.599,0.579,0.5,0.5
632,0.6152,True,landwatch,425931622,TX,Childress,525.0,1695000.0,3228.57,"Childress, TX, 79201, Childress County",https://www.landwatch.com/childress-county-texas-farms-and-ranches-for-sale/pid/425931622,,,1.0,0.755,0.462,0.5,0.5
633,0.6152,True,landwatch,424429791,WI,Langlade,360.0,899900.0,2499.72,"White Lake, WI, 54491, Langlade County",https://www.landwatch.com/langlade-county-wisconsin-recreational-property-for-sale/pid/424429791,,,1.0,0.593,0.583,0.5,0.5
634,0.6151,True,landwatch,425035519,VA,Lunenburg,279.0,1050000.0,3763.44,"Meherrin, VA, 23954, Lunenburg County",https://www.landwatch.com/lunenburg-county-virginia-recreational-property-for-sale/pid/425035519,,,1.0,0.873,0.373,0.5,0.5
635,0.615,True,landsearch,5212861,AR,Sharp,294.0,974500.0,3314.63,"Evening Shade, AR 72513",https://www.landsearch.com/properties/ar-highway-167-evening-shade-ar-72513/5212861,,,1.0,0.773,0.448,0.5,0.5
636,0.6146,True,landwatch,423439433,MI,Marquette,340.0,788800.0,2320.0,"Marquette, MI, 49855, Marquette County",https://www.landwatch.com/marquette-county-michigan-undeveloped-land-for-sale/pid/423439433,,,1.0,0.551,0.613,0.5,0.5
637,0.6144,True,landandfarm,36954633,TX,Harrison,245.0,954759.0,3896.98,"Marshall, TX, 75672",https://www.landandfarm.com/property/timber-pond-creek-good-access-no-restrictions-36954633/,,,1.0,0.9,0.351,0.5,0.5
638,0.6139,True,landandfarm,38304306,MS,Amite,282.0,1043030.0,3698.69,"Osyka, MS, 39657",https://www.landandfarm.com/property/amite-281-90-38304306/,,,1.0,0.853,0.384,0.5,0.5
639,0.6136,True,landwatch,424171622,KS,Kiowa,390.0,1100000.0,2820.51,"Haviland, KS, 67059, Kiowa County",https://www.landwatch.com/kiowa-county-kansas-farms-and-ranches-for-sale/pid/424171622,,,1.0,0.657,0.53,0.5,0.5
640,0.6136,True,landwatch,424555417,MI,Marquette,390.0,1100000.0,2820.51,"Republic, MI, 49879, Marquette County",https://www.landwatch.com/marquette-county-michigan-timberland-property-for-sale/pid/424555417,,,1.0,0.657,0.53,0.5,0.5
641,0.6134,True,landsearch,5249514,GA,Emanuel,207.0,575000.0,2777.78,"Midville, GA 30441",https://www.landsearch.com/properties/120-st-galilee-rd-midville-ga-30441/5249514,,,1.0,0.647,0.537,0.5,0.5
642,0.6134,True,landwatch,426062865,NE,Gosper,636.0,1400000.0,2201.26,"Elwood, NE, 68937, Gosper County",https://www.landwatch.com/gosper-county-nebraska-farms-and-ranches-for-sale/pid/426062865,,,1.0,0.519,0.633,0.5,0.5
643,0.6128,True,landwatch,425366622,AR,Randolph,219.0,690000.0,3150.68,"Ravenden Springs, AR, 72460, Randolph County",https://www.landwatch.com/randolph-county-arkansas-timberland-property-for-sale/pid/425366622,,,1.0,0.727,0.475,0.5,0.5
644,0.6125,True,landwatch,425670227,NJ,Atlantic,310.0,895000.0,2887.1,"Egg Harbor Township, NJ, 08234, Atlantic County",https://www.landwatch.com/atlantic-county-new-jersey-undeveloped-land-for-sale/pid/425670227,,,1.0,0.667,0.519,0.5,0.5
645,0.6121,True,landwatch,425714774,MN,Crow Wing,403.0,1200000.0,2977.67,"Emily, MN, 56447, Crow Wing County",https://www.landwatch.com/crow-wing-county-minnesota-undeveloped-land-for-sale/pid/425714774,,,1.0,0.685,0.504,0.5,0.5
646,0.612,True,landandfarm,34605257,TN,Henderson,818.0,1882159.0,2300.93,"Wildersville, TN, 38388",https://www.landandfarm.com/property/818-acres-of-prime-wildlife-habitat-34605257/,,,1.0,0.534,0.617,0.5,0.5
647,0.6119,True,landwatch,426520497,MS,Oktibbeha,265.0,1126250.0,4250.0,"Crawford, MS, 39743, Oktibbeha County",https://www.landwatch.com/oktibbeha-county-mississippi-recreational-property-for-sale/pid/426520497,,,1.0,0.967,0.292,0.5,0.5
648,0.6119,True,landwatch,425857899,VA,Caroline,410.0,1250000.0,3048.78,"Milford, VA, 22514, Caroline County",https://www.landwatch.com/caroline-county-virginia-recreational-property-for-sale/pid/425857899,,,1.0,0.7,0.492,0.5,0.5
649,0.6118,True,landwatch,421723091,MS,Franklin,229.0,795000.0,3471.62,"Roxie, MS, 39661, Franklin County",https://www.landwatch.com/franklin-county-mississippi-recreational-property-for-sale/pid/421723091,,,1.0,0.793,0.421,0.5,0.5
650,0.6118,True,landsearch,4298777,AL,Marion,201.0,529000.0,2631.84,"Detroit, AL 35552",https://www.landsearch.com/properties/anthony-st-detroit-al-35552/4298777,,,1.0,0.607,0.561,0.5,0.5
651,0.6117,True,landwatch,426505779,NC,Hertford,615.0,1500000.0,2439.02,"Aulander, NC, 27805, Hertford County",https://www.landwatch.com/hertford-county-north-carolina-recreational-property-for-sale/pid/426505779,,,1.0,0.563,0.593,0.5,0.5
652,0.6115,True,landandfarm,37572782,OK,Jackson,1130.0,2500000.0,2212.39,"Eldorado, OK, 73537",https://www.landandfarm.com/property/red-river-ranch-37572782/,,,1.0,0.512,0.631,0.5,0.5
653,0.611,True,landandfarm,38522228,MO,Washington,730.0,1460000.0,2000.0,"Potosi, MO, 63664",https://www.landandfarm.com/property/730-acre-timber-tract-west-of-potosi-with-excellent-trail-system-and-hunti-38522228/,,,1.0,0.462,0.667,0.5,0.5
654,0.6109,True,landwatch,424993991,KS,Osborne,865.0,2159173.0,2496.15,"Natoma, KS, 67651, Osborne County",https://www.landwatch.com/osborne-county-kansas-farms-and-ranches-for-sale/pid/424993991,,,1.0,0.572,0.584,0.5,0.5
655,0.6106,True,landandfarm,37754676,OK,Latimer,611.0,1527500.0,2500.0,"Lequire, OK, 74552",https://www.landandfarm.com/property/611-acres-in-latimer-county-ok-37754676/,,,1.0,0.572,0.583,0.5,0.5
656,0.6104,True,landwatch,421198307,VA,Prince Edward,207.0,588259.0,2841.83,"Meherrin, VA, 23954, Prince Edward County",https://www.landwatch.com/prince-edward-county-virginia-timberland-property-for-sale/pid/421198307,,,1.0,0.647,0.526,0.5,0.5
657,0.6102,True,landwatch,426611175,VA,Amelia,236.0,876946.0,3715.87,"Jetersville, VA, 23083, Amelia County",https://www.landwatch.com/amelia-county-virginia-recreational-property-for-sale/pid/426611175,,,1.0,0.84,0.381,0.5,0.5
658,0.61,True,landwatch,426438369,MS,Lawrence,237.0,888750.0,3750.0,"Ruth, MS, 39662, Lawrence County",https://www.landwatch.com/lawrence-county-mississippi-recreational-property-for-sale/pid/426438369,,,1.0,0.847,0.375,0.5,0.5
659,0.6099,True,landwatch,423165430,MO,Barry,312.0,899000.0,2881.41,"Washburn, MO, 65772, Barry County",https://www.landwatch.com/barry-county-missouri-recreational-property-for-sale/pid/423165430,,,1.0,0.653,0.52,0.5,0.5
660,0.6099,True,landandfarm,38550767,MS,Oktibbeha,400.0,1198000.0,2995.0,"Starkville, MS 39759",https://www.landandfarm.com/property/001-us-82-east-starkville-ms-39759-38550767/,,,1.0,0.678,0.501,0.5,0.5
661,0.6098,True,landwatch,426566336,NJ,Atlantic,318.0,860000.0,2704.4,"Egg Harbor Township, NJ, 08234, Atlantic County",https://www.landwatch.com/atlantic-county-new-jersey-homes-for-sale/pid/426566336,,,1.0,0.613,0.549,0.5,0.5
662,0.6097,True,landwatch,425424743,WI,Ashland,237.0,890000.0,3755.27,"Glidden, WI, 54527, Ashland County",https://www.landwatch.com/ashland-county-wisconsin-homes-for-sale/pid/425424743,,,1.0,0.847,0.374,0.5,0.5
663,0.6097,True,landwatch,425406161,OH,Scioto,237.0,890000.0,3755.27,"Portsmouth, OH, 45662, Scioto County",https://www.landwatch.com/scioto-county-ohio-recreational-property-for-sale/pid/425406161,,,1.0,0.847,0.374,0.5,0.5
664,0.6093,True,landwatch,410697891,MS,Chickasaw,212.0,639000.0,3014.15,"Okolona, MS, 38860, Chickasaw County",https://www.landwatch.com/chickasaw-county-mississippi-farms-and-ranches-for-sale/pid/410697891,,,1.0,0.68,0.498,0.5,0.5
665,0.609,True,landwatch,420031364,AR,White,203.0,558250.0,2750.0,"Judsonia, AR, 72081, White County",https://www.landwatch.com/white-county-arkansas-farms-and-ranches-for-sale/pid/420031364,,,1.0,0.62,0.542,0.5,0.5
666,0.609,True,landwatch,426524465,MN,Cass,309.0,924000.0,2990.29,"Staples, MN, 56479, Cass County",https://www.landwatch.com/cass-county-minnesota-farms-and-ranches-for-sale/pid/426524465,,,1.0,0.673,0.502,0.5,0.5
667,0.6089,True,landwatch,425767837,GA,Tattnall,1013.0,2730035.0,2695.0,"Glennville, GA, 30427, Tattnall County",https://www.landwatch.com/tattnall-county-georgia-recreational-property-for-sale/pid/425767837,,,1.0,0.607,0.551,0.5,0.5
668,0.6089,True,landwatch,426354921,KS,Norton,357.0,929396.0,2603.35,"Lenora, KS, 67645, Norton County",https://www.landwatch.com/norton-county-kansas-farms-and-ranches-for-sale/pid/426354921,,,1.0,0.587,0.566,0.5,0.5
669,0.6087,True,landwatch,426459318,MS,Marion,327.0,758250.0,2318.81,"Foxworth, MS, 39483, Marion County",https://www.landwatch.com/marion-county-mississippi-recreational-property-for-sale/pid/426459318,,,1.0,0.523,0.614,0.5,0.5
670,0.6087,True,landsearch,5160913,GA,Marion,450.0,1575000.0,3500.0,"Buena Vista, GA 31803",https://www.landsearch.com/properties/bill-merritt-rd-buena-vista-ga-31803/5160913,,,1.0,0.785,0.417,0.5,0.5
671,0.6087,True,landwatch,423447161,NC,Bladen,397.0,1187668.0,2991.61,"Clarkton, NC, 28433, Bladen County",https://www.landwatch.com/bladen-county-north-carolina-farms-and-ranches-for-sale/pid/423447161,,,1.0,0.672,0.501,0.5,0.5
672,0.6086,True,landsearch,4957513,OK,Cleveland,259.0,1150000.0,4440.15,"Lexington, OK 73051",https://www.landsearch.com/properties/16351-box-rd-lexington-ok-73051/4957513,,,1.0,0.993,0.26,0.5,0.5
673,0.608,True,landwatch,424393236,VA,Appomattox,310.0,924600.0,2982.58,"Appomattox, VA, 24522, Appomattox County",https://www.landwatch.com/appomattox-county-virginia-recreational-property-for-sale/pid/424393236,,,1.0,0.667,0.503,0.5,0.5
674,0.6079,True,landwatch,426517143,AL,Lowndes,518.0,1787100.0,3450.0,"Mount Willing, AL, 36032, Lowndes County",https://www.landwatch.com/lowndes-county-alabama-recreational-property-for-sale/pid/426517143,,,1.0,0.77,0.425,0.5,0.5
675,0.6078,True,landwatch,425948361,KY,Wayne,265.0,1149000.0,4335.85,"Monticello, KY, 42633, Wayne County",https://www.landwatch.com/wayne-county-kentucky-undeveloped-land-for-sale/pid/425948361,,,1.0,0.967,0.277,0.5,0.5
676,0.6078,True,landwatch,426343477,PA,Bradford,252.0,1070000.0,4246.03,"Canton, PA, 17724, Bradford County",https://www.landwatch.com/bradford-county-pennsylvania-recreational-property-for-sale/pid/426343477,,,1.0,0.947,0.292,0.5,0.5
677,0.6077,True,landwatch,424641901,KS,Norton,318.0,873950.0,2748.27,"Densmore, KS, 67646, Norton County",https://www.landwatch.com/norton-county-kansas-farms-and-ranches-for-sale/pid/424641901,,,1.0,0.613,0.542,0.5,0.5
678,0.6077,True,landwatch,420403536,SD,Brown,711.0,1422000.0,2000.0,"Hecla, SD, 57446, Brown County",https://www.landwatch.com/brown-county-south-dakota-farms-and-ranches-for-sale/pid/420403536,,,1.0,0.447,0.667,0.5,0.5
679,0.6077,True,landwatch,424826050,TX,Titus,274.0,1115000.0,4069.34,"Mount Pleasant, TX, 75455, Titus County",https://www.landwatch.com/titus-county-texas-farms-and-ranches-for-sale/pid/424826050,,,1.0,0.907,0.322,0.5,0.5
680,0.6075,True,landwatch,426272854,MS,Carroll,366.0,995000.0,2718.58,"Attala County, MS",https://www.landwatch.com/carroll-county-mississippi-recreational-property-for-sale/pid/426272854,,,1.0,0.606,0.547,0.5,0.5
681,0.6075,True,landwatch,426604634,NC,Onslow,298.0,999000.0,3352.35,"Richlands, NC, 28574, Onslow County",https://www.landwatch.com/onslow-county-north-carolina-recreational-property-for-sale/pid/426604634,,,1.0,0.747,0.441,0.5,0.5
682,0.6072,True,landwatch,426122536,NC,Pender,382.0,1100000.0,2879.58,"Currie, NC, 28435, Pender County",https://www.landwatch.com/pender-county-north-carolina-timberland-property-for-sale/pid/426122536,,,1.0,0.64,0.52,0.5,0.5
683,0.6071,True,landwatch,425497944,KS,Trego,320.0,864000.0,2700.0,"Collyer, KS, 67631, Trego County",https://www.landwatch.com/trego-county-kansas-farms-and-ranches-for-sale/pid/425497944,,,1.0,0.6,0.55,0.5,0.5
684,0.6071,True,landandfarm,39860283,OK,Atoka,240.0,936000.0,3900.0,"Atoka, OK, 74525",https://www.landandfarm.com/property/boggy-creek-240-39860283/,,,1.0,0.867,0.35,0.5,0.5
685,0.6065,True,landandfarm,40648365,GA,Jefferson,445.0,1556702.0,3498.21,"Louisville, GA, 30434",https://www.landandfarm.com/property/graves-kellam-40648365/,,,1.0,0.774,0.417,0.5,0.5
686,0.6065,True,landwatch,426123327,AL,Dallas,393.0,1179000.0,3000.0,"Minter, AL, 36761, Dallas County",https://www.landwatch.com/dallas-county-alabama-recreational-property-for-sale/pid/426123327,,,1.0,0.663,0.5,0.5,0.5
687,0.6064,True,landwatch,425579749,KY,Lewis,475.0,1799000.0,3787.37,"Vanceburg, KY, 41179, Lewis County",https://www.landwatch.com/lewis-county-kentucky-homes-for-sale/pid/425579749,,,1.0,0.838,0.369,0.5,0.5
688,0.6062,True,landwatch,426497580,AL,Choctaw,785.0,1807000.0,2301.91,"Butler, AL, 36904, Choctaw County",https://www.landwatch.com/choctaw-county-alabama-recreational-property-for-sale/pid/426497580,,,1.0,0.507,0.616,0.5,0.5
689,0.6062,True,landwatch,420741455,AL,Escambia,226.0,791000.0,3500.0,"Brewton, AL, 36426, Escambia County",https://www.landwatch.com/escambia-county-alabama-farms-and-ranches-for-sale/pid/420741455,,,1.0,0.773,0.417,0.5,0.5
690,0.6062,True,landsearch,5156871,GA,Webster,403.0,1250000.0,3101.74,"Preston, GA 31824",https://www.landsearch.com/properties/county-road-62-preston-ga-31824/5156871,,,1.0,0.685,0.483,0.5,0.5
691,0.6061,True,landwatch,424330624,MS,Prentiss,701.0,1399000.0,1995.72,"Booneville, MS, 38829, Prentiss County",https://www.landwatch.com/prentiss-county-mississippi-recreational-property-for-sale/pid/424330624,,,1.0,0.439,0.667,0.5,0.5
692,0.606,True,landwatch,425483966,OK,Muskogee,496.0,1835200.0,3700.0,"Warner, OK, 74403, Muskogee County",https://www.landwatch.com/muskogee-county-oklahoma-farms-and-ranches-for-sale/pid/425483966,,,1.0,0.817,0.383,0.5,0.5
693,0.6049,True,landwatch,425719934,TN,Stewart,900.0,2475000.0,2750.0,"Stewart, TN, 37175, Stewart County",https://www.landwatch.com/stewart-county-tennessee-timberland-property-for-sale/pid/425719934,,,1.0,0.601,0.542,0.5,0.5
694,0.6048,True,landwatch,424167399,NY,Columbia,301.0,999000.0,3318.94,"Hillsdale, NY, 12529, Columbia County",https://www.landwatch.com/columbia-county-new-york-lakefront-property-for-sale/pid/424167399,,,1.0,0.727,0.447,0.5,0.5
695,0.6048,True,landsearch,5235625,AR,Independence,200.0,549900.0,2749.5,"Bradford, AR 72020",https://www.landsearch.com/properties/overlook-dr-bradford-ar-72020/5235625,,,1.0,0.6,0.542,0.5,0.5
696,0.6048,True,landwatch,425121887,NC,Robeson,240.0,948000.0,3950.0,"Fairmont, NC, 28340, Robeson County",https://www.landwatch.com/robeson-county-north-carolina-farms-and-ranches-for-sale/pid/425121887,,,1.0,0.867,0.342,0.5,0.5
697,0.6046,True,landwatch,426256610,KS,Pawnee,1131.0,2661600.0,2353.32,"Larned, KS, 67550, Pawnee County",https://www.landwatch.com/pawnee-county-kansas-farms-and-ranches-for-sale/pid/426256610,,,1.0,0.511,0.608,0.5,0.5
698,0.6045,True,landwatch,426225570,MS,Union,208.0,622960.0,2995.0,"Blue Springs, MS, 38828, Union County",https://www.landwatch.com/union-county-mississippi-recreational-property-for-sale/pid/426225570,,,1.0,0.653,0.501,0.5,0.5
699,0.6045,True,landsearch,4955014,KY,Hart,258.0,1159799.0,4495.34,"Horse Cave, KY 42749",https://www.landsearch.com/properties/fisher-ridge-rd-horse-cave-ky-42749/4955014,,,1.0,0.987,0.251,0.5,0.5
700,0.6044,True,landwatch,425830280,OK,Pontotoc,585.0,1684800.0,2880.0,"Byng, OK, 74820, Pontotoc County",https://www.landwatch.com/pontotoc-county-oklahoma-recreational-property-for-sale/pid/425830280,,,1.0,0.627,0.52,0.5,0.5
701,0.6033,True,landwatch,424320332,AR,Montgomery,360.0,990000.0,2750.0,"Caddo Gap, AR, 71935, Montgomery County",https://www.landwatch.com/montgomery-county-arkansas-recreational-property-for-sale/pid/424320332,,,1.0,0.593,0.542,0.5,0.5
702,0.6029,True,landwatch,426451476,AL,Crenshaw,240.0,957600.0,3990.0,"Brantley, AL, 36009, Crenshaw County",https://www.landwatch.com/crenshaw-county-alabama-recreational-property-for-sale/pid/426451476,,,1.0,0.867,0.335,0.5,0.5
703,0.6028,True,landwatch,425057797,MS,Monroe,303.0,1000000.0,3300.33,"Aberdeen, MS, 39730, Monroe County",https://www.landwatch.com/monroe-county-mississippi-recreational-property-for-sale/pid/425057797,,,1.0,0.713,0.45,0.5,0.5
704,0.6026,True,landwatch,423384668,OK,Garvin,240.0,958800.0,3995.0,"Wynnewood, OK, 73098, Garvin County",https://www.landwatch.com/garvin-county-oklahoma-farms-and-ranches-for-sale/pid/423384668,,,1.0,0.867,0.334,0.5,0.5
705,0.6026,True,landwatch,420484872,MO,Barry,230.0,850000.0,3695.65,"Seligman, MO, 65745, Barry County",https://www.landwatch.com/barry-county-missouri-recreational-property-for-sale/pid/420484872,,,1.0,0.8,0.384,0.5,0.5
706,0.6025,True,landwatch,426088712,OK,Woodward,320.0,894988.0,2796.84,"Mooreland, OK, 73852, Woodward County",https://www.landwatch.com/woodward-county-oklahoma-farms-and-ranches-for-sale/pid/426088712,,,1.0,0.6,0.534,0.5,0.5
707,0.6024,True,landwatch,425534491,OK,Greer,800.0,1950000.0,2437.5,"Reed, OK, 73550, Greer County",https://www.landwatch.com/greer-county-oklahoma-farms-and-ranches-for-sale/pid/425534491,,,1.0,0.519,0.594,0.5,0.5
708,0.6023,True,landsearch,5197220,OK,Custer,680.0,1360000.0,2000.0,"Canute, OK 73626",https://www.landsearch.com/properties/e-1040-rd-canute-ok-73626/5197220,,,1.0,0.422,0.667,0.5,0.5
709,0.6022,True,landandfarm,39799723,AR,Howard,1026.0,2860448.0,2787.96,"Dierks, AR, 71833",https://www.landandfarm.com/property/saline-river-39799723/,,,1.0,0.597,0.535,0.5,0.5
710,0.6022,True,landwatch,425820885,VA,Giles,243.0,995000.0,4094.65,"Pearisburg, VA, 24134, Giles County",https://www.landwatch.com/giles-county-virginia-undeveloped-land-for-sale/pid/425820885,,,1.0,0.887,0.318,0.5,0.5
711,0.6022,True,landwatch,425764111,TN,Henderson,234.0,895000.0,3824.79,"Cedar Grove, TN, 38321, Henderson County",https://www.landwatch.com/henderson-county-tennessee-farms-and-ranches-for-sale/pid/425764111,,,1.0,0.827,0.363,0.5,0.5
712,0.6021,True,landwatch,426502215,TN,Carroll,312.0,950000.0,3044.87,"Holladay, TN, 38341, Carroll County",https://www.landwatch.com/carroll-county-tennessee-recreational-property-for-sale/pid/426502215,,,1.0,0.653,0.493,0.5,0.5
713,0.6021,True,landandfarm,36625708,GA,Randolph,430.0,1481844.0,3446.15,"Shellman, GA, 39886",https://www.landandfarm.com/property/supertree-nursery-36625708/,,,1.0,0.742,0.426,0.5,0.5
714,0.6021,True,landwatch,424781588,AR,Hempstead,480.0,1885000.0,3927.08,"McCaskill, AR, 71847, Hempstead County",https://www.landwatch.com/hempstead-county-arkansas-recreational-property-for-sale/pid/424781588,,,1.0,0.849,0.345,0.5,0.5
715,0.6019,True,landwatch,425747186,KS,Labette,228.0,832200.0,3650.0,"Edna, KS, 67342, Labette County",https://www.landwatch.com/labette-county-kansas-farms-and-ranches-for-sale/pid/425747186,,,1.0,0.787,0.392,0.5,0.5
716,0.6019,True,landandfarm,40186425,AL,Washington,1066.0,2823945.0,2649.1,"Vinegar Bend, AL, 36584",https://www.landandfarm.com/property/walley-vinegar-bend-hunting-timber-investment-40186425/,,,1.0,0.564,0.558,0.5,0.5
717,0.6014,True,landwatch,423507306,KS,Chautauqua,231.0,866250.0,3750.0,"Elk City, KS, 67344, Chautauqua County",https://www.landwatch.com/chautauqua-county-kansas-farms-and-ranches-for-sale/pid/423507306,,,1.0,0.807,0.375,0.5,0.5
718,0.6014,True,landwatch,426391076,TN,Henderson,487.0,1890900.0,3882.75,"Wildersville, TN, 38388, Henderson County",https://www.landwatch.com/henderson-county-tennessee-farms-and-ranches-for-sale/pid/426391076,,,1.0,0.836,0.353,0.5,0.5
719,0.6012,True,landwatch,425451749,OH,Lawrence,243.0,1000000.0,4115.23,"Willow Wood, OH, 45696, Lawrence County",https://www.landwatch.com/lawrence-county-ohio-recreational-property-for-sale/pid/425451749,,,1.0,0.887,0.314,0.5,0.5
720,0.6008,True,landsearch,5252011,TX,Coke,481.0,1901293.0,3952.79,"Robert Lee, TX 76945",https://www.landsearch.com/properties/13065-tx-158-robert-lee-tx-76945/5252011,,,1.0,0.849,0.341,0.5,0.5
721,0.6002,True,landsearch,5156870,GA,Webster,310.0,975000.0,3145.16,"Richland, GA 31825",https://www.landsearch.com/properties/10200-us-280-richland-ga-31825/5156870,,,1.0,0.667,0.476,0.5,0.5
722,0.6,True,landwatch,426222136,SD,Edmunds,320.0,912000.0,2850.0,"Roscoe, SD, 57471, Edmunds County",https://www.landwatch.com/edmunds-county-south-dakota-farms-and-ranches-for-sale/pid/426222136,,,1.0,0.6,0.525,0.5,0.5
723,0.5998,True,landwatch,417729685,MS,Claiborne,1042.0,2896760.0,2780.0,"Port Gibson, MS, 39150, Claiborne County",https://www.landwatch.com/claiborne-county-mississippi-recreational-property-for-sale/pid/417729685,,,1.0,0.584,0.537,0.5,0.5
724,0.5998,True,landwatch,425510200,KY,Cumberland,600.0,1700000.0,2833.33,"Burkesville, KY, 42717, Cumberland County",https://www.landwatch.com/cumberland-county-kentucky-recreational-property-for-sale/pid/425510200,,,1.0,0.595,0.528,0.5,0.5
725,0.5998,True,landwatch,426266649,KS,Smith,295.0,1063440.0,3604.88,"Smith Center, KS, 66967, Smith County",https://www.landwatch.com/smith-county-kansas-farms-and-ranches-for-sale/pid/426266649,,,1.0,0.767,0.399,0.5,0.5
726,0.5994,True,landandfarm,37986790,OK,Dewey,800.0,2000000.0,2500.0,"Leedey, OK, 73654",https://www.landandfarm.com/property/barnitz-creek-ranch-37986790/,,,1.0,0.519,0.583,0.5,0.5
727,0.599,True,landwatch,425488151,KS,Wabaunsee,460.0,1748000.0,3800.0,"Harveyville, KS, 66431, Wabaunsee County",https://www.landwatch.com/wabaunsee-county-kansas-farms-and-ranches-for-sale/pid/425488151,,,1.0,0.806,0.367,0.5,0.5
728,0.5989,True,landwatch,424033151,NE,Brown,478.0,1900000.0,3974.9,"Long Pine, NE 69217",https://www.landwatch.com/brown-county-nebraska-farms-and-ranches-for-sale/pid/424033151,,,1.0,0.845,0.338,0.5,0.5
729,0.5987,True,landwatch,426451212,NE,Custer,294.0,1075000.0,3656.46,"Mason City, NE, 68855, Custer County",https://www.landwatch.com/custer-county-nebraska-farms-and-ranches-for-sale/pid/426451212,,,1.0,0.773,0.391,0.5,0.5
730,0.5987,True,landwatch,425042027,MN,Clearwater,394.0,1250000.0,3172.59,"Bagley, MN, 56621, Clearwater County",https://www.landwatch.com/clearwater-county-minnesota-undeveloped-land-for-sale/pid/425042027,,,1.0,0.666,0.471,0.5,0.5
731,0.5983,True,landwatch,426517200,VA,Pittsylvania,427.0,1493795.0,3498.35,"Tunstall, VA, 24054, Pittsylvania County",https://www.landwatch.com/pittsylvania-county-virginia-recreational-property-for-sale/pid/426517200,,,1.0,0.736,0.417,0.5,0.5
732,0.5982,True,landwatch,426583552,MO,Saint Clair,485.0,1925000.0,3969.07,"Osceola, MO, 64776, Saint Clair County",https://www.landwatch.com/saint-clair-county-missouri-recreational-property-for-sale/pid/426583552,,,1.0,0.84,0.338,0.5,0.5
733,0.5981,True,landandfarm,35111441,KY,Lewis,832.0,2200000.0,2644.23,"Vanceburg, KY, 41179",https://www.landandfarm.com/property/farms-vanceburg-ky-35111441/,,,1.0,0.545,0.559,0.5,0.5
734,0.598,True,landwatch,415235626,AR,Faulkner,266.0,1200000.0,4511.28,"Conway, AR",https://www.landwatch.com/faulkner-county-arkansas-farms-and-ranches-for-sale/pid/415235626,,,1.0,0.96,0.248,0.5,0.5
735,0.598,True,landwatch,426659652,MS,Lincoln,266.0,1200000.0,4511.28,"Brookhaven, MS, 39601, Lincoln County",https://www.landwatch.com/lincoln-county-mississippi-recreational-property-for-sale/pid/426659652,,,1.0,0.96,0.248,0.5,0.5
736,0.5979,True,landwatch,425447829,KS,Ness,321.0,799000.0,2489.1,"Brownell, KS, 67521, Ness County",https://www.landwatch.com/ness-county-kansas-farms-and-ranches-for-sale/pid/425447829,,,1.0,0.51,0.585,0.5,0.5
737,0.5978,True,landwatch,425860380,TN,Tipton,250.0,1099000.0,4396.0,"Drummonds, TN, 38015, Tipton County",https://www.landwatch.com/tipton-county-tennessee-farms-and-ranches-for-sale/pid/425860380,,,1.0,0.933,0.267,0.5,0.5
738,0.5978,True,landwatch,424305442,NE,Dawes,400.0,1300000.0,3250.0,"Crawford, NE, 69339, Dawes County",https://www.landwatch.com/dawes-county-nebraska-farms-and-ranches-for-sale/pid/424305442,,,1.0,0.678,0.458,0.5,0.5
739,0.5977,True,landandfarm,41013564,VA,Middlesex,658.0,1326200.0,2015.5,"Saluda, VA, 23149",https://www.landandfarm.com/property/land-saluda-va-41013564/,,,1.0,0.404,0.664,0.5,0.5
740,0.5976,True,landsearch,5202377,NY,Otsego,517.0,1900000.0,3675.05,"Morris, NY 13808",https://www.landsearch.com/properties/373-county-highway-10-morris-ny-13808/5202377,,,1.0,0.772,0.387,0.5,0.5
741,0.5974,True,landsearch,4948663,KY,Hickman,976.0,3000000.0,3073.77,"Columbus, KY 42032",https://www.landsearch.com/properties/columbus-ky-42032/4948663,,,1.0,0.637,0.488,0.5,0.5
742,0.5973,True,landwatch,424479634,AR,Jefferson,311.0,988000.0,3176.85,"Pine Bluff, AR, 71603, Jefferson County",https://www.landwatch.com/jefferson-county-arkansas-recreational-property-for-sale/pid/424479634,,,1.0,0.66,0.471,0.5,0.5
743,0.5973,True,landwatch,426168649,KS,Comanche,321.0,803250.0,2502.34,"Coldwater, KS, 67029, Comanche County",https://www.landwatch.com/comanche-county-kansas-recreational-property-for-sale/pid/426168649,,,1.0,0.51,0.583,0.5,0.5
744,0.5971,True,landwatch,424702278,AL,Escambia,594.0,1750000.0,2946.13,"Flomaton, AL, 36441, Escambia County",https://www.landwatch.com/escambia-county-alabama-recreational-property-for-sale/pid/424702278,,,1.0,0.608,0.509,0.5,0.5
745,0.5971,True,landwatch,426027975,AL,Barbour,240.0,986400.0,4110.0,"Clio, AL, 36017, Barbour County",https://www.landwatch.com/barbour-county-alabama-farms-and-ranches-for-sale/pid/426027975,,,1.0,0.867,0.315,0.5,0.5
746,0.5969,True,landwatch,333214222,NC,Halifax,372.0,1116000.0,3000.0,"Hobgood, NC, 27843, Halifax County",https://www.landwatch.com/halifax-county-north-carolina-timberland-property-for-sale/pid/333214222,,,1.0,0.619,0.5,0.5,0.5
747,0.5968,True,landwatch,425215879,AR,Jefferson,424.0,1484000.0,3500.0,"Pine Bluff, AR, 71601, Jefferson County",https://www.landwatch.com/jefferson-county-arkansas-recreational-property-for-sale/pid/425215879,,,1.0,0.73,0.417,0.5,0.5
748,0.5968,True,landwatch,421363824,MO,Dent,881.0,2511705.0,2850.97,"Jadwin, MO, 65501, Dent County",https://www.landwatch.com/dent-county-missouri-farms-and-ranches-for-sale/pid/421363824,,,1.0,0.585,0.525,0.5,0.5
749,0.5968,True,landwatch,424973875,AL,Lowndes,524.0,1900000.0,3625.95,"Gordonville, AL, 36040, Lowndes County",https://www.landwatch.com/lowndes-county-alabama-recreational-property-for-sale/pid/424973875,,,1.0,0.757,0.396,0.5,0.5
750,0.5967,True,landwatch,426073483,TX,Mcculloch,226.0,836200.0,3700.0,"Lohn, TX, 76852, McCulloch County",https://www.landwatch.com/mcculloch-county-texas-farms-and-ranches-for-sale/pid/426073483,,,1.0,0.773,0.383,0.5,0.5
751,0.5965,True,landwatch,426123334,KS,Ellis,395.0,1275000.0,3227.85,"Hays, KS, 67601, Ellis County",https://www.landwatch.com/ellis-county-kansas-farms-and-ranches-for-sale/pid/426123334,,,1.0,0.668,0.462,0.5,0.5
752,0.5962,True,landwatch,423426293,PA,Clearfield,328.0,850000.0,2591.46,"Mahaffey, PA, 15757, Clearfield County",https://www.landwatch.com/clearfield-county-pennsylvania-undeveloped-land-for-sale/pid/423426293,,,1.0,0.525,0.568,0.5,0.5
753,0.5958,True,landsearch,4951762,VA,Franklin,788.0,1995000.0,2531.73,"Callaway, VA 24067",https://www.landsearch.com/properties/dugspur-rd-callaway-va-24067/4951762,,,1.0,0.51,0.578,0.5,0.5
754,0.5955,True,landwatch,425933986,MO,Texas,249.0,1099000.0,4413.65,"Salem, MO, 65560, Texas County",https://www.landwatch.com/texas-county-missouri-farms-and-ranches-for-sale/pid/425933986,,,1.0,0.927,0.264,0.5,0.5
755,0.5955,True,landwatch,423180137,SD,Mellette,285.0,1138240.0,3993.82,"Norris, SD, 57560, Mellette County",https://www.landwatch.com/mellette-county-south-dakota-farms-and-ranches-for-sale/pid/423180137,,,1.0,0.833,0.334,0.5,0.5
756,0.5955,True,landwatch,421566582,WI,Douglas,200.0,589000.0,2945.0,"Maple, WI, 54854, Douglas County",https://www.landwatch.com/douglas-county-wisconsin-undeveloped-land-for-sale/pid/421566582,,,1.0,0.6,0.509,0.5,0.5
757,0.5954,True,landwatch,426198286,MS,Holmes,360.0,1050000.0,2916.67,"Lexington, MS, 39095, Holmes County",https://www.landwatch.com/holmes-county-mississippi-recreational-property-for-sale/pid/426198286,,,1.0,0.593,0.514,0.5,0.5
758,0.5952,True,landwatch,415820092,NY,Washington,759.0,1850000.0,2437.42,"Salem, NY, 12865, Washington County",https://www.landwatch.com/washington-county-new-york-timberland-property-for-sale/pid/415820092,,,1.0,0.486,0.594,0.5,0.5
759,0.5952,True,landwatch,424985810,KS,Comanche,624.0,1684800.0,2700.0,"Wilmore, KS, 67155, Comanche County",https://www.landwatch.com/comanche-county-kansas-farms-and-ranches-for-sale/pid/424985810,,,1.0,0.544,0.55,0.5,0.5
760,0.595,True,landwatch,426200971,NY,Saint Lawrence,335.0,899000.0,2683.58,"Gouverneur, NY, 13642, Saint Lawrence County",https://www.landwatch.com/saint-lawrence-county-new-york-farms-and-ranches-for-sale/pid/426200971,,,1.0,0.54,0.553,0.5,0.5
761,0.5948,True,landwatch,425490484,GA,Laurens,430.0,1548000.0,3600.0,"Glenwood, GA, 30428, Laurens County",https://www.landwatch.com/laurens-county-georgia-recreational-property-for-sale/pid/425490484,,,1.0,0.742,0.4,0.5,0.5
762,0.5946,True,landwatch,426286943,OK,Hughes,240.0,999000.0,4162.5,"Holdenville, OK, 74848, Hughes County",https://www.landwatch.com/hughes-county-oklahoma-recreational-property-for-sale/pid/426286943,,,1.0,0.867,0.306,0.5,0.5
763,0.5946,True,landandfarm,41030921,GA,Hancock,221.0,794015.0,3592.83,"Sparta, GA, 31087",https://www.landandfarm.com/property/fort-creek-timberlands-41030921/,,,1.0,0.74,0.401,0.5,0.5
764,0.5945,True,landwatch,426343471,IL,Alexander,381.0,1195000.0,3136.48,"Thebes, IL, 62990, Alexander County",https://www.landwatch.com/alexander-county-illinois-recreational-property-for-sale/pid/426343471,,,1.0,0.638,0.477,0.5,0.5
765,0.5945,True,landwatch,416716261,AR,Lafayette,704.0,1585282.0,2251.82,"Lewisville, AR, 71845, Lafayette County",https://www.landwatch.com/lafayette-county-arkansas-recreational-property-for-sale/pid/416716261,,,1.0,0.441,0.625,0.5,0.5
766,0.5943,True,landwatch,425292414,KS,Chautauqua,572.0,1840000.0,3216.78,"Sedan, KS, 67361, Chautauqua County",https://www.landwatch.com/chautauqua-county-kansas-farms-and-ranches-for-sale/pid/425292414,,,1.0,0.655,0.464,0.5,0.5
767,0.5943,True,landwatch,424423418,MS,Desoto,329.0,869000.0,2641.34,"Hernando, MS, 38632, DeSoto County",https://www.landwatch.com/desoto-county-mississippi-recreational-property-for-sale/pid/424423418,,,1.0,0.527,0.56,0.5,0.5
768,0.5942,True,landwatch,422080113,TN,Scott,374.0,1150000.0,3074.87,"Robbins, TN, 37852, Scott County",https://www.landwatch.com/scott-county-tennessee-recreational-property-for-sale/pid/422080113,,,1.0,0.623,0.488,0.5,0.5
769,0.5938,True,landwatch,424841889,GA,Wilkinson,204.0,632400.0,3100.0,"Toomsboro, GA, 31090, Wilkinson County",https://www.landwatch.com/wilkinson-county-georgia-recreational-property-for-sale/pid/424841889,,,1.0,0.627,0.483,0.5,0.5
770,0.5936,True,landwatch,425436018,OK,Pittsburg,460.0,1800000.0,3913.04,"Mcalester, OK, 74501, Pittsburg County",https://www.landwatch.com/pittsburg-county-oklahoma-farms-and-ranches-for-sale/pid/425436018,,,1.0,0.806,0.348,0.5,0.5
771,0.5935,True,landwatch,425392129,NC,Richmond,273.0,1200000.0,4395.6,"Rockingham, NC, 28379, Richmond County",https://www.landwatch.com/richmond-county-north-carolina-recreational-property-for-sale/pid/425392129,,,1.0,0.913,0.267,0.5,0.5
772,0.5935,True,landwatch,413366192,OK,Sequoyah,635.0,1669500.0,2629.13,"Minutes from Muskogee, OK",https://www.landwatch.com/sequoyah-county-oklahoma-recreational-property-for-sale/pid/413366192,,,1.0,0.521,0.562,0.5,0.5
773,0.5934,True,landwatch,424890428,NC,Richmond,378.0,1183000.0,3129.63,"Ellerbe, NC, 28338, Richmond County",https://www.landwatch.com/richmond-county-north-carolina-recreational-property-for-sale/pid/424890428,,,1.0,0.632,0.478,0.5,0.5
774,0.5934,True,landwatch,416373024,VA,Surry,203.0,625000.0,3078.82,"Waverly, VA, 23890, Surry County",https://www.landwatch.com/surry-county-virginia-recreational-property-for-sale/pid/416373024,,,1.0,0.62,0.487,0.5,0.5
775,0.5934,True,landsearch,5222352,MO,Douglas,373.0,1150000.0,3083.11,"Ava, MO 65608",https://www.landsearch.com/properties/county-road-321-rte-5-ava-mo-65608/5222352,,,1.0,0.621,0.486,0.5,0.5
776,0.5934,True,landwatch,418597859,NY,Jefferson,435.0,1600000.0,3678.16,"Henderson, NY, 13650, Jefferson County",https://www.landwatch.com/jefferson-county-new-york-recreational-property-for-sale/pid/418597859,,,1.0,0.753,0.387,0.5,0.5
777,0.5933,True,landwatch,422508913,MI,Alger,485.0,1975000.0,4072.16,"Au Train, MI, 49806, Alger County",https://www.landwatch.com/alger-county-michigan-timberland-property-for-sale/pid/422508913,,,1.0,0.84,0.321,0.5,0.5
778,0.5933,True,landwatch,425720115,KY,Butler,220.0,789900.0,3590.45,"Morgantown, KY, 42261, Butler County",https://www.landwatch.com/butler-county-kentucky-recreational-property-for-sale/pid/425720115,,,1.0,0.733,0.402,0.5,0.5
779,0.5933,True,landwatch,426021645,KY,Hopkins,576.0,1843200.0,3200.0,"Nortonville, KY, 42442, Hopkins County",https://www.landwatch.com/hopkins-county-kentucky-farms-and-ranches-for-sale/pid/426021645,,,1.0,0.646,0.467,0.5,0.5
780,0.5932,True,landwatch,421528394,AR,Ashley,390.0,1267500.0,3250.0,"Crossett, AR, 71635, Ashley County",https://www.landwatch.com/ashley-county-arkansas-recreational-property-for-sale/pid/421528394,,,1.0,0.657,0.458,0.5,0.5
781,0.5929,True,landwatch,425554423,AR,Lawrence,200.0,600000.0,3000.0,"Ravenden, AR, 72459, Lawrence County",https://www.landwatch.com/lawrence-county-arkansas-recreational-property-for-sale/pid/425554423,,,1.0,0.6,0.5,0.5,0.5
782,0.5929,True,landwatch,425614849,GA,Wilcox,245.0,1065750.0,4350.0,"Rochelle, GA, 31079, Wilcox County",https://www.landwatch.com/wilcox-county-georgia-recreational-property-for-sale/pid/425614849,,,1.0,0.9,0.275,0.5,0.5
783,0.5929,True,landandfarm,40995579,AL,Tuscaloosa,270.0,1215000.0,4500.0,"Buhl, AL, 35446",https://www.landandfarm.com/property/hammer-creek-hunting-timber-homesite-40995579/,,,1.0,0.933,0.25,0.5,0.5
784,0.5929,True,landsearch,5227975,AR,Searcy,780.0,2000000.0,2564.1,"Leslie, AR 72645",https://www.landsearch.com/properties/319-gooseberry-ln-leslie-ar-72645/5227975,,,1.0,0.503,0.573,0.5,0.5
785,0.5923,True,landandfarm,39354741,MS,Lafayette,404.0,1375000.0,3403.47,"Oxford, MS, 38655",https://www.landandfarm.com/property/lafayette-404-39354741/,,,1.0,0.687,0.433,0.5,0.5
786,0.5921,True,landwatch,425347546,NY,Delaware,1184.0,2868000.0,2422.3,"Hancock, NY, 13783, Delaware County",https://www.landwatch.com/delaware-county-new-york-timberland-property-for-sale/pid/425347546,,,1.0,0.468,0.596,0.5,0.5
787,0.5921,True,landwatch,425374288,WI,Bayfield,384.0,1235000.0,3216.15,"Iron River, WI, 54847, Bayfield County",https://www.landwatch.com/bayfield-county-wisconsin-undeveloped-land-for-sale/pid/425374288,,,1.0,0.644,0.464,0.5,0.5
788,0.5918,True,landwatch,420865155,IL,Pulaski,460.0,1817000.0,3950.0,"Karnak, IL, 62956, Pulaski County",https://www.landwatch.com/pulaski-county-illinois-recreational-property-for-sale/pid/420865155,,,1.0,0.806,0.342,0.5,0.5
789,0.5917,True,landwatch,423545643,OK,Osage,345.0,983250.0,2850.0,"Pawhuska, OK, 74056, Osage County",https://www.landwatch.com/osage-county-oklahoma-farms-and-ranches-for-sale/pid/423545643,,,1.0,0.561,0.525,0.5,0.5
790,0.5917,True,landwatch,424300473,MS,Monroe,390.0,1280000.0,3282.05,"Aberdeen, MS, 39730, Monroe County",https://www.landwatch.com/monroe-county-mississippi-recreational-property-for-sale/pid/424300473,,,1.0,0.657,0.453,0.5,0.5
791,0.5916,True,landwatch,426260071,MO,Pulaski,224.0,839400.0,3747.32,"Dixon, MO, 65459, Pulaski County",https://www.landwatch.com/pulaski-county-missouri-farms-and-ranches-for-sale/pid/426260071,,,1.0,0.76,0.375,0.5,0.5
792,0.5915,True,landandfarm,38596559,AL,Lowndes,864.0,2505600.0,2900.0,"Gordonville, AL, 36040",https://www.landandfarm.com/property/864-acres-lowndes-county-fostoria-tract-38596559/,,,1.0,0.571,0.517,0.5,0.5
793,0.5913,True,landwatch,426090752,AL,Barbour,210.0,700000.0,3333.33,"Midway, AL, 36053, Barbour County",https://www.landwatch.com/barbour-county-alabama-recreational-property-for-sale/pid/426090752,,,1.0,0.667,0.444,0.5,0.5
794,0.591,True,landwatch,426219831,SD,Mccook,229.0,895000.0,3908.3,"Emery, SD, 57332, McCook County",https://www.landwatch.com/mccook-county-south-dakota-recreational-property-for-sale/pid/426219831,,,1.0,0.793,0.349,0.5,0.5
795,0.5908,True,landwatch,425485157,KY,Estill,263.0,1250000.0,4752.85,"Irvine, KY, 40336, Estill County",https://www.landwatch.com/estill-county-kentucky-farms-and-ranches-for-sale/pid/425485157,,,1.0,0.98,0.208,0.5,0.5
796,0.5907,True,landandfarm,36880415,AL,Lowndes,885.0,2649000.0,2993.22,"Letohatchee, AL, 36047",https://www.landandfarm.com/property/885-acres-in-lowndes-county-36880415/,,,1.0,0.589,0.501,0.5,0.5
797,0.5907,True,landsearch,3356937,AL,Colbert,622.0,1750000.0,2813.5,"Tuscumbia, AL 35674",https://www.landsearch.com/properties/underwood-mountain-rd-tuscumbia-al-35674/3356937,,,1.0,0.548,0.531,0.5,0.5
798,0.5907,True,landwatch,423852570,TN,Hardeman,330.0,900000.0,2727.27,"Hornsby, TN, 38044, Hardeman County",https://www.landwatch.com/hardeman-county-tennessee-recreational-property-for-sale/pid/423852570,,,1.0,0.529,0.545,0.5,0.5
799,0.5906,True,landwatch,426374866,SD,Gregory,305.0,1066835.0,3497.82,"Burke, SD, 57523, Gregory County",https://www.landwatch.com/gregory-county-south-dakota-farms-and-ranches-for-sale/pid/426374866,,,1.0,0.7,0.417,0.5,0.5
800,0.5902,True,landwatch,423300009,OK,Pittsburg,720.0,1728000.0,2400.0,"Mcalester, OK, 74501, Pittsburg County",https://www.landwatch.com/pittsburg-county-oklahoma-undeveloped-land-for-sale/pid/423300009,,,1.0,0.454,0.6,0.5,0.5
801,0.5901,True,landwatch,426665304,KY,Jackson,456.0,1800000.0,3947.37,"McKee, KY, 40447, Jackson County",https://www.landwatch.com/jackson-county-kentucky-recreational-property-for-sale/pid/426665304,,,1.0,0.798,0.342,0.5,0.5
802,0.5899,True,landsearch,5087339,AR,Independence,204.0,649000.0,3181.37,"Cushman, AR 72526",https://www.landsearch.com/properties/collietown-rd-cushman-ar-72526/5087339,,,1.0,0.627,0.47,0.5,0.5
803,0.5898,True,landwatch,422222608,MN,Roseau,317.0,1000000.0,3154.57,"Badger, MN, 56714, Roseau County",https://www.landwatch.com/roseau-county-minnesota-farms-and-ranches-for-sale/pid/422222608,,,1.0,0.62,0.474,0.5,0.5
804,0.5897,True,landwatch,426354910,KS,Edwards,341.0,972990.0,2853.34,"Offerle, KS, 67563, Edwards County",https://www.landwatch.com/edwards-county-kansas-farms-and-ranches-for-sale/pid/426354910,,,1.0,0.553,0.524,0.5,0.5
805,0.5896,True,landwatch,426051623,TN,Grundy,574.0,1891659.0,3295.57,"Palmer, TN, 37365, Grundy County",https://www.landwatch.com/grundy-county-tennessee-farms-and-ranches-for-sale/pid/426051623,,,1.0,0.651,0.451,0.5,0.5
806,0.5895,True,landwatch,334274646,MN,Nicollet,337.0,950000.0,2818.99,"Nicollet, MN, 56074, Nicollet County",https://www.landwatch.com/nicollet-county-minnesota-undeveloped-land-for-sale/pid/334274646,,,1.0,0.544,0.53,0.5,0.5
807,0.5894,True,landwatch,425666609,TN,Decatur,208.0,689000.0,3312.5,"Decaturville, TN, 38329, Decatur County",https://www.landwatch.com/decatur-county-tennessee-farms-and-ranches-for-sale/pid/425666609,,,1.0,0.653,0.448,0.5,0.5
808,0.5894,True,landwatch,425510618,NE,Franklin,635.0,1725000.0,2716.54,"Bloomington, NE, 68929, Franklin County",https://www.landwatch.com/franklin-county-nebraska-farms-and-ranches-for-sale/pid/425510618,,,1.0,0.521,0.547,0.5,0.5
809,0.5893,True,landsearch,4996096,OK,Latimer,345.0,1000500.0,2900.0,"Red Oak, OK 74563",https://www.landsearch.com/properties/black-loops-rd-red-oak-ok-74563/4996096,,,1.0,0.561,0.517,0.5,0.5
810,0.5893,True,landsearch,4881783,ND,Adams,712.0,1701920.0,2390.34,"Reeder, ND 58649",https://www.landsearch.com/properties/reeder-nd-58649/4881783,,,1.0,0.448,0.602,0.5,0.5
811,0.5891,True,landwatch,426594380,OK,Grady,320.0,985430.0,3079.47,"Rush Springs, OK, 73082, Grady County",https://www.landwatch.com/grady-county-oklahoma-farms-and-ranches-for-sale/pid/426594380,,,1.0,0.6,0.487,0.5,0.5
812,0.589,True,landwatch,425825131,VA,Buckingham,430.0,1600000.0,3720.93,"Cumberland, VA, 23040, Buckingham County",https://www.landwatch.com/buckingham-county-virginia-recreational-property-for-sale/pid/425825131,,,1.0,0.742,0.38,0.5,0.5
813,0.5889,True,landwatch,333214223,NC,Edgecombe,354.0,1060000.0,2994.35,"Tarboro, NC, 27886, Edgecombe County",https://www.landwatch.com/edgecombe-county-north-carolina-timberland-property-for-sale/pid/333214223,,,1.0,0.58,0.501,0.5,0.5
814,0.5888,True,landwatch,425818917,AL,Bibb,730.0,1800000.0,2465.75,"Eoline, AL, 35042, Bibb County",https://www.landwatch.com/bibb-county-alabama-farms-and-ranches-for-sale/pid/425818917,,,1.0,0.462,0.589,0.5,0.5
815,0.5888,True,landwatch,425510631,OK,Creek,855.0,2500000.0,2923.98,"Oilton, OK, 74030, Creek County",https://www.landwatch.com/creek-county-oklahoma-farms-and-ranches-for-sale/pid/425510631,,,1.0,0.564,0.513,0.5,0.5
816,0.5887,True,landwatch,414920411,MI,Marquette,523.0,1990000.0,3804.97,"Marquette, MI, 49855, Marquette County",https://www.landwatch.com/marquette-county-michigan-homes-for-sale/pid/414920411,,,1.0,0.759,0.366,0.5,0.5
817,0.5887,True,landwatch,426018485,NC,Anson,239.0,1017580.0,4257.66,"Morven, NC, 28119, Anson County",https://www.landwatch.com/anson-county-north-carolina-recreational-property-for-sale/pid/426018485,,,1.0,0.86,0.29,0.5,0.5
818,0.5884,True,landwatch,421766846,NE,Dawes,699.0,1650000.0,2360.52,"Chadron, NE, 69337, Dawes County",https://www.landwatch.com/dawes-county-nebraska-farms-and-ranches-for-sale/pid/421766846,,,1.0,0.437,0.607,0.5,0.5
819,0.5884,True,landwatch,426340513,KY,Lawrence,552.0,1950000.0,3532.61,"Louisa, KY, 41230, Lawrence County",https://www.landwatch.com/lawrence-county-kentucky-farms-and-ranches-for-sale/pid/426340513,,,1.0,0.698,0.411,0.5,0.5
820,0.5881,True,landwatch,421351797,OK,Le Flore,230.0,920000.0,4000.0,"Pocola, OK, 74959, Le Flore County",https://www.landwatch.com/le-flore-county-oklahoma-farms-and-ranches-for-sale/pid/421351797,,,1.0,0.8,0.333,0.5,0.5
821,0.5879,True,landwatch,426279002,KY,Bath,254.0,1200000.0,4724.41,"Owingsville, KY, 40360, Bath County",https://www.landwatch.com/bath-county-kentucky-farms-and-ranches-for-sale/pid/426279002,,,1.0,0.96,0.213,0.5,0.5
822,0.5879,True,landwatch,426661258,MN,Pine,359.0,1100000.0,3064.07,"Nickerson, MN, 55749, Pine County",https://www.landwatch.com/pine-county-minnesota-hunting-property-for-sale/pid/426661258,,,1.0,0.591,0.489,0.5,0.5
823,0.5878,True,landwatch,424129813,KS,Ellis,218.0,795000.0,3646.79,"Hays, KS, 67601, Ellis County",https://www.landwatch.com/ellis-county-kansas-farms-and-ranches-for-sale/pid/424129813,,,1.0,0.72,0.392,0.5,0.5
824,0.5876,True,landwatch,426594721,KY,Cumberland,203.0,649600.0,3200.0,"Burkesville, KY, 42717, Cumberland County",https://www.landwatch.com/cumberland-county-kentucky-recreational-property-for-sale/pid/426594721,,,1.0,0.62,0.467,0.5,0.5
825,0.5872,True,landsearch,5220295,AL,Perry,455.0,1820000.0,4000.0,"Heiberger, AL 36756",https://www.landsearch.com/properties/heiberger-al-36756/5220295,,,1.0,0.796,0.333,0.5,0.5
826,0.5871,True,landsearch,5163403,OK,Okfuskee,303.0,1100000.0,3630.36,"Boley, OK 74829",https://www.landsearch.com/properties/leftwich-st-boley-ok-74829/5163403,,,1.0,0.713,0.395,0.5,0.5
827,0.5871,True,landsearch,5144809,OH,Scioto,213.0,748000.0,3511.74,"Lucasville, OH 45648",https://www.landsearch.com/properties/millers-run-back-run-rd-lucasville-oh-45648/5144809,,,1.0,0.687,0.415,0.5,0.5
828,0.5866,True,landandfarm,39793001,AL,Covington,217.0,790000.0,3640.55,"Andalusia, AL, 36456",https://www.landandfarm.com/property/big-times-within-the-bottomlands-of-pigeon-creek-39793001/,,,1.0,0.713,0.393,0.5,0.5
829,0.5865,True,landwatch,423910874,TX,Sutton,300.0,1120315.0,3734.38,"Sonora, TX, 76950, Sutton County",https://www.landwatch.com/sutton-county-texas-farms-and-ranches-for-sale/pid/423910874,,,1.0,0.733,0.378,0.5,0.5
830,0.5864,True,landwatch,421240428,KY,Lewis,475.0,1999000.0,4208.42,"Vanceburg, KY, 41179, Lewis County",https://www.landwatch.com/lewis-county-kentucky-farms-and-ranches-for-sale/pid/421240428,,,1.0,0.838,0.299,0.5,0.5
831,0.5862,True,landwatch,420920545,TN,Jackson,245.0,1100000.0,4489.8,"Bloomington Springs, TN, 38545, Jackson County",https://www.landwatch.com/jackson-county-tennessee-farms-and-ranches-for-sale/pid/420920545,,,1.0,0.9,0.252,0.5,0.5
832,0.5861,True,landwatch,425751082,ND,Grant,212.0,742350.0,3501.65,"Hebron, ND, 58638, Grant County",https://www.landwatch.com/grant-county-north-dakota-farms-and-ranches-for-sale/pid/425751082,,,1.0,0.68,0.416,0.5,0.5
833,0.586,True,landwatch,418562992,OK,Sequoyah,735.0,1869400.0,2543.4,"Webbers Falls, OK, 74435, Sequoyah County",https://www.landwatch.com/sequoyah-county-oklahoma-lakefront-property-for-sale/pid/418562992,,,1.0,0.466,0.576,0.5,0.5
834,0.586,True,landwatch,424870359,OK,Caddo,313.0,1050000.0,3354.63,"Boone, OK, 73006, Caddo County",https://www.landwatch.com/caddo-county-oklahoma-farms-and-ranches-for-sale/pid/424870359,,,1.0,0.647,0.441,0.5,0.5
835,0.5859,True,landwatch,426575423,TN,Mcnairy,540.0,1998000.0,3700.0,"Selmer, TN, 38375, McNairy County",https://www.landwatch.com/mcnairy-county-tennessee-recreational-property-for-sale/pid/426575423,,,1.0,0.723,0.383,0.5,0.5
836,0.5859,True,landwatch,423920586,GA,Clay,582.0,1919000.0,3297.25,"Fort Gaines, GA, 39851, Clay County",https://www.landwatch.com/clay-county-georgia-recreational-property-for-sale/pid/423920586,,,1.0,0.634,0.45,0.5,0.5
837,0.5858,True,landwatch,426305359,NE,Webster,804.0,2250444.0,2799.06,"Red Cloud, NE, 68970, Webster County",https://www.landwatch.com/webster-county-nebraska-farms-and-ranches-for-sale/pid/426305359,,,1.0,0.523,0.533,0.5,0.5
838,0.5858,True,landwatch,426343449,MI,Gladwin,400.0,1400000.0,3500.0,"Alger, MI, 48610, Gladwin County",https://www.landwatch.com/gladwin-county-michigan-recreational-property-for-sale/pid/426343449,,,1.0,0.678,0.417,0.5,0.5
839,0.5856,True,landandfarm,39728188,AL,Franklin,205.0,677000.0,3302.44,"Russellville, AL, 35654",https://www.landandfarm.com/property/recreational-tract-with-excellent-hunting-and-year-round-creek-near-russell-39728188/,,,1.0,0.633,0.45,0.5,0.5
840,0.5855,True,landsearch,5041722,AL,Elmore,570.0,1950000.0,3421.05,"Wetumpka, AL 36093",https://www.landsearch.com/properties/jug-factory-rd-wetumpka-al-36093/5041722,,,1.0,0.659,0.43,0.5,0.5
841,0.5854,True,landwatch,426657000,PA,Northumberland,236.0,1000000.0,4237.29,"Dalmatia, PA, 17017, Northumberland County",https://www.landwatch.com/northumberland-county-pennsylvania-farms-and-ranches-for-sale/pid/426657000,,,1.0,0.84,0.294,0.5,0.5
842,0.5852,True,landandfarm,40902733,MS,Leake,625.0,1812000.0,2899.2,"Acres Leake County, MS",https://www.landandfarm.com/property/-625-acres-leake-county-ms-40902733/,,,1.0,0.542,0.517,0.5,0.5
843,0.5849,True,landwatch,419384758,AR,Hempstead,292.0,1170000.0,4006.85,"Hope, AR, 71801, Hempstead County",https://www.landwatch.com/hempstead-county-arkansas-timberland-property-for-sale/pid/419384758,,,1.0,0.787,0.332,0.5,0.5
844,0.5849,True,landwatch,421309214,MO,Ripley,385.0,1300000.0,3376.62,"Doniphan, MO, 63935, Ripley County",https://www.landwatch.com/ripley-county-missouri-farms-and-ranches-for-sale/pid/421309214,,,1.0,0.646,0.437,0.5,0.5
845,0.5848,True,landsearch,5090432,TX,Edwards,425.0,1599000.0,3762.35,"Rocksprings, TX 78880",https://www.landsearch.com/properties/rocksprings-tx-78880/5090432,,,1.0,0.732,0.373,0.5,0.5
846,0.5847,True,landandfarm,40313023,MS,Copiah,361.0,1137150.0,3150.0,"Crystal Springs, MS, 39059",https://www.landandfarm.com/property/byron-paul-lane-40313023/,,,1.0,0.595,0.475,0.5,0.5
847,0.5843,True,landwatch,425663353,GA,Jones,244.0,1098000.0,4500.0,"Gray, GA, 31032, Jones County",https://www.landwatch.com/jones-county-georgia-recreational-property-for-sale/pid/425663353,,,1.0,0.893,0.25,0.5,0.5
848,0.5842,True,landwatch,425945780,IL,Pope,448.0,1790000.0,3995.54,"Brookport, IL, 62910, Pope County",https://www.landwatch.com/pope-county-illinois-farms-and-ranches-for-sale/pid/425945780,,,1.0,0.781,0.334,0.5,0.5
849,0.584,True,landandfarm,41095746,GA,Twiggs,223.0,864125.0,3875.0,"Westlake, GA, 31014",https://www.landandfarm.com/property/savage-creek-ocmulgee-41095746/,,,1.0,0.753,0.354,0.5,0.5
850,0.584,True,landwatch,424700381,VA,Southampton,230.0,939900.0,4086.52,"Courtland, VA, 23837, Southampton County",https://www.landwatch.com/southampton-county-virginia-homes-for-sale/pid/424700381,,,1.0,0.8,0.319,0.5,0.5
851,0.5835,True,landwatch,425758892,NC,Richmond,220.0,835240.0,3796.55,"Ellerbe, NC, 28338, Richmond County",https://www.landwatch.com/richmond-county-north-carolina-recreational-property-for-sale/pid/425758892,,,1.0,0.733,0.367,0.5,0.5
852,0.5833,True,landwatch,425395851,OK,Atoka,260.0,1300000.0,5000.0,"Atoka, OK, 74525, Atoka County",https://www.landwatch.com/atoka-county-oklahoma-farms-and-ranches-for-sale/pid/425395851,,,1.0,1.0,0.167,0.5,0.5
853,0.5833,True,landwatch,425709277,NE,Greeley,310.0,1085000.0,3500.0,"Spalding, NE, 68665, Greeley County",https://www.landwatch.com/greeley-county-nebraska-farms-and-ranches-for-sale/pid/425709277,,,1.0,0.667,0.417,0.5,0.5
854,0.5831,True,landwatch,423718899,VA,Suffolk City,553.0,2009448.0,3633.72,"Suffolk, VA, 23434, Suffolk City County",https://www.landwatch.com/suffolk-city-county-virginia-recreational-property-for-sale/pid/423718899,,,1.0,0.695,0.394,0.5,0.5
855,0.5831,True,landwatch,425701357,KY,Carlisle,362.0,1155900.0,3193.09,"Bardwell, KY, 42023, Carlisle County",https://www.landwatch.com/carlisle-county-kentucky-undeveloped-land-for-sale/pid/425701357,,,1.0,0.597,0.468,0.5,0.5
856,0.5829,True,landwatch,425556546,NC,Bladen,204.0,679000.0,3328.43,"White Oak, NC, 28339, Bladen County",https://www.landwatch.com/bladen-county-north-carolina-timberland-property-for-sale/pid/425556546,,,1.0,0.627,0.445,0.5,0.5
857,0.5829,True,landwatch,425986502,NE,Custer,560.0,2000000.0,3571.43,"Oconto, NE, 68860, Custer County",https://www.landwatch.com/custer-county-nebraska-farms-and-ranches-for-sale/pid/425986502,,,1.0,0.681,0.405,0.5,0.5
858,0.5827,True,landwatch,425269298,AL,Barbour,736.0,1925000.0,2615.49,"Midway, AL, 36053, Barbour County",https://www.landwatch.com/barbour-county-alabama-hunting-property-for-sale/pid/425269298,,,1.0,0.467,0.564,0.5,0.5
859,0.5825,True,landwatch,424701528,MS,Carroll,206.0,699900.0,3397.57,"Sidon, MS, 38954, Carroll County",https://www.landwatch.com/carroll-county-mississippi-recreational-property-for-sale/pid/424701528,,,1.0,0.64,0.434,0.5,0.5
860,0.5824,True,landsearch,4906675,MS,Alcorn,319.0,1036750.0,3250.0,"Rienzi, MS 38865",https://www.landsearch.com/properties/county-road-409-rienzi-ms-38865/4906675,,,1.0,0.607,0.458,0.5,0.5
861,0.5823,True,landwatch,425269290,AR,Clay,262.0,1300000.0,4961.83,"Rector, AR, 72461, Clay County",https://www.landwatch.com/clay-county-arkansas-farms-and-ranches-for-sale/pid/425269290,,,1.0,0.987,0.173,0.5,0.5
862,0.5823,True,landwatch,424844470,MS,Oktibbeha,277.0,1250000.0,4512.64,"Starkville, MS, 39773, Oktibbeha County",https://www.landwatch.com/oktibbeha-county-mississippi-recreational-property-for-sale/pid/424844470,,,1.0,0.887,0.248,0.5,0.5
863,0.5817,True,landwatch,423934214,OK,Osage,223.0,875000.0,3923.77,"Pawhuska, OK, 74056, Osage County",https://www.landwatch.com/osage-county-oklahoma-farms-and-ranches-for-sale/pid/423934214,,,1.0,0.753,0.346,0.5,0.5
864,0.5813,True,landwatch,423852554,VA,Southampton,309.0,1104245.0,3573.61,"Franklin, VA, 23851, Southampton County",https://www.landwatch.com/southampton-county-virginia-recreational-property-for-sale/pid/423852554,,,1.0,0.673,0.404,0.5,0.5
865,0.5812,True,landandfarm,33704891,OK,McCurtain,212.0,764424.0,3605.77,"Battiest, OK, 74722",https://www.landandfarm.com/property/west-fork-glover-33704891/,,,1.0,0.68,0.399,0.5,0.5
866,0.581,True,landwatch,423964983,NY,Otsego,310.0,1100000.0,3548.39,"Burlington Flats, NY, 13315, Otsego County",https://www.landwatch.com/otsego-county-new-york-farms-and-ranches-for-sale/pid/423964983,,,1.0,0.667,0.409,0.5,0.5
867,0.581,True,landwatch,425117102,SD,Gregory,525.0,2072368.0,3947.37,"Bonesteel, SD, 57335, Gregory County",https://www.landwatch.com/gregory-county-south-dakota-farms-and-ranches-for-sale/pid/425117102,,,1.0,0.755,0.342,0.5,0.5
868,0.581,True,landwatch,424381707,AL,Jefferson,225.0,900000.0,4000.0,"Dora, AL, 35062, Jefferson County",https://www.landwatch.com/jefferson-county-alabama-recreational-property-for-sale/pid/424381707,,,1.0,0.767,0.333,0.5,0.5
869,0.581,True,landwatch,426198281,VA,Sussex,200.0,650000.0,3250.0,"Yale, VA, 23897, Sussex County",https://www.landwatch.com/sussex-county-virginia-farms-and-ranches-for-sale/pid/426198281,,,1.0,0.6,0.458,0.5,0.5
870,0.581,True,landandfarm,40206559,KS,Rooks,200.0,650000.0,3250.0,"Damar, KS, 67632",https://www.landandfarm.com/property/whitetail-dream-farm-on-spring-creek-40206559/,,,1.0,0.6,0.458,0.5,0.5
871,0.5808,True,landwatch,426334056,ND,Pembina,327.0,950000.0,2905.2,"Drayton, ND, 58225, Pembina County",https://www.landwatch.com/pembina-county-north-dakota-farms-and-ranches-for-sale/pid/426334056,,,1.0,0.523,0.516,0.5,0.5
872,0.5803,True,landwatch,425839886,KY,Union,286.0,1225000.0,4283.22,"Sturgis, KY, 42459, Union County",https://www.landwatch.com/union-county-kentucky-farms-and-ranches-for-sale/pid/425839886,,,1.0,0.827,0.286,0.5,0.5
873,0.5803,True,landwatch,422022071,IL,Clark,312.0,1093435.0,3504.6,"West Union, IL, 62477, Clark County",https://www.landwatch.com/clark-county-illinois-recreational-property-for-sale/pid/422022071,,,1.0,0.653,0.416,0.5,0.5
874,0.5802,True,landwatch,426614986,OK,Jefferson,223.0,881996.0,3955.14,"Ryan, OK, 73565, Jefferson County",https://www.landwatch.com/jefferson-county-oklahoma-farms-and-ranches-for-sale/pid/426614986,,,1.0,0.753,0.341,0.5,0.5
875,0.5802,True,landwatch,425730815,NE,Kimball,407.0,1500000.0,3685.5,"Kimball, NE 69145",https://www.landwatch.com/kimball-county-nebraska-farms-and-ranches-for-sale/pid/425730815,,,1.0,0.693,0.386,0.5,0.5
876,0.5802,True,landwatch,422673752,TN,Hardeman,210.0,749000.0,3566.67,"Medon, TN, 38368, Hardeman County",https://www.landwatch.com/hardeman-county-tennessee-recreational-property-for-sale/pid/422673752,,,1.0,0.667,0.406,0.5,0.5
877,0.5801,True,landwatch,426462151,GA,Irwin,238.0,1049000.0,4407.56,"Ocilla, GA, 31774, Irwin County",https://www.landwatch.com/irwin-county-georgia-farms-and-ranches-for-sale/pid/426462151,,,1.0,0.853,0.265,0.5,0.5
878,0.58,True,landwatch,424914840,GA,Gordon,584.0,1987470.0,3403.2,"Fairmount, GA, 30139, Gordon County",https://www.landwatch.com/gordon-county-georgia-recreational-property-for-sale/pid/424914840,,,1.0,0.629,0.433,0.5,0.5
879,0.5795,True,landsearch,5041735,OK,Blaine,386.0,1351000.0,3500.0,"Fay, OK 73646",https://www.landsearch.com/properties/e-820-rd-fay-ok-73646/5041735,,,1.0,0.649,0.417,0.5,0.5
880,0.5793,True,landwatch,424721395,KS,Barber,312.0,1100000.0,3525.64,"Hazelton, KS, 67061, Barber County",https://www.landwatch.com/barber-county-kansas-farms-and-ranches-for-sale/pid/424721395,,,1.0,0.653,0.412,0.5,0.5
881,0.5792,True,landsearch,5187116,MO,Texas,375.0,1275000.0,3400.0,"Licking, MO 65542",https://www.landsearch.com/properties/licking-mo-65542/5187116,,,1.0,0.625,0.433,0.5,0.5
882,0.5787,True,landsearch,4968519,OK,Coal,410.0,1535775.0,3745.79,"Coalgate, OK 74538",https://www.landsearch.com/properties/n3840-rd-coalgate-ok-74538/4968519,,,1.0,0.7,0.376,0.5,0.5
883,0.5787,True,landwatch,423118046,KY,Livingston,353.0,1129600.0,3200.0,"Salem, KY, 42078, Livingston County",https://www.landwatch.com/livingston-county-kentucky-recreational-property-for-sale/pid/423118046,,,1.0,0.578,0.467,0.5,0.5
884,0.5785,True,landandfarm,34348580,OK,Atoka,223.0,890000.0,3991.03,"Daisy, OK, 74540",https://www.landandfarm.com/property/223-acres-in-atoka-county-34348580/,,,1.0,0.753,0.335,0.5,0.5
885,0.5783,True,landwatch,426314564,OK,Kingfisher,782.0,2250000.0,2877.24,"Loyal, OK, 73756, Kingfisher County",https://www.landwatch.com/kingfisher-county-oklahoma-farms-and-ranches-for-sale/pid/426314564,,,1.0,0.505,0.52,0.5,0.5
886,0.5782,True,landwatch,425808358,AL,Wilcox,232.0,990000.0,4267.24,"Pine Apple, AL, 36768, Wilcox County",https://www.landwatch.com/wilcox-county-alabama-recreational-property-for-sale/pid/425808358,,,1.0,0.813,0.289,0.5,0.5
887,0.5782,True,landwatch,424624766,MI,Chippewa,363.0,1200000.0,3305.79,"Goetzville, MI, 49736, Chippewa County",https://www.landwatch.com/chippewa-county-michigan-farms-and-ranches-for-sale/pid/424624766,,,1.0,0.6,0.449,0.5,0.5
888,0.5782,True,landandfarm,37782196,MO,Franklin,824.0,2500000.0,3033.98,"Sullivan, MO, 63080",https://www.landandfarm.com/property/long-ridge-824-37782196/,,,1.0,0.539,0.494,0.5,0.5
889,0.5778,True,landwatch,423443952,AL,Escambia,287.0,1236164.0,4307.19,"Atmore, AL, 36502, Escambia County",https://www.landwatch.com/escambia-county-alabama-farms-and-ranches-for-sale/pid/423443952,,,1.0,0.82,0.282,0.5,0.5
890,0.5774,True,landwatch,425763834,MI,Marquette,200.0,665000.0,3325.0,"Negaunee, MI, 49855, Marquette County",https://www.landwatch.com/marquette-county-michigan-timberland-property-for-sale/pid/425763834,,,1.0,0.6,0.446,0.5,0.5
891,0.5774,True,landsearch,4828919,NE,Furnas,742.0,2040500.0,2750.0,"Oxford, NE 68967",https://www.landsearch.com/properties/718-road-oxford-ne-68967/4828919,,,1.0,0.472,0.542,0.5,0.5
892,0.577,True,landwatch,425789824,AR,Boone,837.0,2600000.0,3106.33,"Harrison, AR, 72601, Boone County",https://www.landwatch.com/boone-county-arkansas-farms-and-ranches-for-sale/pid/425789824,,,1.0,0.549,0.482,0.5,0.5
893,0.5766,True,landwatch,425242277,TN,Dekalb,223.0,899000.0,4031.39,"Liberty, TN, 37095, DeKalb County",https://www.landwatch.com/dekalb-county-tennessee-hunting-property-for-sale/pid/425242277,,,1.0,0.753,0.328,0.5,0.5
894,0.5765,True,landwatch,423244213,NE,Box Butte,455.0,1921891.0,4223.94,"Hemingford, NE, 69348, Box Butte County",https://www.landwatch.com/box-butte-county-nebraska-farms-and-ranches-for-sale/pid/423244213,,,1.0,0.796,0.296,0.5,0.5
895,0.5764,True,landwatch,426051629,KS,Kiowa,832.0,2579200.0,3100.0,"Mullinville, KS, 67109, Kiowa County",https://www.landwatch.com/kiowa-county-kansas-farms-and-ranches-for-sale/pid/426051629,,,1.0,0.545,0.483,0.5,0.5
896,0.5763,True,landwatch,423842051,AL,Dallas,400.0,1480000.0,3700.0,"Selma, AL, 36701, Dallas County",https://www.landwatch.com/dallas-county-alabama-timberland-property-for-sale/pid/423842051,,,1.0,0.678,0.383,0.5,0.5
897,0.5762,True,landsearch,5157347,KS,Chautauqua,315.0,1102500.0,3500.0,"Peru, KS 67360",https://www.landsearch.com/properties/peru-ks-67360/5157347,,,1.0,0.633,0.417,0.5,0.5
898,0.5762,True,landwatch,420282084,VA,Surry,483.0,2150000.0,4451.35,"Surry, VA, 23883, Surry County",https://www.landwatch.com/surry-county-virginia-recreational-property-for-sale/pid/420282084,,,1.0,0.845,0.258,0.5,0.5
899,0.5761,True,landwatch,418483928,MI,Iron,728.0,1984000.0,2725.27,"Iron River, MI, 49935, Iron County",https://www.landwatch.com/iron-county-michigan-undeveloped-land-for-sale/pid/418483928,,,1.0,0.461,0.546,0.5,0.5
900,0.5761,True,landwatch,426106628,NC,Halifax,298.0,1195640.0,4012.21,"Enfield, NC, 27823, Halifax County",https://www.landwatch.com/halifax-county-north-carolina-farms-and-ranches-for-sale/pid/426106628,,,1.0,0.747,0.331,0.5,0.5
901,0.576,True,landwatch,425784102,IL,Pope,236.0,1046600.0,4434.75,"Eddyville, IL, 62928, Pope County",https://www.landwatch.com/pope-county-illinois-farms-and-ranches-for-sale/pid/425784102,,,1.0,0.84,0.261,0.5,0.5
902,0.5757,True,landwatch,424470936,PA,Huntingdon,215.0,819000.0,3809.3,"Robertsdale, PA, 16674, Huntingdon County",https://www.landwatch.com/huntingdon-county-pennsylvania-undeveloped-land-for-sale/pid/424470936,,,1.0,0.7,0.365,0.5,0.5
903,0.5757,True,landwatch,426604633,AL,Dallas,430.0,1720000.0,4000.0,"Marion Junction, AL, 36759, Dallas County",https://www.landwatch.com/dallas-county-alabama-recreational-property-for-sale/pid/426604633,,,1.0,0.742,0.333,0.5,0.5
904,0.5757,True,landwatch,426430191,OH,Morgan,225.0,925000.0,4111.11,"Beverly, OH, 45715, Morgan County",https://www.landwatch.com/morgan-county-ohio-recreational-property-for-sale/pid/426430191,,,1.0,0.767,0.315,0.5,0.5
905,0.5754,True,landwatch,426568929,MN,Crow Wing,568.0,2074900.0,3652.99,"Emily, MN, 56447, Crow Wing County",https://www.landwatch.com/crow-wing-county-minnesota-hunting-property-for-sale/pid/426568929,,,1.0,0.663,0.391,0.5,0.5
906,0.5753,True,landwatch,422215088,KS,Chautauqua,316.0,1102500.0,3488.92,"Peru, KS, 67360, Chautauqua County",https://www.landwatch.com/chautauqua-county-kansas-farms-and-ranches-for-sale/pid/422215088,,,1.0,0.627,0.419,0.5,0.5
907,0.5751,True,landwatch,424372071,MS,Prentiss,640.0,1900000.0,2968.75,"Booneville, MS, 38829, Prentiss County",https://www.landwatch.com/prentiss-county-mississippi-farms-and-ranches-for-sale/pid/424372071,,,1.0,0.51,0.505,0.5,0.5
908,0.5749,True,landwatch,423612469,VA,Franklin,669.0,1695000.0,2533.63,"Callaway, VA, 24067, Franklin County",https://www.landwatch.com/franklin-county-virginia-recreational-property-for-sale/pid/423612469,,,1.0,0.413,0.578,0.5,0.5
909,0.5748,True,landwatch,419467289,OK,Payne,480.0,2160000.0,4500.0,"Cushing, OK, 74023, Payne County",https://www.landwatch.com/payne-county-oklahoma-farms-and-ranches-for-sale/pid/419467289,,,1.0,0.849,0.25,0.5,0.5
910,0.5748,True,landwatch,426323943,KS,Harper,638.0,1910211.0,2994.06,"Waldron, KS, 67150, Harper County",https://www.landwatch.com/harper-county-kansas-farms-and-ranches-for-sale/pid/426323943,,,1.0,0.514,0.501,0.5,0.5
911,0.5745,True,landwatch,425841169,AL,Dale,279.0,1287750.0,4615.59,"Ozark, AL, 36360, Dale County",https://www.landwatch.com/dale-county-alabama-recreational-property-for-sale/pid/425841169,,,1.0,0.873,0.231,0.5,0.5
912,0.5744,True,landwatch,422204922,TN,Hardin,215.0,824999.0,3837.2,"Saltillo, TN, 38370, Hardin County",https://www.landwatch.com/hardin-county-tennessee-undeveloped-land-for-sale/pid/422204922,,,1.0,0.7,0.36,0.5,0.5
913,0.5744,True,landsearch,5209825,TN,Benton,739.0,2070000.0,2801.08,"Big Sandy, TN 38221",https://www.landsearch.com/properties/sandys-camp-rd-big-sandy-tn-38221/5209825,,,1.0,0.47,0.533,0.5,0.5
914,0.5742,True,landwatch,421911359,MO,New Madrid,668.0,1700850.0,2546.18,"Portageville, MO, 63873, New Madrid County",https://www.landwatch.com/new-madrid-county-missouri-hunting-property-for-sale/pid/421911359,,,1.0,0.412,0.576,0.5,0.5
915,0.574,True,landandfarm,40299101,GA,Wayne,230.0,987850.0,4295.0,"Odum, GA, 31555",https://www.landandfarm.com/property/premier-recreational-timber-investment-40299101/,,,1.0,0.8,0.284,0.5,0.5
916,0.574,True,landwatch,424591842,GA,Screven,447.0,1877400.0,4200.0,"Newington, GA, 30446, Screven County",https://www.landwatch.com/screven-county-georgia-recreational-property-for-sale/pid/424591842,,,1.0,0.779,0.3,0.5,0.5
917,0.5739,True,landsearch,5062211,NE,Holt,400.0,1500000.0,3750.0,"Ewing, NE 68735",https://www.landsearch.com/properties/502nd-ave-ewing-ne-68735/5062211,,,1.0,0.678,0.375,0.5,0.5
918,0.5738,True,landwatch,426397065,MS,Claiborne,315.0,1118250.0,3550.0,"Port Gibson, MS, 39150, Claiborne County",https://www.landwatch.com/claiborne-county-mississippi-recreational-property-for-sale/pid/426397065,,,1.0,0.633,0.408,0.5,0.5
919,0.5736,True,landwatch,422996252,GA,Atkinson,335.0,1049900.0,3134.03,"Willacoochee, GA, 31650, Atkinson County",https://www.landwatch.com/atkinson-county-georgia-recreational-property-for-sale/pid/422996252,,,1.0,0.54,0.478,0.5,0.5
920,0.5734,True,landsearch,4296170,AL,Autauga,267.0,1334650.0,4998.69,"Deatsville, AL 36022",https://www.landsearch.com/properties/bond-rd-deatsville-al-36022/4296170,,,1.0,0.953,0.167,0.5,0.5
921,0.5734,True,landsearch,5227974,NE,Merrick,449.0,1900000.0,4231.63,"Central City, NE 68827",https://www.landsearch.com/properties/1304-lone-tree-rd-central-city-ne-68827/5227974,,,1.0,0.783,0.295,0.5,0.5
922,0.5733,True,landandfarm,32966792,OK,McIntosh,203.0,710500.0,3500.0,"Hanna, OK, 74845",https://www.landandfarm.com/property/river-trails-ranch-32966792/,,,1.0,0.62,0.417,0.5,0.5
923,0.5732,True,landsearch,5066882,TX,Red River,228.0,969705.0,4253.09,"Detroit, TX 75436",https://www.landsearch.com/properties/1200-county-road-1255-detroit-tx-75436/5066882,,,1.0,0.787,0.291,0.5,0.5
924,0.5729,True,landwatch,425045544,VA,Spotsylvania,439.0,1820000.0,4145.79,"Spotsylvania, VA, 22551, Spotsylvania County",https://www.landwatch.com/spotsylvania-county-virginia-recreational-property-for-sale/pid/425045544,,,1.0,0.762,0.309,0.5,0.5
925,0.5727,True,landwatch,419771821,OK,Okfuskee,538.0,2150000.0,3996.28,"Pharoah, OK, 74437, Okfuskee County",https://www.landwatch.com/okfuskee-county-oklahoma-farms-and-ranches-for-sale/pid/419771821,,,1.0,0.727,0.334,0.5,0.5
926,0.5727,True,landwatch,423031258,NC,Craven,263.0,1350000.0,5133.08,"Kinston, NC, 28501, Craven County",https://www.landwatch.com/craven-county-north-carolina-farms-and-ranches-for-sale/pid/423031258,,,1.0,0.98,0.144,0.5,0.5
927,0.5726,True,landwatch,426572952,OH,Brown,291.0,1249900.0,4295.19,"Ripley, OH, 45167, Brown County",https://www.landwatch.com/brown-county-ohio-farms-and-ranches-for-sale/pid/426572952,,,1.0,0.793,0.284,0.5,0.5
928,0.5726,True,landandfarm,40598540,AL,Dallas,361.0,1228842.0,3403.99,"Minter, AL, 36761",https://www.landandfarm.com/property/the-black-belt-minter-cedar-creek-tract-40598540/,,,1.0,0.595,0.433,0.5,0.5
929,0.5726,True,landwatch,426063207,NY,Oswego,219.0,875000.0,3995.43,"Lacona, NY, 13083, Oswego County",https://www.landwatch.com/oswego-county-new-york-farms-and-ranches-for-sale/pid/426063207,,,1.0,0.727,0.334,0.5,0.5
930,0.5726,True,landwatch,424336789,KY,Carter,643.0,1600000.0,2488.34,"Hitchins, KY, 41146, Carter County",https://www.landwatch.com/carter-county-kentucky-farms-and-ranches-for-sale/pid/424336789,,,1.0,0.392,0.585,0.5,0.5
931,0.5725,True,landwatch,426200241,IL,Johnson,486.0,2187000.0,4500.0,"Vienna, IL, 62995, Johnson County",https://www.landwatch.com/johnson-county-illinois-farms-and-ranches-for-sale/pid/426200241,,,1.0,0.838,0.25,0.5,0.5
932,0.5722,True,landwatch,424864977,NE,Antelope,271.0,1329050.0,4904.24,"Oakdale, NE, 68761, Antelope County",https://www.landwatch.com/antelope-county-nebraska-recreational-property-for-sale/pid/424864977,,,1.0,0.927,0.183,0.5,0.5
933,0.572,True,landwatch,424436566,PA,Tioga,230.0,997900.0,4338.7,"Westfield, PA, 16950, Tioga County",https://www.landwatch.com/tioga-county-pennsylvania-farms-and-ranches-for-sale/pid/424436566,,,1.0,0.8,0.277,0.5,0.5
934,0.5719,True,landwatch,425180955,OK,Carter,280.0,1299000.0,4639.29,"Wilson, OK, 73401, Carter County",https://www.landwatch.com/carter-county-oklahoma-farms-and-ranches-for-sale/pid/425180955,,,1.0,0.867,0.227,0.5,0.5
935,0.5716,True,landwatch,424913806,KS,Chautauqua,363.0,1250000.0,3443.53,"Peru, KS, 67360, Chautauqua County",https://www.landwatch.com/chautauqua-county-kansas-farms-and-ranches-for-sale/pid/424913806,,,1.0,0.6,0.426,0.5,0.5
936,0.5714,True,landwatch,424999160,GA,Laurens,215.0,838500.0,3900.0,"Dublin, GA, 31021, Laurens County",https://www.landwatch.com/laurens-county-georgia-recreational-property-for-sale/pid/424999160,,,1.0,0.7,0.35,0.5,0.5
937,0.5714,True,landwatch,425292464,NC,Sampson,235.0,1057500.0,4500.0,"Rose Hill, NC, 28458, Sampson County",https://www.landwatch.com/sampson-county-north-carolina-recreational-property-for-sale/pid/425292464,,,1.0,0.833,0.25,0.5,0.5
938,0.5712,True,landwatch,426619972,GA,Camden,397.0,1500000.0,3778.34,"Waverly, GA, 31565, Camden County",https://www.landwatch.com/camden-county-georgia-recreational-property-for-sale/pid/426619972,,,1.0,0.672,0.37,0.5,0.5
939,0.5711,True,landandfarm,38263035,AL,Marengo,206.0,749000.0,3635.92,"Sweet Water, AL, 36782",https://www.landandfarm.com/property/206-ac-marengo-county-campground-tract-1-38263035/,,,1.0,0.64,0.394,0.5,0.5
940,0.5707,True,landwatch,425843320,VA,Cumberland,446.0,1900000.0,4260.09,"Cumberland, VA, 23040, Cumberland County",https://www.landwatch.com/cumberland-county-virginia-recreational-property-for-sale/pid/425843320,,,1.0,0.776,0.29,0.5,0.5
941,0.5706,True,landwatch,424470840,GA,Screven,558.0,2148176.0,3849.78,"Sylvania, GA, 30467, Screven County",https://www.landwatch.com/screven-county-georgia-recreational-property-for-sale/pid/424470840,,,1.0,0.685,0.358,0.5,0.5
942,0.5703,True,landwatch,424356534,AL,Baldwin,865.0,2897750.0,3350.0,"Tensaw, AL, 36579, Baldwin County",https://www.landwatch.com/baldwin-county-alabama-recreational-property-for-sale/pid/424356534,,,1.0,0.572,0.442,0.5,0.5
943,0.57,True,landsearch,4950109,MS,Amite,283.0,1299000.0,4590.11,"Liberty, MS 39645",https://www.landsearch.com/properties/3448-lower-centreville-rd-liberty-ms-39645/4950109,,,1.0,0.847,0.235,0.5,0.5
944,0.57,True,landwatch,425518683,VA,Charlotte,359.0,1235000.0,3440.11,"Phenix, VA, 23959, Charlotte County",https://www.landwatch.com/charlotte-county-virginia-recreational-property-for-sale/pid/425518683,,,1.0,0.591,0.427,0.5,0.5
945,0.5694,True,landsearch,5175010,AR,Little River,395.0,1500000.0,3797.47,"Foreman, AR 71836",https://www.landsearch.com/properties/foreman-ar-71836/5175010,,,1.0,0.668,0.367,0.5,0.5
946,0.5693,True,landwatch,423484363,VA,Louisa,264.0,1366252.0,5175.2,"Louisa, VA, 23093, Louisa County",https://www.landwatch.com/louisa-county-virginia-recreational-property-for-sale/pid/423484363,,,1.0,0.973,0.137,0.5,0.5
947,0.5692,True,landwatch,425183781,WI,Sawyer,380.0,1390000.0,3657.89,"Winter, WI, 54896, Sawyer County",https://www.landwatch.com/sawyer-county-wisconsin-farms-and-ranches-for-sale/pid/425183781,,,1.0,0.636,0.39,0.5,0.5
948,0.5691,True,landwatch,425038841,MO,Benton,270.0,1349900.0,4999.63,"Lincoln, MO, 65338, Benton County",https://www.landwatch.com/benton-county-missouri-farms-and-ranches-for-sale/pid/425038841,,,1.0,0.933,0.167,0.5,0.5
949,0.569,True,landwatch,424322246,OK,Cimarron,320.0,1120000.0,3500.0,"Griggs, OK, 73949, Cimarron County",https://www.landwatch.com/cimarron-county-oklahoma-farms-and-ranches-for-sale/pid/424322246,,,1.0,0.6,0.417,0.5,0.5
950,0.569,True,landwatch,421179028,AR,Saline,200.0,700000.0,3500.0,"Haskell, AR, 72015, Saline County",https://www.landwatch.com/saline-county-arkansas-recreational-property-for-sale/pid/421179028,,,1.0,0.6,0.417,0.5,0.5
951,0.569,True,landwatch,425368322,NE,Holt,320.0,1120000.0,3500.0,"Emmet, NE, 68734, Holt County",https://www.landwatch.com/holt-county-nebraska-farms-and-ranches-for-sale/pid/425368322,,,1.0,0.6,0.417,0.5,0.5
952,0.569,True,landwatch,425750459,ND,Grant,200.0,700000.0,3500.0,"Hebron, ND, 58638, Grant County",https://www.landwatch.com/grant-county-north-dakota-farms-and-ranches-for-sale/pid/425750459,,,1.0,0.6,0.417,0.5,0.5
953,0.569,True,landwatch,425900968,TN,Henry,358.0,1235307.0,3450.58,"Puryear, TN, 38251, Henry County",https://www.landwatch.com/henry-county-tennessee-recreational-property-for-sale/pid/425900968,,,1.0,0.589,0.425,0.5,0.5
954,0.5689,True,landandfarm,41242330,TN,Hardeman,215.0,849999.0,3953.48,"Toone, TN, 38381",https://www.landandfarm.com/property/toone-215-41242330/,,,1.0,0.7,0.341,0.5,0.5
955,0.5688,True,landwatch,423409173,MO,Ozark,275.0,1335000.0,4854.55,"Theodosia, MO, 65761, Ozark County",https://www.landwatch.com/ozark-county-missouri-recreational-property-for-sale/pid/423409173,,,1.0,0.9,0.191,0.5,0.5
956,0.5685,True,landwatch,422841785,OK,Haskell,691.0,1900000.0,2749.64,"Stigler, OK, 74462, Haskell County",https://www.landwatch.com/haskell-county-oklahoma-farms-and-ranches-for-sale/pid/422841785,,,1.0,0.431,0.542,0.5,0.5
957,0.5684,True,landwatch,422675309,NE,Brown,640.0,1990000.0,3109.38,"Ainsworth, NE, 69210, Brown County",https://www.landwatch.com/brown-county-nebraska-hunting-property-for-sale/pid/422675309,,,1.0,0.51,0.482,0.5,0.5
958,0.5683,True,landwatch,423739148,MO,Dallas,297.0,1249000.0,4205.39,"Long Lane, MO, 65590, Dallas County",https://www.landwatch.com/dallas-county-missouri-recreational-property-for-sale/pid/423739148,,,1.0,0.753,0.299,0.5,0.5
959,0.5683,True,landwatch,425611674,OK,Okfuskee,321.0,998631.0,3111.0,"Okemah, OK, 74859, Okfuskee County",https://www.landwatch.com/okfuskee-county-oklahoma-farms-and-ranches-for-sale/pid/425611674,,,1.0,0.51,0.482,0.5,0.5
960,0.5681,True,landandfarm,37832265,GA,Taylor,216.0,864000.0,4000.0,"Rupert, GA, 31081",https://www.landandfarm.com/property/ag-land-with-multiple-opportunities-37832265/,,,1.0,0.707,0.333,0.5,0.5
961,0.568,True,landwatch,423508066,KS,Morton,566.0,2166000.0,3826.86,"Rolla, KS, 67954, Morton County",https://www.landwatch.com/morton-county-kansas-farms-and-ranches-for-sale/pid/423508066,,,1.0,0.668,0.362,0.5,0.5
962,0.5678,True,landwatch,425906953,MO,Benton,288.0,1292000.0,4486.11,"Edwards, MO, 65326, Benton County",https://www.landwatch.com/benton-county-missouri-farms-and-ranches-for-sale/pid/425906953,,,1.0,0.813,0.252,0.5,0.5
963,0.5671,True,landwatch,426361384,VA,Northampton,476.0,2200000.0,4621.85,"Cape Charles, VA, 23310, Northampton County",https://www.landwatch.com/northampton-county-virginia-undeveloped-land-for-sale/pid/426361384,,,1.0,0.84,0.23,0.5,0.5
964,0.5671,True,landwatch,422314466,KS,Barber,668.0,1800000.0,2694.61,"Lake City, KS, 67071, Barber County",https://www.landwatch.com/barber-county-kansas-farms-and-ranches-for-sale/pid/422314466,,,1.0,0.412,0.551,0.5,0.5
965,0.567,True,landsearch,5087368,OK,Grant,320.0,1134000.0,3543.75,"Medford, OK 73759",https://www.landsearch.com/properties/33201-county-road-920-medford-ok-73759/5087368,,,1.0,0.6,0.409,0.5,0.5
966,0.5667,True,landwatch,425507910,MO,Putnam,240.0,1140000.0,4750.0,"Unionville, MO, 63565, Putnam County",https://www.landwatch.com/putnam-county-missouri-farms-and-ranches-for-sale/pid/425507910,,,1.0,0.867,0.208,0.5,0.5
967,0.5666,True,landsearch,5211987,KY,Greenup,694.0,1943200.0,2800.0,"Argillite, KY 41121",https://www.landsearch.com/properties/694a-tunnel-ridge-rd-argillite-ky-41121/5211987,,,1.0,0.433,0.533,0.5,0.5
968,0.5661,True,landsearch,5083614,MS,Marshall,452.0,1995000.0,4413.72,"Holly Springs, MS 38635",https://www.landsearch.com/properties/holly-springs-ms-38635/5083614,,,1.0,0.789,0.264,0.5,0.5
969,0.5657,True,landwatch,424842739,KS,Labette,381.0,1425000.0,3740.16,"Mound Valley, KS, 67354, Labette County",https://www.landwatch.com/labette-county-kansas-undeveloped-land-for-sale/pid/424842739,,,1.0,0.638,0.377,0.5,0.5
970,0.5657,True,landwatch,424880587,MS,Lincoln,231.0,1039500.0,4500.0,"Ruth, MS, 39662, Lincoln County",https://www.landwatch.com/lincoln-county-mississippi-recreational-property-for-sale/pid/424880587,,,1.0,0.807,0.25,0.5,0.5
971,0.5657,True,landwatch,424716763,NY,Washington,216.0,875000.0,4050.93,"Granville, NY, 12832, Washington County",https://www.landwatch.com/washington-county-new-york-farms-and-ranches-for-sale/pid/424716763,,,1.0,0.707,0.325,0.5,0.5
972,0.5652,True,landwatch,425698678,TN,Warren,291.0,1295000.0,4450.17,"McMinnville, TN, 37110, Warren County",https://www.landwatch.com/warren-county-tennessee-recreational-property-for-sale/pid/425698678,,,1.0,0.793,0.258,0.5,0.5
973,0.5652,True,landwatch,426000611,ND,Richland,236.0,1100000.0,4661.02,"Hankinson, ND, 58041, Richland County",https://www.landwatch.com/richland-county-north-dakota-farms-and-ranches-for-sale/pid/426000611,,,1.0,0.84,0.223,0.5,0.5
974,0.5652,True,landwatch,425707444,OK,Pittsburg,771.0,2399999.0,3112.84,"Daisy, OK, 74540, Pittsburg County",https://www.landwatch.com/pittsburg-county-oklahoma-farms-and-ranches-for-sale/pid/425707444,,,1.0,0.496,0.481,0.5,0.5
975,0.565,True,landwatch,426212526,KS,Cowley,264.0,1389789.0,5264.35,"Latham, KS, 67072, Cowley County",https://www.landwatch.com/cowley-county-kansas-farms-and-ranches-for-sale/pid/426212526,,,1.0,0.973,0.123,0.5,0.5
976,0.5648,True,landwatch,425357262,MO,Iron,245.0,1210000.0,4938.78,"Belleview, MO, 63623, Iron County",https://www.landwatch.com/iron-county-missouri-recreational-property-for-sale/pid/425357262,,,1.0,0.9,0.177,0.5,0.5
977,0.5648,True,landsearch,5197227,MS,Stone,390.0,1500000.0,3846.15,"Wiggins, MS 39577",https://www.landsearch.com/properties/cox-rd-wiggins-ms-39577/5197227,,,1.0,0.657,0.359,0.5,0.5
978,0.5646,True,landwatch,422606146,AR,Lafayette,213.0,848424.0,3983.21,"Taylor, AR, 71861, Lafayette County",https://www.landwatch.com/lafayette-county-arkansas-recreational-property-for-sale/pid/422606146,,,1.0,0.687,0.336,0.5,0.5
979,0.5646,True,landwatch,424470935,PA,Huntingdon,320.0,1150000.0,3593.75,"Robertsdale, PA, 16674, Huntingdon County",https://www.landwatch.com/huntingdon-county-pennsylvania-undeveloped-land-for-sale/pid/424470935,,,1.0,0.6,0.401,0.5,0.5
980,0.5644,True,landwatch,424129818,VA,Nelson,207.0,788000.0,3806.76,"Buffalo Springs, VA, 24553, Nelson County",https://www.landwatch.com/nelson-county-virginia-recreational-property-for-sale/pid/424129818,,,1.0,0.647,0.366,0.5,0.5
981,0.5644,True,landwatch,425778139,VA,Charlotte,769.0,2400000.0,3120.94,"Charlotte Court House, VA, 23923, Charlotte County",https://www.landwatch.com/charlotte-county-virginia-recreational-property-for-sale/pid/425778139,,,1.0,0.494,0.48,0.5,0.5
982,0.5644,True,landwatch,424786213,OK,Osage,327.0,1062750.0,3250.0,"Pawhuska, OK, 74056, Osage County",https://www.landwatch.com/osage-county-oklahoma-farms-and-ranches-for-sale/pid/424786213,,,1.0,0.523,0.458,0.5,0.5
983,0.5643,True,landwatch,421288681,AL,Chilton,572.0,2200000.0,3846.15,"Verbena, AL, 36091, Chilton County",https://www.landwatch.com/chilton-county-alabama-recreational-property-for-sale/pid/421288681,,,1.0,0.655,0.359,0.5,0.5
984,0.5643,True,landsearch,4959248,IA,Appanoose,260.0,1404000.0,5400.0,"Moulton, IA 52572",https://www.landsearch.com/properties/310th-ave-moulton-ia-52572/4959248,,,1.0,1.0,0.1,0.5,0.5
985,0.5643,True,landwatch,425930733,MS,Holmes,200.0,720000.0,3600.0,"Lexington, MS, 39095, Holmes County",https://www.landwatch.com/holmes-county-mississippi-recreational-property-for-sale/pid/425930733,,,1.0,0.6,0.4,0.5,0.5
986,0.5643,True,landwatch,424543374,OK,Bryan,240.0,1152000.0,4800.0,"Bennington, OK, 74723, Bryan County",https://www.landwatch.com/bryan-county-oklahoma-farms-and-ranches-for-sale/pid/424543374,,,1.0,0.867,0.2,0.5,0.5
987,0.5639,True,landwatch,425615094,TN,Henry,665.0,1828750.0,2750.0,"Springville, TN, 38256, Henry County",https://www.landwatch.com/henry-county-tennessee-timberland-property-for-sale/pid/425615094,,,1.0,0.41,0.542,0.5,0.5
988,0.5637,True,landwatch,425804291,VA,Charlotte,332.0,1100000.0,3313.25,"Harrisburg, VA, 24528, Charlotte County",https://www.landwatch.com/charlotte-county-virginia-recreational-property-for-sale/pid/425804291,,,1.0,0.533,0.448,0.5,0.5
989,0.5637,True,landwatch,425315048,WI,Adams,263.0,1399900.0,5322.81,"Friendship, WI, 53934, Adams County",https://www.landwatch.com/adams-county-wisconsin-recreational-property-for-sale/pid/425315048,,,1.0,0.98,0.113,0.5,0.5
990,0.5635,True,landwatch,419192308,GA,Elbert,341.0,1160352.0,3402.79,"Elberton, GA, 30635, Elbert County",https://www.landwatch.com/elbert-county-georgia-recreational-property-for-sale/pid/419192308,,,1.0,0.553,0.433,0.5,0.5
991,0.5635,True,landwatch,424724856,AL,Crenshaw,578.0,2200000.0,3806.23,"Rutledge, AL, 36071, Crenshaw County",https://www.landwatch.com/crenshaw-county-alabama-farms-and-ranches-for-sale/pid/424724856,,,1.0,0.642,0.366,0.5,0.5
992,0.5635,True,landwatch,416473800,NC,Granville,222.0,949500.0,4277.03,"Oxford, NC, 27565, Granville County",https://www.landwatch.com/granville-county-north-carolina-timberland-property-for-sale/pid/416473800,,,1.0,0.747,0.287,0.5,0.5
993,0.5634,True,landwatch,426666492,VA,Buckingham,424.0,1781262.0,4201.09,"Dillwyn, VA, 23936, Buckingham County",https://www.landwatch.com/buckingham-county-virginia-recreational-property-for-sale/pid/426666492,,,1.0,0.73,0.3,0.5,0.5
994,0.5634,True,landwatch,423673056,GA,Washington,403.0,1612000.0,4000.0,"Mitchell, GA, 30820, Washington County",https://www.landwatch.com/washington-county-georgia-recreational-property-for-sale/pid/423673056,,,1.0,0.685,0.333,0.5,0.5
995,0.5631,True,landwatch,424008747,MO,Miller,200.0,725000.0,3625.0,"Iberia, MO, 65486, Miller County",https://www.landwatch.com/miller-county-missouri-farms-and-ranches-for-sale/pid/424008747,,,1.0,0.6,0.396,0.5,0.5
996,0.5631,True,landwatch,424890974,KS,Cowley,637.0,2069665.0,3249.08,"Arkansas City, KS, 67005, Cowley County",https://www.landwatch.com/cowley-county-kansas-farms-and-ranches-for-sale/pid/424890974,,,1.0,0.516,0.458,0.5,0.5
997,0.563,True,landwatch,424726795,OK,Mccurtain,423.0,1776600.0,4200.0,"Idabel, OK, 74745, McCurtain County",https://www.landwatch.com/mccurtain-county-oklahoma-farms-and-ranches-for-sale/pid/424726795,,,1.0,0.727,0.3,0.5,0.5
998,0.563,True,landwatch,421444097,TN,Sullivan,273.0,1375000.0,5036.63,"Blountville, TN, 37617, Sullivan County",https://www.landwatch.com/sullivan-county-tennessee-recreational-property-for-sale/pid/421444097,,,1.0,0.913,0.161,0.5,0.5
999,0.563,True,landwatch,426660667,MI,Iron,225.0,985000.0,4377.78,"Iron River, MI, 49935, Iron County",https://www.landwatch.com/iron-county-michigan-homes-for-sale/pid/426660667,,,1.0,0.767,0.27,0.5,0.5
1000,0.5629,True,landsearch,5157215,MS,Franklin,201.0,735500.0,3659.2,"Smithdale, MS 39664",https://www.landsearch.com/properties/chathaw-path-smithdale-ms-39664/5157215,,,1.0,0.607,0.39,0.5,0.5
1001,0.5628,True,landwatch,416579377,NY,Sullivan,357.0,1275000.0,3571.43,"Forestburgh, NY, 12777, Sullivan County",https://www.landwatch.com/sullivan-county-new-york-undeveloped-land-for-sale/pid/416579377,,,1.0,0.587,0.405,0.5,0.5
1002,0.5623,True,landwatch,425414773,VA,Appomattox,367.0,1350000.0,3678.47,"Gladstone, VA, 24553, Appomattox County",https://www.landwatch.com/appomattox-county-virginia-recreational-property-for-sale/pid/425414773,,,1.0,0.608,0.387,0.5,0.5
1003,0.5622,True,landandfarm,35457932,AL,Covington,226.0,999995.0,4424.76,"Red Level, AL, 36474",https://www.landandfarm.com/property/palustris-on-the-patsaliga-35457932/,,,1.0,0.773,0.263,0.5,0.5
1004,0.5621,True,landwatch,425494542,GA,Wayne,202.0,748519.0,3705.54,"Jesup, GA, 31546, Wayne County",https://www.landwatch.com/wayne-county-georgia-farms-and-ranches-for-sale/pid/425494542,,,1.0,0.613,0.382,0.5,0.5
1005,0.5619,True,landwatch,426365694,MS,Pike,315.0,1197225.0,3800.71,"Mccomb, MS, 39648, Pike County",https://www.landwatch.com/pike-county-mississippi-recreational-property-for-sale/pid/426365694,,,1.0,0.633,0.367,0.5,0.5
1006,0.5618,True,landwatch,423946664,AL,Escambia,345.0,1200000.0,3478.26,"Andalusia, AL, 36420, Escambia County",https://www.landwatch.com/escambia-county-alabama-recreational-property-for-sale/pid/423946664,,,1.0,0.561,0.42,0.5,0.5
1007,0.5617,True,landwatch,426581535,MS,Franklin,420.0,1764000.0,4200.0,"Roxie, MS, 39661, Franklin County",https://www.landwatch.com/franklin-county-mississippi-recreational-property-for-sale/pid/426581535,,,1.0,0.721,0.3,0.5,0.5
1008,0.5614,True,landwatch,425600294,KY,Montgomery,283.0,1350000.0,4770.32,"Mt Sterling, KY, 40353, Montgomery County",https://www.landwatch.com/montgomery-county-kentucky-farms-and-ranches-for-sale/pid/425600294,,,1.0,0.847,0.205,0.5,0.5
1009,0.5614,True,landwatch,423609052,MO,Adair,565.0,2245875.0,3975.0,"Green Castle, MO, 63544, Adair County",https://www.landwatch.com/adair-county-missouri-recreational-property-for-sale/pid/423609052,,,1.0,0.67,0.338,0.5,0.5
1010,0.561,True,landwatch,421849897,KS,Wilson,296.0,1299000.0,4388.51,"Neodesha, KS, 66776, Wilson County",https://www.landwatch.com/wilson-county-kansas-farms-and-ranches-for-sale/pid/421849897,,,1.0,0.76,0.269,0.5,0.5
1011,0.5608,True,landwatch,426204326,WI,Sawyer,360.0,1311564.0,3643.23,"Winter, WI, 54896, Sawyer County",https://www.landwatch.com/sawyer-county-wisconsin-undeveloped-land-for-sale/pid/426204326,,,1.0,0.593,0.393,0.5,0.5
1012,0.5606,True,landwatch,424810421,WI,Ashland,242.0,1195000.0,4938.02,"Glidden, WI, 54527, Ashland County",https://www.landwatch.com/ashland-county-wisconsin-lakefront-property-for-sale/pid/424810421,,,1.0,0.88,0.177,0.5,0.5
1013,0.5605,True,landwatch,421198646,OK,Grady,372.0,1400000.0,3763.44,"Minco, OK, 73059, Grady County",https://www.landwatch.com/grady-county-oklahoma-farms-and-ranches-for-sale/pid/421198646,,,1.0,0.619,0.373,0.5,0.5
1014,0.5602,True,landwatch,425579928,KS,Osborne,657.0,1839000.0,2799.09,"Waldo, KS, 67673, Osborne County",https://www.landwatch.com/osborne-county-kansas-farms-and-ranches-for-sale/pid/425579928,,,1.0,0.403,0.533,0.5,0.5
1015,0.5599,True,landwatch,426603890,PA,Potter,271.0,1399000.0,5162.36,"Austin, PA, 16720, Potter County",https://www.landwatch.com/potter-county-pennsylvania-homes-for-sale/pid/426603890,,,1.0,0.927,0.14,0.5,0.5
1016,0.5597,True,landwatch,425227483,OK,Okfuskee,635.0,2120000.0,3338.58,"Okemah, OK, 74859, Okfuskee County",https://www.landwatch.com/okfuskee-county-oklahoma-farms-and-ranches-for-sale/pid/425227483,,,1.0,0.521,0.444,0.5,0.5
1017,0.5596,True,landwatch,424505358,KY,Cumberland,318.0,1195000.0,3757.86,"Burkesville, KY, 42717, Cumberland County",https://www.landwatch.com/cumberland-county-kentucky-farms-and-ranches-for-sale/pid/424505358,,,1.0,0.613,0.374,0.5,0.5
1018,0.5596,True,landwatch,426111525,MS,Holmes,211.0,850000.0,4028.44,"Durant, MS, 39063, Holmes County",https://www.landwatch.com/holmes-county-mississippi-undeveloped-land-for-sale/pid/426111525,,,1.0,0.673,0.329,0.5,0.5
1019,0.5596,True,landwatch,425292168,NC,Iredell,308.0,1250000.0,4058.44,"Union Grove, NC, 28689, Iredell County",https://www.landwatch.com/iredell-county-north-carolina-recreational-property-for-sale/pid/425292168,,,1.0,0.68,0.324,0.5,0.5
1020,0.5596,True,landwatch,425764121,KY,Caldwell,206.0,799000.0,3878.64,"Princeton, KY, 42445, Caldwell County",https://www.landwatch.com/caldwell-county-kentucky-recreational-property-for-sale/pid/425764121,,,1.0,0.64,0.354,0.5,0.5
1021,0.5596,True,landwatch,423396178,AL,Mobile,242.0,1200000.0,4958.68,"Theodore, AL, 36582, Mobile County",https://www.landwatch.com/mobile-county-alabama-recreational-property-for-sale/pid/423396178,,,1.0,0.88,0.174,0.5,0.5
1022,0.5596,True,landwatch,425867579,SD,Gregory,368.0,1378125.0,3744.9,"Herrick, SD, 57538, Gregory County",https://www.landwatch.com/gregory-county-south-dakota-farms-and-ranches-for-sale/pid/425867579,,,1.0,0.61,0.376,0.5,0.5
1023,0.5595,True,landwatch,422125925,TN,Henry,210.0,840000.0,4000.0,"Springville, TN, 38256, Henry County",https://www.landwatch.com/henry-county-tennessee-recreational-property-for-sale/pid/422125925,,,1.0,0.667,0.333,0.5,0.5
1024,0.5586,True,landwatch,424325590,MO,Maries,403.0,1652400.0,4100.25,"Vienna, MO, 65582, Maries County",https://www.landwatch.com/maries-county-missouri-recreational-property-for-sale/pid/424325590,,,1.0,0.685,0.317,0.5,0.5
1025,0.5584,True,landwatch,423633133,AL,Marengo,608.0,2204000.0,3625.0,"Sweet Water, AL, 36782, Marengo County",https://www.landwatch.com/marengo-county-alabama-recreational-property-for-sale/pid/423633133,,,1.0,0.578,0.396,0.5,0.5
1026,0.5583,True,landwatch,426556378,MO,Barry,444.0,1998000.0,4500.0,"Exeter, MO, 65647, Barry County",https://www.landwatch.com/barry-county-missouri-recreational-property-for-sale/pid/426556378,,,1.0,0.772,0.25,0.5,0.5
1027,0.5583,True,landandfarm,37641290,TN,Grundy,383.0,1500000.0,3916.45,"Tracy City, TN, 37387",https://www.landandfarm.com/property/breathtaking-384-acres-protected-natural-beauty-in-conservation-easement-37641290/,,,1.0,0.642,0.347,0.5,0.5
1028,0.5582,True,landwatch,422860966,WI,Taylor,611.0,2200000.0,3600.65,"Gilman, WI, 54433, Taylor County",https://www.landwatch.com/taylor-county-wisconsin-recreational-property-for-sale/pid/422860966,,,1.0,0.572,0.4,0.5,0.5
1029,0.5578,True,landwatch,426518817,MS,Jefferson,453.0,2083000.0,4598.23,"Lorman, MS, 39096, Jefferson County",https://www.landwatch.com/jefferson-county-mississippi-recreational-property-for-sale/pid/426518817,,,1.0,0.791,0.234,0.5,0.5
1030,0.5574,True,landwatch,421061982,MS,Madison,750.0,2399000.0,3198.67,"Pickens, MS, 39146, Madison County",https://www.landwatch.com/madison-county-mississippi-recreational-property-for-sale/pid/421061982,,,1.0,0.479,0.467,0.5,0.5
1031,0.5573,True,landwatch,420763708,KS,Butler,363.0,1359000.0,3743.8,"Leon, KS, 67074, Butler County",https://www.landwatch.com/butler-county-kansas-farms-and-ranches-for-sale/pid/420763708,,,1.0,0.6,0.376,0.5,0.5
1032,0.5573,True,landwatch,425538798,NC,Halifax,385.0,1523066.0,3956.02,"Littleton, NC, 27850, Halifax County",https://www.landwatch.com/halifax-county-north-carolina-recreational-property-for-sale/pid/425538798,,,1.0,0.646,0.341,0.5,0.5
1033,0.5571,True,landsearch,5138627,OK,Sequoyah,320.0,1200000.0,3750.0,"Stoney Point, OK 74955",https://www.landsearch.com/properties/e0964-rd-stoney-point-ok-74955/5138627,,,1.0,0.6,0.375,0.5,0.5
1034,0.5571,True,landwatch,425690388,OK,Hughes,295.0,1327500.0,4500.0,"Calvin, OK, 74531, Hughes County",https://www.landwatch.com/hughes-county-oklahoma-farms-and-ranches-for-sale/pid/425690388,,,1.0,0.767,0.25,0.5,0.5
1035,0.5571,True,landwatch,423889388,NE,Holt,320.0,1200000.0,3750.0,"Page, NE, 68766, Holt County",https://www.landwatch.com/holt-county-nebraska-farms-and-ranches-for-sale/pid/423889388,,,1.0,0.6,0.375,0.5,0.5
1036,0.5571,True,landwatch,422304490,KY,Cumberland,367.0,1390000.0,3787.47,"Burkesville, KY, 42717, Cumberland County",https://www.landwatch.com/cumberland-county-kentucky-farms-and-ranches-for-sale/pid/422304490,,,1.0,0.608,0.369,0.5,0.5
1037,0.5571,True,landwatch,426452814,WI,Trempealeau,247.0,1274900.0,5161.54,"Trempealeau, WI, 54758, Trempealeau County",https://www.landwatch.com/trempealeau-county-wisconsin-recreational-property-for-sale/pid/426452814,,,1.0,0.913,0.14,0.5,0.5
1038,0.557,True,landwatch,424755285,MO,Howell,279.0,1390000.0,4982.08,"Willow Springs, MO, 65793, Howell County",https://www.landwatch.com/howell-county-missouri-farms-and-ranches-for-sale/pid/424755285,,,1.0,0.873,0.17,0.5,0.5
1039,0.557,True,landwatch,425963236,AL,Lamar,340.0,1200000.0,3529.41,"Millport, AL, 35576, Lamar County",https://www.landwatch.com/lamar-county-alabama-recreational-property-for-sale/pid/425963236,,,1.0,0.551,0.412,0.5,0.5
1040,0.5561,True,landandfarm,40830865,MS,Leflore,400.0,1650000.0,4125.0,"Sidon, MS, 38954",https://www.landandfarm.com/property/leflore-400-40830865/,,,1.0,0.678,0.312,0.5,0.5
1041,0.5554,True,landwatch,425021530,WI,Taylor,305.0,1292000.0,4236.07,"Gilman, WI, 54433, Taylor County",https://www.landwatch.com/taylor-county-wisconsin-recreational-property-for-sale/pid/425021530,,,1.0,0.7,0.294,0.5,0.5
1042,0.5554,True,landwatch,421555067,MS,Amite,375.0,1462500.0,3900.0,"Gloster, MS, 39638, Amite County",https://www.landwatch.com/amite-county-mississippi-recreational-property-for-sale/pid/421555067,,,1.0,0.625,0.35,0.5,0.5
1043,0.5553,True,landwatch,423118047,KY,Livingston,718.0,2243750.0,3125.0,"Salem, KY, 42078, Livingston County",https://www.landwatch.com/livingston-county-kentucky-recreational-property-for-sale/pid/423118047,,,1.0,0.453,0.479,0.5,0.5
1044,0.5547,True,landsearch,5119651,MS,Itawamba,206.0,820000.0,3980.58,"Tremont, MS 38876",https://www.landsearch.com/properties/731-wright-rd-tremont-ms-38876/5119651,,,1.0,0.64,0.337,0.5,0.5
1045,0.5541,True,landwatch,421348857,TN,Sullivan,307.0,1290912.0,4204.93,"Kingsport, TN, 37660, Sullivan County",https://www.landwatch.com/sullivan-county-tennessee-farms-and-ranches-for-sale/pid/421348857,,,1.0,0.687,0.299,0.5,0.5
1046,0.5539,True,landsearch,5011698,AL,Perry,631.0,2208500.0,3500.0,"Suttle, AL 36701",https://www.landsearch.com/properties/suttle-al-36701/5011698,,,1.0,0.529,0.417,0.5,0.5
1047,0.5531,True,landwatch,425910887,VA,Lunenburg,834.0,3000000.0,3597.12,"Keysville, VA, 23936, Lunenburg County",https://www.landwatch.com/lunenburg-county-virginia-recreational-property-for-sale/pid/425910887,,,1.0,0.547,0.4,0.5,0.5
1048,0.5529,True,landsearch,5147094,WI,Adams,255.0,1399900.0,5489.8,"Adams, WI 53910",https://www.landsearch.com/properties/dover-dr-adams-wi-53910/5147094,,,1.0,0.967,0.085,0.5,0.5
1049,0.5524,True,landwatch,425046056,IL,Jersey,245.0,1274000.0,5200.0,"Fieldon, IL, 62031, Jersey County",https://www.landwatch.com/jersey-county-illinois-recreational-property-for-sale/pid/425046056,,,1.0,0.9,0.133,0.5,0.5
1050,0.5523,True,landsearch,5211864,IL,Jersey,261.0,1467000.0,5620.69,"Grafton, IL 62037",https://www.landsearch.com/properties/17816-powerline-rd-grafton-il-62037/5211864,,,1.0,0.993,0.063,0.5,0.5
1051,0.5519,True,landwatch,424865268,AR,Fulton,750.0,2485000.0,3313.33,"Viola, AR, 72583, Fulton County",https://www.landwatch.com/fulton-county-arkansas-recreational-property-for-sale/pid/424865268,,,1.0,0.479,0.448,0.5,0.5
1052,0.5519,True,landwatch,425847318,WI,Ashland,269.0,1449900.0,5389.96,"High Bridge, WI, 54846, Ashland County",https://www.landwatch.com/ashland-county-wisconsin-lakefront-property-for-sale/pid/425847318,,,1.0,0.94,0.102,0.5,0.5
1053,0.5519,True,landwatch,426088875,KY,Henry,414.0,1800000.0,4347.83,"Eminence, KY, 40019, Henry County",https://www.landwatch.com/henry-county-kentucky-undeveloped-land-for-sale/pid/426088875,,,1.0,0.708,0.275,0.5,0.5
1054,0.5518,True,landwatch,426575916,OK,Grady,759.0,2542650.0,3350.0,"Marlow, OK, 73055, Grady County",https://www.landwatch.com/grady-county-oklahoma-farms-and-ranches-for-sale/pid/426575916,,,1.0,0.486,0.442,0.5,0.5
1055,0.5516,True,landwatch,426105974,SD,Meade,518.0,2399000.0,4631.27,"White Owl, SD, 57748, Meade County",https://www.landwatch.com/meade-county-south-dakota-farms-and-ranches-for-sale/pid/426105974,,,1.0,0.77,0.228,0.5,0.5
1056,0.5515,True,landsearch,5083727,MS,Union,731.0,2378532.0,3253.81,"New Albany, MS 38627",https://www.landsearch.com/properties/new-albany-ms-38627/5083727,,,1.0,0.463,0.458,0.5,0.5
1057,0.5514,True,landwatch,426168624,KS,Montgomery,286.0,1399000.0,4891.61,"Independence, KS, 67301, Montgomery County",https://www.landwatch.com/montgomery-county-kansas-recreational-property-for-sale/pid/426168624,,,1.0,0.827,0.185,0.5,0.5
1058,0.5513,True,landwatch,423674729,MS,Marshall,221.0,995000.0,4502.26,"Lamar, MS, 38642, Marshall County",https://www.landwatch.com/marshall-county-mississippi-recreational-property-for-sale/pid/423674729,,,1.0,0.74,0.25,0.5,0.5
1059,0.5511,True,landwatch,426446829,MN,Pennington,760.0,2560000.0,3368.42,"Thief River Falls, MN, 56748, Pennington County",https://www.landwatch.com/pennington-county-minnesota-farms-and-ranches-for-sale/pid/426446829,,,1.0,0.487,0.439,0.5,0.5
1060,0.551,True,landwatch,424899012,AL,Macon,758.0,2549000.0,3362.8,"Hardaway, AL, 36039, Macon County",https://www.landwatch.com/macon-county-alabama-farms-and-ranches-for-sale/pid/424899012,,,1.0,0.485,0.44,0.5,0.5
1061,0.551,True,landwatch,426029946,OK,Atoka,480.0,2400000.0,5000.0,"Atoka, OK, 74525, Atoka County",https://www.landwatch.com/atoka-county-oklahoma-farms-and-ranches-for-sale/pid/426029946,,,1.0,0.849,0.167,0.5,0.5
1062,0.5509,True,landwatch,425899684,MN,Polk,532.0,2400000.0,4511.28,"Erskine, MN, 56535, Polk County",https://www.landwatch.com/polk-county-minnesota-farms-and-ranches-for-sale/pid/425899684,,,1.0,0.74,0.248,0.5,0.5
1063,0.5508,True,landwatch,425298959,MO,Mississippi,230.0,1100000.0,4782.61,"Bertrand, MO, 63823, Mississippi County",https://www.landwatch.com/mississippi-county-missouri-farms-and-ranches-for-sale/pid/425298959,,,1.0,0.8,0.203,0.5,0.5
1064,0.5508,True,landwatch,425108889,MS,Tunica,230.0,1100000.0,4782.61,"Dundee, MS, 38626, Tunica County",https://www.landwatch.com/tunica-county-mississippi-farms-and-ranches-for-sale/pid/425108889,,,1.0,0.8,0.203,0.5,0.5
1065,0.5508,True,landwatch,426548367,AL,Blount,217.0,953332.0,4393.24,"Oneonta, AL, 35121, Blount County",https://www.landwatch.com/blount-county-alabama-recreational-property-for-sale/pid/426548367,,,1.0,0.713,0.268,0.5,0.5
1066,0.5502,True,landwatch,425601075,NC,Halifax,214.0,923403.0,4314.97,"Littleton, NC, 27850, Halifax County",https://www.landwatch.com/halifax-county-north-carolina-recreational-property-for-sale/pid/425601075,,,1.0,0.693,0.281,0.5,0.5
1067,0.55,True,landandfarm,40131753,MS,Wilkinson,577.0,2365000.0,4098.79,"Woodville, MS, 39669",https://www.landandfarm.com/property/vacant-land-woodville-ms-40131753/,,,1.0,0.644,0.317,0.5,0.5
1068,0.5498,True,landwatch,424102713,AL,Cleburne,240.0,1225000.0,5104.17,"Heflin, AL, 36264, Cleburne County",https://www.landwatch.com/cleburne-county-alabama-recreational-property-for-sale/pid/424102713,,,1.0,0.867,0.149,0.5,0.5
1069,0.5495,True,landwatch,423747792,AR,Howard,203.0,812000.0,4000.0,"Dierks, AR, 71846, Howard County",https://www.landwatch.com/howard-county-arkansas-recreational-property-for-sale/pid/423747792,,,1.0,0.62,0.333,0.5,0.5
1070,0.5489,True,landwatch,423557864,OK,Washington,769.0,2650000.0,3446.03,"Ramona, OK, 74061, Washington County",https://www.landwatch.com/washington-county-oklahoma-farms-and-ranches-for-sale/pid/423557864,,,1.0,0.494,0.426,0.5,0.5
1071,0.5487,True,landwatch,425140177,MI,Presque Isle,373.0,1500000.0,4021.45,"Rogers City, MI, 49779, Presque Isle County",https://www.landwatch.com/presque-isle-county-michigan-timberland-property-for-sale/pid/425140177,,,1.0,0.621,0.33,0.5,0.5
1072,0.5487,True,landandfarm,39523116,GA,Camden,475.0,2375000.0,5000.0,"White Oak, GA, 31568",https://www.landandfarm.com/property/475-ac-land-for-sale-ga-hwy-252-tract-camden-county-ga-39523116/,,,1.0,0.838,0.167,0.5,0.5
1073,0.5486,True,landwatch,425024853,NC,Cherokee,259.0,1500000.0,5791.51,"Andrews, NC, 28901, Cherokee County",https://www.landwatch.com/cherokee-county-north-carolina-undeveloped-land-for-sale/pid/425024853,,,1.0,0.993,0.05,0.5,0.5
1074,0.5486,True,landwatch,423791315,MI,Montmorency,261.0,1499777.0,5746.27,"Atlanta, MI, 49709, Montmorency County",https://www.landwatch.com/montmorency-county-michigan-homes-for-sale/pid/423791315,,,1.0,0.993,0.05,0.5,0.5
1075,0.5483,True,landwatch,423348004,KY,Laurel,370.0,1480000.0,4000.0,"East Bernstadt, KY, 40729, Laurel County",https://www.landwatch.com/laurel-county-kentucky-recreational-property-for-sale/pid/423348004,,,1.0,0.614,0.333,0.5,0.5
1076,0.5482,True,landsearch,4871728,ND,McLean,600.0,2350000.0,3916.67,"Butte, ND 58723",https://www.landsearch.com/properties/8th-ave-nw-butte-nd-58723/4871728,,,1.0,0.595,0.347,0.5,0.5
1077,0.5482,True,landsearch,5130522,AL,Pike,210.0,890000.0,4238.1,"Banks, AL 36005",https://www.landsearch.com/properties/919-county-road-6628-banks-al-36005/5130522,,,1.0,0.667,0.294,0.5,0.5
1078,0.5479,True,landwatch,419453169,AL,Bullock,313.0,1300000.0,4153.35,"Union Springs, AL, 36089, Bullock County",https://www.landwatch.com/bullock-county-alabama-recreational-property-for-sale/pid/419453169,,,1.0,0.647,0.308,0.5,0.5
1079,0.5479,True,landwatch,424914811,GA,Bacon,308.0,1325437.0,4303.37,"Alma, GA, 31510, Bacon County",https://www.landwatch.com/bacon-county-georgia-recreational-property-for-sale/pid/424914811,,,1.0,0.68,0.283,0.5,0.5
1080,0.5476,True,landwatch,425769695,GA,Dodge,202.0,810000.0,4009.9,"Gresston, GA, 31023, Dodge County",https://www.landwatch.com/dodge-county-georgia-recreational-property-for-sale/pid/425769695,,,1.0,0.613,0.332,0.5,0.5
1081,0.5471,True,landsearch,5184736,GA,Worth,258.0,1500000.0,5813.95,"Oakfield, GA 31772",https://www.landsearch.com/properties/oakfield-ga-31772/5184736,,,1.0,0.987,0.05,0.5,0.5
1082,0.547,True,landsearch,5129945,GA,Burke,203.0,822827.0,4053.33,"Waynesboro, GA 30830",https://www.landsearch.com/properties/watkins-pond-rd-waynesboro-ga-30830/5129945,,,1.0,0.62,0.324,0.5,0.5
1083,0.5468,True,landwatch,426517928,OK,Hughes,488.0,2450000.0,5020.49,"Calvin, OK, 74531, Hughes County",https://www.landwatch.com/hughes-county-oklahoma-farms-and-ranches-for-sale/pid/426517928,,,1.0,0.834,0.163,0.5,0.5
1084,0.5464,True,landwatch,422426179,KS,Wilson,200.0,795000.0,3975.0,"Altoona, KS, 66710, Wilson County",https://www.landwatch.com/wilson-county-kansas-farms-and-ranches-for-sale/pid/422426179,,,1.0,0.6,0.338,0.5,0.5
1085,0.5464,True,landwatch,423139623,MS,Leflore,443.0,2100000.0,4740.41,"Avalon, MS, 38917, Leflore County",https://www.landwatch.com/leflore-county-mississippi-farms-and-ranches-for-sale/pid/423139623,,,1.0,0.77,0.21,0.5,0.5
1086,0.5463,True,landwatch,426222132,KY,Ohio,315.0,1300000.0,4126.98,"Fordsville, KY, 42343, Ohio County",https://www.landwatch.com/ohio-county-kentucky-farms-and-ranches-for-sale/pid/426222132,,,1.0,0.633,0.312,0.5,0.5
1087,0.5463,True,landwatch,424061909,NC,Columbus,396.0,1700000.0,4292.93,"Whiteville, NC, 28472, Columbus County",https://www.landwatch.com/columbus-county-north-carolina-recreational-property-for-sale/pid/424061909,,,1.0,0.67,0.285,0.5,0.5
1088,0.5462,True,landandfarm,39623965,TX,Gaines,420.0,1900000.0,4523.81,"Seminole, TX, 79360",https://www.landandfarm.com/property/exceptional-420-acre-irrigated-farm-ranch-39623965/,,,1.0,0.721,0.246,0.5,0.5
1089,0.5458,True,landwatch,423995076,OH,Jefferson,464.0,2299000.0,4954.74,"Rayland, OH, 43943, Jefferson County",https://www.landwatch.com/jefferson-county-ohio-farms-and-ranches-for-sale/pid/423995076,,,1.0,0.815,0.174,0.5,0.5
1090,0.5457,True,landwatch,423040201,ND,Dickey,200.0,798000.0,3990.0,"Kulm, ND, 58456, Dickey County",https://www.landwatch.com/dickey-county-north-dakota-farms-and-ranches-for-sale/pid/423040201,,,1.0,0.6,0.335,0.5,0.5
1091,0.5452,True,landwatch,425753604,GA,Terrell,270.0,1485000.0,5500.0,"Dawson, GA, 39842, Terrell County",https://www.landwatch.com/terrell-county-georgia-farms-and-ranches-for-sale/pid/425753604,,,1.0,0.933,0.083,0.5,0.5
1092,0.5451,True,landsearch,5156873,GA,Webster,775.0,2750000.0,3548.39,"Preston, GA 31824",https://www.landsearch.com/properties/addie-dairy-rd-preston-ga-31824/5156873,,,1.0,0.499,0.409,0.5,0.5
1093,0.5451,True,landsearch,5239223,SD,Brown,478.0,2440000.0,5104.6,"Barnard, SD 57426",https://www.landsearch.com/properties/113th-st-barnard-sd-57426/5239223,,,1.0,0.845,0.149,0.5,0.5
1094,0.5451,True,landwatch,425936583,KY,Logan,217.0,979500.0,4513.82,"Quality, KY, 42256, Logan County",https://www.landwatch.com/logan-county-kentucky-undeveloped-land-for-sale/pid/425936583,,,1.0,0.713,0.248,0.5,0.5
1095,0.5447,True,landwatch,425858574,KS,Elk,313.0,1321425.0,4221.81,"Elk City, KS, 67344, Elk County",https://www.landwatch.com/elk-county-kansas-farms-and-ranches-for-sale/pid/425858574,,,1.0,0.647,0.296,0.5,0.5
1096,0.5445,True,landwatch,422140175,VA,Smyth,700.0,2300000.0,3285.71,"Saltville, VA, 24370, Smyth County",https://www.landwatch.com/smyth-county-virginia-undeveloped-land-for-sale/pid/422140175,,,1.0,0.438,0.452,0.5,0.5
1097,0.5443,True,landwatch,425764116,AL,Dale,216.0,972000.0,4500.0,"Brundidge, AL, 36010, Dale County",https://www.landwatch.com/dale-county-alabama-farms-and-ranches-for-sale/pid/425764116,,,1.0,0.707,0.25,0.5,0.5
1098,0.544,True,landwatch,425177345,NE,Howard,350.0,1365000.0,3900.0,"Saint Paul, NE, 68873, Howard County",https://www.landwatch.com/howard-county-nebraska-farms-and-ranches-for-sale/pid/425177345,,,1.0,0.572,0.35,0.5,0.5
1099,0.5435,True,landwatch,426062327,OK,Haskell,270.0,1495000.0,5537.04,"Stigler, OK, 74462",https://www.landwatch.com/haskell-county-oklahoma-recreational-property-for-sale/pid/426062327,,,1.0,0.933,0.077,0.5,0.5
1100,0.5433,True,landandfarm,40538348,AL,Coffee,232.0,1160000.0,5000.0,"New Brockton, AL, 36351",https://www.landandfarm.com/property/mixons-row-crop-cattle-farm-40538348/,,,1.0,0.813,0.167,0.5,0.5
1101,0.5432,True,landwatch,425974804,KY,Hopkins,354.0,1400000.0,3954.8,"Dawson Springs, KY, 42408, Hopkins County",https://www.landwatch.com/hopkins-county-kentucky-farms-and-ranches-for-sale/pid/425974804,,,1.0,0.58,0.341,0.5,0.5
1102,0.5431,True,landwatch,418802939,NC,Hyde,552.0,2475000.0,4483.7,"Makleyville, NC, 27875, Hyde County",https://www.landwatch.com/hyde-county-north-carolina-timberland-property-for-sale/pid/418802939,,,1.0,0.698,0.253,0.5,0.5
1103,0.5431,True,landwatch,426304584,AR,Chicot,344.0,1328000.0,3860.47,"Portland, AR, 71663, Chicot County",https://www.landwatch.com/chicot-county-arkansas-recreational-property-for-sale/pid/426304584,,,1.0,0.559,0.357,0.5,0.5
1104,0.543,True,landwatch,426019398,PA,Somerset,204.0,850000.0,4166.67,"Fort Hill, PA, 15540, Somerset County",https://www.landwatch.com/somerset-county-pennsylvania-farms-and-ranches-for-sale/pid/426019398,,,1.0,0.627,0.306,0.5,0.5
1105,0.5429,True,landwatch,425392718,AR,Independence,300.0,1395000.0,4650.0,"Batesville, AR, 72501, Independence County",https://www.landwatch.com/independence-county-arkansas-recreational-property-for-sale/pid/425392718,,,1.0,0.733,0.225,0.5,0.5
1106,0.5427,True,landwatch,426565124,AR,Monroe,233.0,1175000.0,5042.92,"Marvell, AR, 72366, Monroe County",https://www.landwatch.com/monroe-county-arkansas-recreational-property-for-sale/pid/426565124,,,1.0,0.82,0.16,0.5,0.5
1107,0.5424,True,landwatch,426044043,AL,Washington,505.0,2499995.0,4950.49,"Fruitdale, AL, 36529, Washington County",https://www.landwatch.com/washington-county-alabama-recreational-property-for-sale/pid/426044043,,,1.0,0.798,0.175,0.5,0.5
1108,0.542,True,landandfarm,34562173,AR,Pike,676.0,2197487.0,3250.72,"Nashville, AR, 71852",https://www.landandfarm.com/property/plaster-bluff-34562173/,,,1.0,0.418,0.458,0.5,0.5
1109,0.5418,True,landwatch,426001031,KS,Montgomery,486.0,2500000.0,5144.03,"Liberty, KS, 67351, Montgomery County",https://www.landwatch.com/montgomery-county-kansas-farms-and-ranches-for-sale/pid/426001031,,,1.0,0.838,0.143,0.5,0.5
1110,0.5416,True,landwatch,425929415,GA,Macon,407.0,1830366.0,4497.21,"Andersonville, GA, 31711, Macon County",https://www.landwatch.com/macon-county-georgia-farms-and-ranches-for-sale/pid/425929415,,,1.0,0.693,0.25,0.5,0.5
1111,0.5414,True,landandfarm,40830849,OK,Adair,590.0,2451405.0,4154.92,"Tahlequah, OK, 74464",https://www.landandfarm.com/property/langley-river-and-hunting-ranch-for-sale-590-acres-adair-co-ok-40830849/,,,1.0,0.617,0.308,0.5,0.5
1112,0.5411,True,landwatch,426492699,IL,Saline,436.0,2086000.0,4784.4,"Ledford, IL, 62946, Saline County",https://www.landwatch.com/saline-county-illinois-recreational-property-for-sale/pid/426492699,,,1.0,0.755,0.203,0.5,0.5
1113,0.5411,True,landwatch,423959798,KY,Ohio,328.0,1230000.0,3750.0,"Cromwell, KY, 42333, Ohio County",https://www.landwatch.com/ohio-county-kentucky-farms-and-ranches-for-sale/pid/423959798,,,1.0,0.525,0.375,0.5,0.5
1114,0.541,True,landwatch,421611609,NE,Rock,480.0,2500000.0,5208.33,"Bassett, NE, 68714, Rock County",https://www.landwatch.com/rock-county-nebraska-farms-and-ranches-for-sale/pid/421611609,,,1.0,0.849,0.132,0.5,0.5
1115,0.5409,True,landwatch,422942886,GA,Wilkinson,553.0,2500000.0,4520.8,"Irwinton, GA, 31042, Wilkinson County",https://www.landwatch.com/wilkinson-county-georgia-recreational-property-for-sale/pid/422942886,,,1.0,0.695,0.247,0.5,0.5
1116,0.5408,True,landwatch,426297372,VA,Halifax,222.0,1055000.0,4752.25,"Virgilina, VA, 24598, Halifax County",https://www.landwatch.com/halifax-county-virginia-farms-and-ranches-for-sale/pid/426297372,,,1.0,0.747,0.208,0.5,0.5
1117,0.5401,True,landwatch,422210224,IN,Crawford,303.0,1399000.0,4617.16,"English, IN, 47118, Crawford County",https://www.landwatch.com/crawford-county-indiana-recreational-property-for-sale/pid/422210224,,,1.0,0.713,0.23,0.5,0.5
1118,0.5393,True,landandfarm,39512520,MO,Texas,200.0,825000.0,4125.0,"Graff, MO, 65660",https://www.landandfarm.com/property/county-line-farm-39512520/,,,1.0,0.6,0.312,0.5,0.5
1119,0.5391,True,landwatch,426212530,SD,Tripp,720.0,2500000.0,3472.22,"Hamill, SD, 57534, Tripp County",https://www.landwatch.com/tripp-county-south-dakota-farms-and-ranches-for-sale/pid/426212530,,,1.0,0.454,0.421,0.5,0.5
1120,0.5389,True,landwatch,424033559,TN,Claiborne,457.0,2300000.0,5032.82,"Speedwell, TN, 37870, Claiborne County",https://www.landwatch.com/claiborne-county-tennessee-undeveloped-land-for-sale/pid/424033559,,,1.0,0.8,0.161,0.5,0.5
1121,0.5386,True,landwatch,426517880,MO,Phelps,306.0,1395000.0,4558.82,"Newburg, MO, 65550, Phelps County",https://www.landwatch.com/phelps-county-missouri-farms-and-ranches-for-sale/pid/426517880,,,1.0,0.693,0.24,0.5,0.5
1122,0.5386,True,landwatch,426535482,NY,Delaware,225.0,1100000.0,4888.89,"Margaretville, NY, 12455, Delaware County",https://www.landwatch.com/delaware-county-new-york-homes-for-sale/pid/426535482,,,1.0,0.767,0.185,0.5,0.5
1123,0.5386,True,landwatch,424776238,TX,Real,477.0,2495000.0,5230.61,"Rocksprings, TX, 78880, Real County",https://www.landwatch.com/real-county-texas-farms-and-ranches-for-sale/pid/424776238,,,1.0,0.843,0.128,0.5,0.5
1124,0.5382,True,landwatch,424980566,OK,Craig,400.0,1800000.0,4500.0,"Bluejacket, OK, 74333, Craig County",https://www.landwatch.com/craig-county-oklahoma-farms-and-ranches-for-sale/pid/424980566,,,1.0,0.678,0.25,0.5,0.5
1125,0.5382,True,landwatch,425696923,MO,Morgan,328.0,1250000.0,3810.98,"Stover, MO, 65078, Morgan County",https://www.landwatch.com/morgan-county-missouri-farms-and-ranches-for-sale/pid/425696923,,,1.0,0.525,0.365,0.5,0.5
1126,0.538,True,landwatch,421926135,MO,Saint Clair,210.0,935000.0,4452.38,"Collins, MO, 64738, Saint Clair County",https://www.landwatch.com/saint-clair-county-missouri-farms-and-ranches-for-sale/pid/421926135,,,1.0,0.667,0.258,0.5,0.5
1127,0.5379,True,landandfarm,40736471,AR,Madison,375.0,1600000.0,4266.67,"Elkins, AR, 72727",https://www.landandfarm.com/property/375-acre-hunting-and-recreational-land-in-madison-county-ar-40736471/,,,1.0,0.625,0.289,0.5,0.5
1128,0.5379,True,landwatch,419458547,NY,Ulster,215.0,990000.0,4604.65,"Lloyd, NY, 12515, Ulster County",https://www.landwatch.com/ulster-county-new-york-recreational-property-for-sale/pid/419458547,,,1.0,0.7,0.233,0.5,0.5
1129,0.5377,True,landwatch,425613625,GA,Randolph,331.0,1274350.0,3850.0,"Cuthbert, GA, 39840, Randolph County",https://www.landwatch.com/randolph-county-georgia-recreational-property-for-sale/pid/425613625,,,1.0,0.531,0.358,0.5,0.5
1130,0.5374,True,landwatch,425213898,NY,Franklin,239.0,1275000.0,5334.73,"Malone, NY, 12953, Franklin County",https://www.landwatch.com/franklin-county-new-york-lakefront-property-for-sale/pid/425213898,,,1.0,0.86,0.111,0.5,0.5
1131,0.5372,True,landwatch,426661281,KY,Warren,444.0,2195000.0,4943.69,"Bowling Green, KY, 42101, Warren County",https://www.landwatch.com/warren-county-kentucky-farms-and-ranches-for-sale/pid/426661281,,,1.0,0.772,0.176,0.5,0.5
1132,0.537,True,landwatch,424568875,GA,Pulaski,211.0,950000.0,4502.37,"Pineview, GA, 31071, Pulaski County",https://www.landwatch.com/pulaski-county-georgia-farms-and-ranches-for-sale/pid/424568875,,,1.0,0.673,0.25,0.5,0.5
1133,0.537,True,landandfarm,41294800,GA,Heard,715.0,2502500.0,3500.0,"Franklin, GA, 30217",https://www.landandfarm.com/property/715-acres-in-heard-county-41294800/,,,1.0,0.45,0.417,0.5,0.5
1134,0.5367,True,landwatch,425243536,GA,Bleckley,219.0,1040250.0,4750.0,"Cochran, GA, 31014, Bleckley County",https://www.landwatch.com/bleckley-county-georgia-recreational-property-for-sale/pid/425243536,,,1.0,0.727,0.208,0.5,0.5
1135,0.5366,True,landwatch,426593319,OK,Love,360.0,1494000.0,4150.0,"Wilson, OK, 73463, Love County",https://www.landwatch.com/love-county-oklahoma-farms-and-ranches-for-sale/pid/426593319,,,1.0,0.593,0.308,0.5,0.5
1136,0.536,True,landwatch,426168642,VA,Bedford,421.0,1999000.0,4748.22,"Montvale, VA, 24122, Bedford County",https://www.landwatch.com/bedford-county-virginia-farms-and-ranches-for-sale/pid/426168642,,,1.0,0.723,0.209,0.5,0.5
1137,0.5359,True,landwatch,424881927,NE,Rock,775.0,2900000.0,3741.94,"Bassett, NE, 68714, Rock County",https://www.landwatch.com/rock-county-nebraska-farms-and-ranches-for-sale/pid/424881927,,,1.0,0.499,0.376,0.5,0.5
1138,0.5359,True,landandfarm,40870609,VA,Bath,790.0,3000000.0,3797.47,"Millboro, VA, 24460",https://www.landandfarm.com/property/single-family-national-millboro-va-40870609/,,,1.0,0.511,0.367,0.5,0.5
1139,0.5357,True,landwatch,424389809,MS,Tate,310.0,1395000.0,4500.0,"Coldwater, MS, 38618, Tate County",https://www.landwatch.com/tate-county-mississippi-recreational-property-for-sale/pid/424389809,,,1.0,0.667,0.25,0.5,0.5
1140,0.5357,True,landwatch,426469009,MS,Tallahatchie,320.0,1344000.0,4200.0,"Charleston, MS, 38921, Tallahatchie County",https://www.landwatch.com/tallahatchie-county-mississippi-timberland-property-for-sale/pid/426469009,,,1.0,0.6,0.3,0.5,0.5
1141,0.5357,True,landwatch,419273119,VA,Madison,270.0,1599500.0,5924.07,"Madison, VA, 22727, Madison County",https://www.landwatch.com/madison-county-virginia-land-for-sale/pid/419273119,,,1.0,0.933,0.05,0.5,0.5
1142,0.5356,True,landandfarm,40844513,GA,Marion,337.0,1331150.0,3950.0,"Buena Vista, GA, 31803",https://www.landandfarm.com/property/337-acres-ideal-recreation-retreat-40844513/,,,1.0,0.544,0.342,0.5,0.5
1143,0.5355,True,landwatch,426225564,KS,Jewell,314.0,1377000.0,4385.35,"Jewell, KS, 66949, Jewell County",https://www.landwatch.com/jewell-county-kansas-farms-and-ranches-for-sale/pid/426225564,,,1.0,0.64,0.269,0.5,0.5
1144,0.5354,True,landwatch,425371124,GA,Sumter,290.0,1481064.0,5107.12,"Americus, GA, 31709, Sumter County",https://www.landwatch.com/sumter-county-georgia-recreational-property-for-sale/pid/425371124,,,1.0,0.8,0.149,0.5,0.5
1145,0.5351,True,landwatch,425183762,TN,Roane,396.0,1793050.0,4527.9,"Kingston, TN, 37763, Roane County",https://www.landwatch.com/roane-county-tennessee-recreational-property-for-sale/pid/425183762,,,1.0,0.67,0.245,0.5,0.5
1146,0.535,True,landwatch,425683148,OK,Grady,610.0,2500000.0,4098.36,"Rush Springs, OK, 73082, Grady County",https://www.landwatch.com/grady-county-oklahoma-farms-and-ranches-for-sale/pid/425683148,,,1.0,0.574,0.317,0.5,0.5
1147,0.5348,True,landwatch,424915005,TN,Maury,742.0,2704590.0,3645.0,"Mount Pleasant, TN, 38461, Maury County",https://www.landwatch.com/maury-county-tennessee-recreational-property-for-sale/pid/424915005,,,1.0,0.472,0.392,0.5,0.5
1148,0.5347,True,landwatch,424132913,WI,Langlade,612.0,2500000.0,4084.97,"Gleason, WI, 54435, Langlade County",https://www.landwatch.com/langlade-county-wisconsin-lakefront-property-for-sale/pid/424132913,,,1.0,0.57,0.319,0.5,0.5
1149,0.5346,True,landwatch,425553641,AL,Crenshaw,340.0,1360000.0,4000.0,"Brantley, AL, 36009, Crenshaw County",https://www.landwatch.com/crenshaw-county-alabama-recreational-property-for-sale/pid/425553641,,,1.0,0.551,0.333,0.5,0.5
1150,0.5343,True,landwatch,426460959,AL,Blount,700.0,2450000.0,3500.0,"Remlap, AL, 35133, Blount County",https://www.landwatch.com/blount-county-alabama-recreational-property-for-sale/pid/426460959,,,1.0,0.438,0.417,0.5,0.5
1151,0.5341,True,landwatch,425833851,VA,Cumberland,368.0,1575000.0,4279.89,"Cumberland, VA, 23040, Cumberland County",https://www.landwatch.com/cumberland-county-virginia-recreational-property-for-sale/pid/425833851,,,1.0,0.61,0.287,0.5,0.5
1152,0.5339,True,landsearch,4880167,TN,Wayne,333.0,1315000.0,3948.95,"Collinwood, TN 38450",https://www.landsearch.com/properties/hughes-farm-rd-collinwood-tn-38450/4880167,,,1.0,0.536,0.342,0.5,0.5
1153,0.5333,True,landwatch,426582237,TN,Hickman,225.0,1125000.0,5000.0,"Duck River, TN, 38454, Hickman County",https://www.landwatch.com/hickman-county-tennessee-recreational-property-for-sale/pid/426582237,,,1.0,0.767,0.167,0.5,0.5
1154,0.5333,True,landwatch,425244376,SD,Gregory,200.0,850000.0,4250.0,"Fairfax, SD, 57335, Gregory County",https://www.landwatch.com/gregory-county-south-dakota-farms-and-ranches-for-sale/pid/425244376,,,1.0,0.6,0.292,0.5,0.5
1155,0.5333,True,landwatch,426352213,AL,Covington,200.0,850000.0,4250.0,"Opp, AL, 36467, Covington County",https://www.landwatch.com/covington-county-alabama-farms-and-ranches-for-sale/pid/426352213,,,1.0,0.6,0.292,0.5,0.5
1156,0.5333,True,landwatch,425401992,KS,Montgomery,389.0,1749999.0,4498.71,"Coffeyville, KS, 67337, Montgomery County",https://www.landwatch.com/montgomery-county-kansas-farms-and-ranches-for-sale/pid/425401992,,,1.0,0.655,0.25,0.5,0.5
1157,0.5329,True,landwatch,424735950,KY,Owen,272.0,1632000.0,6000.0,"Owenton, KY, 40359, Owen County",https://www.landwatch.com/owen-county-kentucky-undeveloped-land-for-sale/pid/424735950,,,1.0,0.92,0.05,0.5,0.5
1158,0.5325,True,landwatch,424335453,MO,Maries,204.0,895000.0,4387.25,"Vienna, MO, 65582, Maries County",https://www.landwatch.com/maries-county-missouri-recreational-property-for-sale/pid/424335453,,,1.0,0.627,0.269,0.5,0.5
1159,0.5324,True,landwatch,426343488,IL,Union,237.0,1275000.0,5379.75,"Dongola, IL, 62926, Union County",https://www.landwatch.com/union-county-illinois-farms-and-ranches-for-sale/pid/426343488,,,1.0,0.847,0.103,0.5,0.5
1160,0.532,True,landwatch,426041422,IL,Union,315.0,1395000.0,4428.57,"Dongola, IL, 62926, Union County",https://www.landwatch.com/union-county-illinois-recreational-property-for-sale/pid/426041422,,,1.0,0.633,0.262,0.5,0.5
1161,0.5314,True,landwatch,425065779,GA,Jenkins,217.0,1041600.0,4800.0,"Millen, GA, 30442, Jenkins County",https://www.landwatch.com/jenkins-county-georgia-recreational-property-for-sale/pid/425065779,,,1.0,0.713,0.2,0.5,0.5
1162,0.5307,True,landwatch,426263602,MS,Carroll,427.0,2100000.0,4918.03,"Carrollton, MS, 38923, Carroll County",https://www.landwatch.com/carroll-county-mississippi-recreational-property-for-sale/pid/426263602,,,1.0,0.736,0.18,0.5,0.5
1163,0.5305,True,landwatch,425678733,MO,Phelps,678.0,2372335.0,3499.02,"Dixon, MO, 65459, Phelps County",https://www.landwatch.com/phelps-county-missouri-farms-and-ranches-for-sale/pid/425678733,,,1.0,0.42,0.417,0.5,0.5
1164,0.5305,True,landwatch,426224740,OH,Ross,212.0,990000.0,4669.81,"Chillicothe, OH, 45601, Ross County",https://www.landwatch.com/ross-county-ohio-recreational-property-for-sale/pid/426224740,,,1.0,0.68,0.222,0.5,0.5
1165,0.5304,True,landwatch,423840293,KS,Butler,391.0,1790000.0,4578.01,"Leon, KS, 67074, Butler County",https://www.landwatch.com/butler-county-kansas-farms-and-ranches-for-sale/pid/423840293,,,1.0,0.659,0.237,0.5,0.5
1166,0.53,True,landwatch,423125995,SD,Tripp,455.0,2366000.0,5200.0,"Winner, SD, 57580, Tripp County",https://www.landwatch.com/tripp-county-south-dakota-farms-and-ranches-for-sale/pid/423125995,,,1.0,0.796,0.133,0.5,0.5
1167,0.5299,True,landwatch,425177342,NC,Caldwell,587.0,2597475.0,4425.0,"Lenoir, NC, 28645, Caldwell County",https://www.landwatch.com/caldwell-county-north-carolina-recreational-property-for-sale/pid/425177342,,,1.0,0.623,0.262,0.5,0.5
1168,0.5294,True,landwatch,420296963,VA,Rockingham,212.0,995000.0,4693.4,"Criders, VA, 22820, Rockingham County",https://www.landwatch.com/rockingham-county-virginia-undeveloped-land-for-sale/pid/420296963,,,1.0,0.68,0.218,0.5,0.5
1169,0.5292,True,landwatch,420740374,GA,Calhoun,204.0,909000.0,4455.88,"Arlington, GA, 39813, Calhoun County",https://www.landwatch.com/calhoun-county-georgia-recreational-property-for-sale/pid/420740374,,,1.0,0.627,0.257,0.5,0.5
1170,0.5292,True,landwatch,426594737,NE,Boyd,555.0,2635253.0,4748.2,"Gross, NE, 49686, Boyd County",https://www.landwatch.com/boyd-county-nebraska-farms-and-ranches-for-sale/pid/426594737,,,1.0,0.691,0.209,0.5,0.5
1171,0.529,True,landwatch,419529619,TN,Warren,298.0,1490000.0,5000.0,"McMinnville, TN, 37110, Warren County",https://www.landwatch.com/warren-county-tennessee-recreational-property-for-sale/pid/419529619,,,1.0,0.747,0.167,0.5,0.5
1172,0.5286,True,landwatch,425835607,IL,Gallatin,598.0,2600000.0,4347.83,"Equality, IL, 62934, Gallatin County",https://www.landwatch.com/gallatin-county-illinois-recreational-property-for-sale/pid/425835607,,,1.0,0.6,0.275,0.5,0.5
1173,0.5286,True,landwatch,423922484,NC,Beaufort,305.0,1464000.0,4800.0,"Edward, NC, 27821, Beaufort County",https://www.landwatch.com/beaufort-county-north-carolina-recreational-property-for-sale/pid/423922484,,,1.0,0.7,0.2,0.5,0.5
1174,0.5286,True,landwatch,420101458,VA,Culpeper,275.0,1590000.0,5781.82,"Richardsville, VA, 22736, Culpeper County",https://www.landwatch.com/culpeper-county-virginia-recreational-property-for-sale/pid/420101458,,,1.0,0.9,0.05,0.5,0.5
1175,0.5283,True,landwatch,425872109,MO,Dallas,352.0,1495000.0,4247.16,"Windyville, MO, 65783, Dallas County",https://www.landwatch.com/dallas-county-missouri-farms-and-ranches-for-sale/pid/425872109,,,1.0,0.576,0.292,0.5,0.5
1176,0.5281,True,landwatch,422626071,MO,Saint Clair,218.0,1068200.0,4900.0,"Collins, MO, 64738, Saint Clair County",https://www.landwatch.com/saint-clair-county-missouri-farms-and-ranches-for-sale/pid/422626071,,,1.0,0.72,0.183,0.5,0.5
1177,0.5275,True,landandfarm,38325505,OK,Stephens,585.0,2629575.0,4495.0,"Bray, OK, 73055",https://www.landandfarm.com/property/585-acre-farm-bray-ok-stephens-co-38325505/,,,1.0,0.627,0.251,0.5,0.5
1178,0.5272,True,landwatch,425515880,TN,Stewart,395.0,1849999.0,4683.54,"Tennessee Ridge, TN, 37178, Stewart County",https://www.landwatch.com/stewart-county-tennessee-farms-and-ranches-for-sale/pid/425515880,,,1.0,0.668,0.219,0.5,0.5
1179,0.5268,True,landwatch,425766953,NE,Scotts Bluff,375.0,1687500.0,4500.0,"Minatare, NE, 69356, Scotts Bluff County",https://www.landwatch.com/scotts-bluff-county-nebraska-farms-and-ranches-for-sale/pid/425766953,,,1.0,0.625,0.25,0.5,0.5
1180,0.5268,True,landwatch,423751261,GA,Early,291.0,1530000.0,5257.73,"Arlington, GA, 39813, Early County",https://www.landwatch.com/early-county-georgia-farms-and-ranches-for-sale/pid/423751261,,,1.0,0.793,0.124,0.5,0.5
1181,0.5267,True,landsearch,5207599,OK,Grady,227.0,1180400.0,5200.0,"Rush Springs, OK 73082",https://www.landsearch.com/properties/rocky-ford-rd-rush-springs-ok-73082/5207599,,,1.0,0.78,0.133,0.5,0.5
1182,0.5264,True,landwatch,426439617,IL,Pope,201.0,889475.0,4425.25,"Golconda, IL, 62938, Pope County",https://www.landwatch.com/pope-county-illinois-recreational-property-for-sale/pid/426439617,,,1.0,0.607,0.262,0.5,0.5
1183,0.5263,True,landwatch,425857616,MI,Oscoda,376.0,1700000.0,4521.28,"Lewiston, MI, 49756, Oscoda County",https://www.landwatch.com/oscoda-county-michigan-commercial-property-for-sale/pid/425857616,,,1.0,0.627,0.246,0.5,0.5
1184,0.5259,True,landwatch,423046246,MO,Mercer,225.0,1160000.0,5155.56,"Princeton, MO, 64673, Mercer County",https://www.landwatch.com/mercer-county-missouri-farms-and-ranches-for-sale/pid/423046246,,,1.0,0.767,0.141,0.5,0.5
1185,0.5257,True,landwatch,425026886,NY,Cortland,211.0,1000000.0,4739.34,"Marathon, NY, 13803, Cortland County",https://www.landwatch.com/cortland-county-new-york-farms-and-ranches-for-sale/pid/425026886,,,1.0,0.673,0.21,0.5,0.5
1186,0.5253,True,landwatch,425275521,TN,Hardeman,485.0,2667500.0,5500.0,"Bolivar, TN, 38008, Hardeman County",https://www.landwatch.com/hardeman-county-tennessee-farms-and-ranches-for-sale/pid/425275521,,,1.0,0.84,0.083,0.5,0.5
1187,0.5253,True,landwatch,426151691,AR,Saint Francis,434.0,2212600.0,5098.16,"Forrest City, AR, 72336, Saint Francis County",https://www.landwatch.com/saint-francis-county-arkansas-recreational-property-for-sale/pid/426151691,,,1.0,0.751,0.15,0.5,0.5
1188,0.5247,True,landwatch,424993987,KY,Casey,500.0,2685000.0,5370.0,"Liberty, KY, 42539, Casey County",https://www.landwatch.com/casey-county-kentucky-farms-and-ranches-for-sale/pid/424993987,,,1.0,0.808,0.105,0.5,0.5
1189,0.5247,True,landwatch,424553951,MO,Vernon,353.0,1530000.0,4334.28,"Bronaugh, MO, 64728, Vernon County",https://www.landwatch.com/vernon-county-missouri-farms-and-ranches-for-sale/pid/424553951,,,1.0,0.578,0.278,0.5,0.5
1190,0.5244,True,landandfarm,40006899,MS,Issaquena,314.0,1450000.0,4617.83,"Valley Park, MS, 39177",https://www.landandfarm.com/property/valley-park-314-issaquena-co-40006899/,,,1.0,0.64,0.23,0.5,0.5
1191,0.5243,True,landandfarm,40233157,MS,Pearl River,278.0,1600000.0,5755.4,"Poplarville, MS, 39470",https://www.landandfarm.com/property/mature-pine-and-hardwood-timber-tract-with-camp-40233157/,,,1.0,0.88,0.05,0.5,0.5
1192,0.524,True,landwatch,426121140,AL,Saint Clair,540.0,2700000.0,5000.0,"Cropwell, AL, 35054, Saint Clair County",https://www.landwatch.com/saint-clair-county-alabama-recreational-property-for-sale/pid/426121140,,,1.0,0.723,0.167,0.5,0.5
1193,0.5237,True,landwatch,424666190,AR,Fulton,315.0,1450000.0,4603.17,"Salem, AR, 72576, Fulton County",https://www.landwatch.com/fulton-county-arkansas-farms-and-ranches-for-sale/pid/424666190,,,1.0,0.633,0.233,0.5,0.5
1194,0.5236,True,landsearch,5139952,MS,Rankin,420.0,2100000.0,5000.0,"Richland, MS 39218",https://www.landsearch.com/properties/n-s-pearson-rd-richland-ms-39218/5139952,,,1.0,0.721,0.167,0.5,0.5
1195,0.5233,True,landwatch,426220600,GA,Stewart,367.0,1650000.0,4495.91,"Richland, GA, 31825, Stewart County",https://www.landwatch.com/stewart-county-georgia-timberland-property-for-sale/pid/426220600,,,1.0,0.608,0.251,0.5,0.5
1196,0.5232,True,landwatch,418866556,GA,Tift,486.0,2690000.0,5534.98,"Tifton, GA, 31794, Tift County",https://www.landwatch.com/tift-county-georgia-farms-and-ranches-for-sale/pid/418866556,,,1.0,0.838,0.078,0.5,0.5
1197,0.5231,True,landwatch,425354340,MS,Lamar,566.0,2700000.0,4770.32,"Purvis, MS, 39475, Lamar County",https://www.landwatch.com/lamar-county-mississippi-farms-and-ranches-for-sale/pid/425354340,,,1.0,0.668,0.205,0.5,0.5
1198,0.523,True,landwatch,423879968,VA,Gloucester,305.0,1500000.0,4918.03,"Gloucester, VA, 23061, Gloucester County",https://www.landwatch.com/gloucester-county-virginia-recreational-property-for-sale/pid/423879968,,,1.0,0.7,0.18,0.5,0.5
1199,0.5229,True,landwatch,426459315,KY,Warren,279.0,1654500.0,5930.11,"Bowling Green, KY, 42101, Warren County",https://www.landwatch.com/warren-county-kentucky-farms-and-ranches-for-sale/pid/426459315,,,1.0,0.873,0.05,0.5,0.5
1200,0.5226,True,landwatch,425337354,OK,Hughes,470.0,2585000.0,5500.0,"Holdenville, OK, 74848, Hughes County",https://www.landwatch.com/hughes-county-oklahoma-recreational-property-for-sale/pid/425337354,,,1.0,0.828,0.083,0.5,0.5
1201,0.5224,True,landsearch,4676040,TN,McNairy,306.0,1499000.0,4898.69,"Ramer, TN 38367",https://www.landsearch.com/properties/4791-guys-chewalla-rd-ramer-tn-38367/4676040,,,1.0,0.693,0.184,0.5,0.5
1202,0.5224,True,landwatch,426540803,GA,Pulaski,306.0,1499400.0,4900.0,"Pineview, GA, 31071, Pulaski County",https://www.landwatch.com/pulaski-county-georgia-farms-and-ranches-for-sale/pid/426540803,,,1.0,0.693,0.183,0.5,0.5
1203,0.5221,True,landwatch,426040892,MS,Clarke,711.0,2700000.0,3797.47,"Shubuta, MS, 39360, Clarke County",https://www.landwatch.com/clarke-county-mississippi-hunting-property-for-sale/pid/426040892,,,1.0,0.447,0.367,0.5,0.5
1204,0.5218,True,landwatch,426168638,KS,Harper,550.0,2722500.0,4950.0,"Attica, KS, 67009, Harper County",https://www.landwatch.com/harper-county-kansas-farms-and-ranches-for-sale/pid/426168638,,,1.0,0.702,0.175,0.5,0.5
1205,0.5214,True,landsearch,5105352,MS,Chickasaw,320.0,1440000.0,4500.0,"Okolona, MS 38860",https://www.landsearch.com/properties/county-road-173-okolona-ms-38860/5105352,,,1.0,0.6,0.25,0.5,0.5
1206,0.5214,True,landwatch,425461660,AR,Jackson,240.0,1374500.0,5727.08,"Bradford, AR, 72020, Jackson County",https://www.landwatch.com/jackson-county-arkansas-recreational-property-for-sale/pid/425461660,,,1.0,0.867,0.05,0.5,0.5
1207,0.5214,True,landwatch,425460646,KS,Chautauqua,320.0,1440000.0,4500.0,"Peru, KS, 67360, Chautauqua County",https://www.landwatch.com/chautauqua-county-kansas-farms-and-ranches-for-sale/pid/425460646,,,1.0,0.6,0.25,0.5,0.5
1208,0.5214,True,landwatch,425833258,MI,Newaygo,240.0,1382500.0,5760.42,"White Cloud, MI, 49349, Newaygo County",https://www.landwatch.com/newaygo-county-michigan-recreational-property-for-sale/pid/425833258,,,1.0,0.867,0.05,0.5,0.5
1209,0.5214,True,landwatch,425815585,SD,Butte,280.0,1600000.0,5714.29,"Nisland, SD, 57762, Butte County",https://www.landwatch.com/butte-county-south-dakota-farms-and-ranches-for-sale/pid/425815585,,,1.0,0.867,0.05,0.5,0.5
1210,0.5201,True,landwatch,425976970,KY,Montgomery,238.0,1349000.0,5668.07,"Mt Sterling, KY, 40353, Montgomery County",https://www.landwatch.com/montgomery-county-kentucky-farms-and-ranches-for-sale/pid/425976970,,,1.0,0.853,0.055,0.5,0.5
1211,0.52,True,landwatch,422252175,NC,Currituck,226.0,1200000.0,5309.73,"Powells Point, NC, 27966, Currituck County",https://www.landwatch.com/currituck-county-north-carolina-recreational-property-for-sale/pid/422252175,,,1.0,0.773,0.115,0.5,0.5
1212,0.5199,True,landsearch,5142687,OK,Garvin,359.0,1612751.0,4492.34,"Elmore City, OK 73433",https://www.landsearch.com/properties/haskell-street-rd-elmore-city-ok-73433/5142687,,,1.0,0.591,0.251,0.5,0.5
1213,0.5196,True,landwatch,426234696,NC,Wilkes,405.0,2000000.0,4938.27,"Purlear, NC, 28665, Wilkes County",https://www.landwatch.com/wilkes-county-north-carolina-undeveloped-land-for-sale/pid/426234696,,,1.0,0.689,0.177,0.5,0.5
1214,0.5195,True,landsearch,5245753,MS,Quitman,522.0,2750000.0,5268.2,"Lambert, MS 38643",https://www.landsearch.com/properties/1-highway-3-lambert-ms-38643/5245753,,,1.0,0.762,0.122,0.5,0.5
1215,0.519,True,landwatch,417499684,VA,Westmoreland,426.0,2195000.0,5152.58,"Hague, VA, 22469, Westmoreland County",https://www.landwatch.com/westmoreland-county-virginia-farms-and-ranches-for-sale/pid/417499684,,,1.0,0.734,0.141,0.5,0.5
1216,0.5188,True,landwatch,426583551,MO,Saint Clair,335.0,1435000.0,4283.58,"Osceola, MO, 64776, Saint Clair County",https://www.landwatch.com/saint-clair-county-missouri-recreational-property-for-sale/pid/426583551,,,1.0,0.54,0.286,0.5,0.5
1217,0.5186,True,landwatch,422064107,MO,Harrison,238.0,1428000.0,6000.0,"Ridgeway, MO, 64481, Harrison County",https://www.landwatch.com/harrison-county-missouri-farms-and-ranches-for-sale/pid/422064107,,,1.0,0.853,0.05,0.5,0.5
1218,0.5186,True,landwatch,419421275,GA,Screven,282.0,1652340.0,5859.36,"Sylvania, GA, 30467, Screven County",https://www.landwatch.com/screven-county-georgia-timberland-property-for-sale/pid/419421275,,,1.0,0.853,0.05,0.5,0.5
1219,0.5186,True,landwatch,426121430,MI,Genesee,282.0,1663000.0,5897.16,"Clio, MI, 48420, Genesee County",https://www.landwatch.com/genesee-county-michigan-farms-and-ranches-for-sale/pid/426121430,,,1.0,0.853,0.05,0.5,0.5
1220,0.5178,True,landwatch,414929944,VA,Albemarle,583.0,2750000.0,4716.98,"Charlottesville, VA, 22902, Albemarle County",https://www.landwatch.com/albemarle-county-virginia-farms-and-ranches-for-sale/pid/414929944,,,1.0,0.632,0.214,0.5,0.5
1221,0.5176,True,landwatch,426353078,OK,Choctaw,480.0,2775000.0,5781.25,"Fort Towson, OK, 74753, Choctaw County",https://www.landwatch.com/choctaw-county-oklahoma-farms-and-ranches-for-sale/pid/426353078,,,1.0,0.849,0.05,0.5,0.5
1222,0.5171,True,landwatch,425766941,MO,Macon,237.0,1398300.0,5900.0,"Atlanta, MO, 63530, Macon County",https://www.landwatch.com/macon-county-missouri-farms-and-ranches-for-sale/pid/425766941,,,1.0,0.847,0.05,0.5,0.5
1223,0.5167,True,landwatch,423911785,GA,Macon,320.0,1472000.0,4600.0,"Oglethorpe, GA, 31068, Macon County",https://www.landwatch.com/macon-county-georgia-recreational-property-for-sale/pid/423911785,,,1.0,0.6,0.233,0.5,0.5
1224,0.5165,True,landwatch,424570968,OK,Garvin,315.0,1497200.0,4753.02,"Pauls Valley, OK, 73075",https://www.landwatch.com/garvin-county-oklahoma-farms-and-ranches-for-sale/pid/424570968,,,1.0,0.633,0.208,0.5,0.5
1225,0.5163,True,landwatch,418129952,AL,Tallapoosa,609.0,2740500.0,4500.0,"Reeltown, AL, 36078, Tallapoosa County",https://www.landwatch.com/tallapoosa-county-alabama-recreational-property-for-sale/pid/418129952,,,1.0,0.576,0.25,0.5,0.5
1226,0.5161,True,landwatch,426565096,VA,Bath,315.0,1500000.0,4761.9,"Warm Springs, VA, 24484, Bath County",https://www.landwatch.com/bath-county-virginia-farms-and-ranches-for-sale/pid/426565096,,,1.0,0.633,0.206,0.5,0.5
1227,0.5159,True,landwatch,419173562,MI,Saginaw,464.0,2590000.0,5581.9,"Bannister, MI, 48807, Saginaw County",https://www.landwatch.com/saginaw-county-michigan-farms-and-ranches-for-sale/pid/419173562,,,1.0,0.815,0.07,0.5,0.5
1228,0.5157,True,landwatch,423757112,MO,Christian,236.0,1392400.0,5900.0,"Chadwick, MO, 65629, Christian County",https://www.landwatch.com/christian-county-missouri-farms-and-ranches-for-sale/pid/423757112,,,1.0,0.84,0.05,0.5,0.5
1229,0.5157,True,landwatch,425961405,IN,Monroe,236.0,1399000.0,5927.97,"Springville, IN, 47462, Monroe County",https://www.landwatch.com/monroe-county-indiana-recreational-property-for-sale/pid/425961405,,,1.0,0.84,0.05,0.5,0.5
1230,0.5154,True,landwatch,425225681,AR,Van Buren,220.0,1150000.0,5227.27,"Clinton, AR, 72031, Van Buren County",https://www.landwatch.com/van-buren-county-arkansas-farms-and-ranches-for-sale/pid/425225681,,,1.0,0.733,0.129,0.5,0.5
1231,0.515,True,landwatch,425196541,AL,Russell,323.0,1372750.0,4250.0,"Pittsview, AL, 36871, Russell County",https://www.landwatch.com/russell-county-alabama-farms-and-ranches-for-sale/pid/425196541,,,1.0,0.514,0.292,0.5,0.5
1232,0.5148,True,landsearch,5253097,KS,Reno,308.0,1540000.0,5000.0,"Sylvia, KS 67581",https://www.landsearch.com/properties/s-salt-marsh-rd-sylvia-ks-67581/5253097,,,1.0,0.68,0.167,0.5,0.5
1233,0.5141,True,landwatch,424803506,NE,Keith,395.0,1959000.0,4959.49,"Ogallala, NE, 69153, Keith County",https://www.landwatch.com/keith-county-nebraska-recreational-property-for-sale/pid/424803506,,,1.0,0.668,0.173,0.5,0.5
1234,0.5138,True,landwatch,426088468,GA,Wilkes,203.0,964250.0,4750.0,"Washington, GA, 30673, Wilkes County",https://www.landwatch.com/wilkes-county-georgia-recreational-property-for-sale/pid/426088468,,,1.0,0.62,0.208,0.5,0.5
1235,0.5137,True,landwatch,422135751,GA,Taylor,660.0,2500000.0,3787.88,"Butler, GA, 31066, Taylor County",https://www.landwatch.com/taylor-county-georgia-timberland-property-for-sale/pid/422135751,,,1.0,0.405,0.369,0.5,0.5
1236,0.5134,True,landwatch,425393990,MS,Holmes,427.0,2255000.0,5281.03,"Cruger, MS, 38924, Holmes County",https://www.landwatch.com/holmes-county-mississippi-farms-and-ranches-for-sale/pid/425393990,,,1.0,0.736,0.12,0.5,0.5
1237,0.5131,True,landwatch,425058163,IA,Howard,229.0,1270000.0,5545.85,"Chester, IA, 52134, Howard County",https://www.landwatch.com/howard-county-iowa-undeveloped-land-for-sale/pid/425058163,,,1.0,0.793,0.076,0.5,0.5
1238,0.5129,True,landwatch,426524167,KS,Harvey,234.0,1348940.0,5764.7,"Burrton, KS, 67020, Harvey County",https://www.landwatch.com/harvey-county-kansas-farms-and-ranches-for-sale/pid/426524167,,,1.0,0.827,0.05,0.5,0.5
1239,0.5129,True,landwatch,425085597,WI,Monroe,286.0,1699900.0,5943.71,"Sparta, WI, 54656, Monroe County",https://www.landwatch.com/monroe-county-wisconsin-recreational-property-for-sale/pid/425085597,,,1.0,0.827,0.05,0.5,0.5
1240,0.5129,True,landwatch,426007164,AL,Talladega,234.0,1357200.0,5800.0,"Childersburg, AL, 35044, Talladega County",https://www.landwatch.com/talladega-county-alabama-farms-and-ranches-for-sale/pid/426007164,,,1.0,0.827,0.05,0.5,0.5
1241,0.5129,True,landwatch,425935960,MI,Delta,234.0,1399900.0,5982.48,"Rapid River, MI, 49878, Delta County",https://www.landwatch.com/delta-county-michigan-lakefront-property-for-sale/pid/425935960,,,1.0,0.827,0.05,0.5,0.5
1242,0.5128,True,landwatch,425354330,MO,Osage,297.0,1595000.0,5370.37,"Bland, MO, 65014, Osage County",https://www.landwatch.com/osage-county-missouri-farms-and-ranches-for-sale/pid/425354330,,,1.0,0.753,0.105,0.5,0.5
1243,0.5126,True,landwatch,425716435,SD,Lyman,320.0,1499000.0,4684.38,"Lower Brule, SD, 57548, Lyman County",https://www.landwatch.com/lyman-county-south-dakota-farms-and-ranches-for-sale/pid/425716435,,,1.0,0.6,0.219,0.5,0.5
1244,0.5118,True,landwatch,423431125,MS,Oktibbeha,454.0,2530000.0,5572.69,"Starkville, MS, 39759, Oktibbeha County",https://www.landwatch.com/oktibbeha-county-mississippi-recreational-property-for-sale/pid/423431125,,,1.0,0.794,0.071,0.5,0.5
1245,0.5117,True,landwatch,416566794,AL,Baldwin,467.0,2661900.0,5700.0,"Elberta, AL, 36530, Baldwin County",https://www.landwatch.com/baldwin-county-alabama-farms-and-ranches-for-sale/pid/416566794,,,1.0,0.821,0.05,0.5,0.5
1246,0.511,True,landwatch,424251773,MI,Presque Isle,440.0,2400000.0,5454.55,"Onaway, MI, 49765, Presque Isle County",https://www.landwatch.com/presque-isle-county-michigan-homes-for-sale/pid/424251773,,,1.0,0.764,0.091,0.5,0.5
1247,0.5105,True,landwatch,422350588,TN,Lawrence,300.0,1599000.0,5330.0,"Iron City, TN, 38463, Lawrence County",https://www.landwatch.com/lawrence-county-tennessee-farms-and-ranches-for-sale/pid/422350588,,,1.0,0.733,0.112,0.5,0.5
1248,0.5103,True,landwatch,422810451,WI,Crawford,300.0,1600000.0,5333.33,"Bridgeport, WI, 53821, Crawford County",https://www.landwatch.com/crawford-county-wisconsin-farms-and-ranches-for-sale/pid/422810451,,,1.0,0.733,0.111,0.5,0.5
1249,0.5102,True,landwatch,425576673,KS,Pottawatomie,291.0,1631168.0,5605.39,"Onaga, KS, 66521, Pottawatomie County",https://www.landwatch.com/pottawatomie-county-kansas-farms-and-ranches-for-sale/pid/425576673,,,1.0,0.793,0.066,0.5,0.5
1250,0.51,True,landwatch,424736177,NC,Rutherford,393.0,1975000.0,5025.45,"Bostic, NC, 28018, Rutherford County",https://www.landwatch.com/rutherford-county-north-carolina-undeveloped-land-for-sale/pid/424736177,,,1.0,0.663,0.162,0.5,0.5
1251,0.51,True,landwatch,425336254,MO,Adair,208.0,1035956.0,4980.56,"Green Castle, MO, 63544, Adair County",https://www.landwatch.com/adair-county-missouri-farms-and-ranches-for-sale/pid/425336254,,,1.0,0.653,0.17,0.5,0.5
1252,0.5095,True,landwatch,423842469,GA,Irwin,629.0,2800000.0,4451.51,"Wray, GA, 31798, Irwin County",https://www.landwatch.com/irwin-county-georgia-farms-and-ranches-for-sale/pid/423842469,,,1.0,0.533,0.258,0.5,0.5
1253,0.5094,True,landwatch,426469830,GA,Wilcox,321.0,1395654.0,4347.83,"Abbeville, GA, 31001, Wilcox County",https://www.landwatch.com/wilcox-county-georgia-recreational-property-for-sale/pid/426469830,,,1.0,0.51,0.275,0.5,0.5
1254,0.5093,True,landwatch,426409260,GA,Wilcox,593.0,2846400.0,4800.0,"Pitts, GA, 31072, Wilcox County",https://www.landwatch.com/wilcox-county-georgia-recreational-property-for-sale/pid/426409260,,,1.0,0.61,0.2,0.5,0.5
1255,0.5087,True,landwatch,425778134,VA,Prince Edward,347.0,1600000.0,4610.95,"Meherrin, VA, 23954, Prince Edward County",https://www.landwatch.com/prince-edward-county-virginia-recreational-property-for-sale/pid/425778134,,,1.0,0.565,0.232,0.5,0.5
1256,0.5086,True,landwatch,416422064,MO,Wayne,525.0,2870000.0,5466.67,"Des Arc, MO, 63636, Wayne County",https://www.landwatch.com/wayne-county-missouri-recreational-property-for-sale/pid/416422064,,,1.0,0.755,0.089,0.5,0.5
1257,0.5085,True,landwatch,422744637,AL,Bullock,600.0,2850000.0,4750.0,"Union Springs, AL, 36089, Bullock County",https://www.landwatch.com/bullock-county-alabama-recreational-property-for-sale/pid/422744637,,,1.0,0.595,0.208,0.5,0.5
1258,0.5085,True,landwatch,425270817,KS,Chautauqua,400.0,2050000.0,5125.0,"Cedar Vale, KS, 67024, Chautauqua County",https://www.landwatch.com/chautauqua-county-kansas-farms-and-ranches-for-sale/pid/425270817,,,1.0,0.678,0.146,0.5,0.5
1259,0.5078,True,landwatch,425860407,KY,Butler,203.0,989900.0,4876.35,"Morgantown, KY, 42261, Butler County",https://www.landwatch.com/butler-county-kentucky-recreational-property-for-sale/pid/425860407,,,1.0,0.62,0.187,0.5,0.5
1260,0.5076,True,landwatch,425359529,SD,Custer,402.0,2075000.0,5161.69,"Custer, SD, 57735, Custer County",https://www.landwatch.com/custer-county-south-dakota-farms-and-ranches-for-sale/pid/425359529,,,1.0,0.683,0.14,0.5,0.5
1261,0.5075,True,landwatch,424987955,GA,Calhoun,202.0,980000.0,4851.49,"Morgan, GA, 39866, Calhoun County",https://www.landwatch.com/calhoun-county-georgia-farms-and-ranches-for-sale/pid/424987955,,,1.0,0.613,0.191,0.5,0.5
1262,0.5074,True,landwatch,425839892,MO,Howell,369.0,1790000.0,4850.95,"West Plains, MO, 65775, Howell County",https://www.landwatch.com/howell-county-missouri-farms-and-ranches-for-sale/pid/425839892,,,1.0,0.612,0.192,0.5,0.5
1263,0.5072,True,landwatch,426082587,OH,Ashtabula,200.0,959900.0,4799.5,"Ashtabula, OH, 44004, Ashtabula County",https://www.landwatch.com/ashtabula-county-ohio-recreational-property-for-sale/pid/426082587,,,1.0,0.6,0.2,0.5,0.5
1264,0.5071,True,landsearch,5098420,KS,Coffey,230.0,1380000.0,6000.0,"Waverly, KS 66871",https://www.landsearch.com/properties/reaper-rd-waverly-ks-66871/5098420,,,1.0,0.8,0.05,0.5,0.5
1265,0.5071,True,landwatch,424046201,KS,Saline,230.0,1350590.0,5872.13,"Gypsum, KS, 67448, Saline County",https://www.landwatch.com/saline-county-kansas-farms-and-ranches-for-sale/pid/424046201,,,1.0,0.8,0.05,0.5,0.5
1266,0.5071,True,landandfarm,38368623,OK,McCurtain,200.0,960000.0,4800.0,"Watson, OK, 74963",https://www.landandfarm.com/property/lookout-mountain-38368623/,,,1.0,0.6,0.2,0.5,0.5
1267,0.5065,True,landwatch,424068697,OK,Adair,332.0,1499000.0,4515.06,"Stilwell, OK, 74960, Adair County",https://www.landwatch.com/adair-county-oklahoma-farms-and-ranches-for-sale/pid/424068697,,,1.0,0.533,0.247,0.5,0.5
1268,0.5064,True,landwatch,425762273,PA,Somerset,525.0,2895000.0,5514.29,"Fairhope, PA, 15538, Somerset County",https://www.landwatch.com/somerset-county-pennsylvania-lakefront-property-for-sale/pid/425762273,,,1.0,0.755,0.081,0.5,0.5
1269,0.5063,True,landwatch,414086510,OK,Coal,206.0,1029620.0,4998.16,"Coalgate, OK, 74538, Coal County",https://www.landwatch.com/coal-county-oklahoma-farms-and-ranches-for-sale/pid/414086510,,,1.0,0.64,0.167,0.5,0.5
1270,0.5055,True,landandfarm,41021833,KS,Chautauqua,704.0,2900000.0,4119.32,"Cedar Vale, KS, 67024",https://www.landandfarm.com/property/otter-creek-ranch-41021833/,,,1.0,0.441,0.313,0.5,0.5
1271,0.5054,True,landwatch,426255745,MS,Claiborne,314.0,1575000.0,5015.92,"Port Gibson, MS, 39150, Claiborne County",https://www.landwatch.com/claiborne-county-mississippi-recreational-property-for-sale/pid/426255745,,,1.0,0.64,0.164,0.5,0.5
1272,0.5054,True,landwatch,421582912,VA,Dinwiddie,587.0,2900000.0,4940.37,"Wilsons, VA, 23894, Dinwiddie County",https://www.landwatch.com/dinwiddie-county-virginia-recreational-property-for-sale/pid/421582912,,,1.0,0.623,0.177,0.5,0.5
1273,0.505,True,landwatch,426425524,AL,Lamar,594.0,2900000.0,4882.15,"Sulligent, AL, 35586, Lamar County",https://www.landwatch.com/lamar-county-alabama-farms-and-ranches-for-sale/pid/426425524,,,1.0,0.608,0.186,0.5,0.5
1274,0.5049,True,landwatch,425845621,MI,Otsego,680.0,2750000.0,4044.12,"Johannesburg, MI, 49751, Otsego County",https://www.landwatch.com/otsego-county-michigan-undeveloped-land-for-sale/pid/425845621,,,1.0,0.422,0.326,0.5,0.5
1275,0.5049,True,landwatch,426586439,AL,Lamar,595.0,2900000.0,4873.95,"Sulligent, AL, 35586, Lamar County",https://www.landwatch.com/lamar-county-alabama-farms-and-ranches-for-sale/pid/426586439,,,1.0,0.606,0.188,0.5,0.5
1276,0.5045,True,landwatch,409807373,OK,Mcclain,220.0,1200000.0,5454.55,"Lindsay, OK, 73052, McClain County",https://www.landwatch.com/mcclain-county-oklahoma-farms-and-ranches-for-sale/pid/409807373,,,1.0,0.733,0.091,0.5,0.5
1277,0.5045,True,landwatch,423731690,MO,Polk,220.0,1200000.0,5454.55,"Polk, MO, 65613, Polk County",https://www.landwatch.com/polk-county-missouri-farms-and-ranches-for-sale/pid/423731690,,,1.0,0.733,0.091,0.5,0.5
1278,0.5045,True,landwatch,426028700,AL,Autauga,367.0,1795000.0,4891.01,"Prattville, AL, 36067, Autauga County",https://www.landwatch.com/autauga-county-alabama-recreational-property-for-sale/pid/426028700,,,1.0,0.608,0.185,0.5,0.5
1279,0.5043,True,landwatch,423823926,IN,Brown,292.0,1750000.0,5993.15,"Nashville, IN, 47448, Brown County",https://www.landwatch.com/brown-county-indiana-recreational-property-for-sale/pid/423823926,,,1.0,0.787,0.05,0.5,0.5
1280,0.5042,True,landwatch,426070123,OH,Clermont,605.0,2900000.0,4793.39,"Felicity, OH, 45120, Clermont County",https://www.landwatch.com/clermont-county-ohio-undeveloped-land-for-sale/pid/426070123,,,1.0,0.585,0.201,0.5,0.5
1281,0.504,True,landwatch,426524478,TN,Johnson,708.0,2950000.0,4166.67,"Mountain City, TN, 37683, Johnson County",https://www.landwatch.com/johnson-county-tennessee-recreational-property-for-sale/pid/426524478,,,1.0,0.445,0.306,0.5,0.5
1282,0.5038,True,landwatch,422292480,KY,Powell,528.0,2925000.0,5539.77,"Stanton, KY, 40380, Powell County",https://www.landwatch.com/powell-county-kentucky-recreational-property-for-sale/pid/422292480,,,1.0,0.749,0.077,0.5,0.5
1283,0.5033,True,landwatch,425823674,AL,Cullman,713.0,2994600.0,4200.0,"Arkadelphia, AL, 35077, Cullman County",https://www.landwatch.com/cullman-county-alabama-farms-and-ranches-for-sale/pid/425823674,,,1.0,0.449,0.3,0.5,0.5
1284,0.5031,True,landsearch,5023643,GA,Randolph,515.0,2925000.0,5679.61,"Cuthbert, GA 39840",https://www.landsearch.com/properties/886-mound-rd-cuthbert-ga-39840/5023643,,,1.0,0.776,0.053,0.5,0.5
1285,0.5031,True,landwatch,424177868,KS,Bourbon,313.0,1595000.0,5095.85,"Fort Scott, KS, 66701, Bourbon County",https://www.landwatch.com/bourbon-county-kansas-farms-and-ranches-for-sale/pid/424177868,,,1.0,0.647,0.151,0.5,0.5
1286,0.5029,True,landwatch,426459314,AR,Lonoke,628.0,2888800.0,4600.0,"Lonoke, AR, 72086, Lonoke County",https://www.landwatch.com/lonoke-county-arkansas-farms-and-ranches-for-sale/pid/426459314,,,1.0,0.536,0.233,0.5,0.5
1287,0.5026,True,landwatch,425605266,TN,Hardeman,411.0,2200000.0,5352.8,"Saulsbury, TN, 38067, Hardeman County",https://www.landwatch.com/hardeman-county-tennessee-farms-and-ranches-for-sale/pid/425605266,,,1.0,0.702,0.108,0.5,0.5
1288,0.5023,True,landsearch,5069031,AL,Jackson,383.0,1950000.0,5091.38,"Estillfork, AL 35745",https://www.landsearch.com/properties/2998-county-road-140-estillfork-al-35745/5069031,,,1.0,0.642,0.151,0.5,0.5
1289,0.5021,True,landwatch,421725032,SD,Deuel,515.0,3000000.0,5825.24,"Clear Lake, SD, 57226, Deuel County",https://www.landwatch.com/deuel-county-south-dakota-farms-and-ranches-for-sale/pid/421725032,,,1.0,0.776,0.05,0.5,0.5
1290,0.5009,True,landwatch,424944374,OK,Pontotoc,601.0,2944900.0,4900.0,"Ada, OK, 74820, Pontotoc County",https://www.landwatch.com/pontotoc-county-oklahoma-farms-and-ranches-for-sale/pid/424944374,,,1.0,0.593,0.183,0.5,0.5
1291,0.5,True,landandfarm,40586486,VA,Fluvanna,295.0,1700000.0,5762.71,"Scottsville, VA, 24590",https://www.landandfarm.com/property/land-scottsville-va-40586486/,,,1.0,0.767,0.05,0.5,0.5
1292,0.4995,True,landwatch,425401978,MS,Chickasaw,386.0,1999000.0,5178.76,"Houlka, MS, 38850, Chickasaw County",https://www.landwatch.com/chickasaw-county-mississippi-farms-and-ranches-for-sale/pid/425401978,,,1.0,0.649,0.137,0.5,0.5
1293,0.4995,True,landwatch,426021655,TN,Wayne,351.0,1699900.0,4843.02,"Waynesboro, TN, 38485, Wayne County",https://www.landwatch.com/wayne-county-tennessee-farms-and-ranches-for-sale/pid/426021655,,,1.0,0.574,0.193,0.5,0.5
1294,0.4994,True,landwatch,424913805,OH,Lawrence,357.0,1750000.0,4901.96,"Chesapeake, OH, 45619, Lawrence County",https://www.landwatch.com/lawrence-county-ohio-farms-and-ranches-for-sale/pid/424913805,,,1.0,0.587,0.183,0.5,0.5
1295,0.4985,True,landwatch,425597000,KY,Hopkins,325.0,1500000.0,4615.38,"Nortonville, KY, 42442, Hopkins County",https://www.landwatch.com/hopkins-county-kentucky-farms-and-ranches-for-sale/pid/425597000,,,1.0,0.519,0.231,0.5,0.5
1296,0.4983,True,landwatch,424022176,KY,Lewis,385.0,2000000.0,5194.81,"Garrison, KY, 41141, Lewis County",https://www.landwatch.com/lewis-county-kentucky-homes-for-sale/pid/424022176,,,1.0,0.646,0.134,0.5,0.5
1297,0.4979,True,landwatch,425369497,AL,Chilton,200.0,999000.0,4995.0,"Maplesville, AL, 36750, Chilton County",https://www.landwatch.com/chilton-county-alabama-farms-and-ranches-for-sale/pid/425369497,,,1.0,0.6,0.167,0.5,0.5
1298,0.4979,True,landandfarm,40131740,MS,Pike,200.0,999000.0,4995.0,"Magnolia, MS, 39652",https://www.landandfarm.com/property/vacant-land-magnolia-ms-40131740/,,,1.0,0.6,0.167,0.5,0.5
1299,0.4978,True,landwatch,426222168,KS,Osborne,202.0,1021503.0,5056.95,"Downs, KS, 67437, Osborne County",https://www.landwatch.com/osborne-county-kansas-farms-and-ranches-for-sale/pid/426222168,,,1.0,0.613,0.157,0.5,0.5
1300,0.4977,True,landwatch,425507936,OK,Pawnee,575.0,2999500.0,5216.52,"Ralston, OK, 74650, Pawnee County",https://www.landwatch.com/pawnee-county-oklahoma-farms-and-ranches-for-sale/pid/425507936,,,1.0,0.649,0.131,0.5,0.5
1301,0.4976,True,landwatch,423632011,TN,Haywood,417.0,2300000.0,5515.59,"Stanton, TN, 38069, Haywood County",https://www.landwatch.com/haywood-county-tennessee-farms-and-ranches-for-sale/pid/423632011,,,1.0,0.715,0.081,0.5,0.5
1302,0.4976,True,landwatch,424842993,TN,Hawkins,588.0,2995000.0,5093.54,"Mooresburg, TN, 37811, Hawkins County",https://www.landwatch.com/hawkins-county-tennessee-recreational-property-for-sale/pid/424842993,,,1.0,0.621,0.151,0.5,0.5
1303,0.4976,True,landwatch,426226546,OK,Harmon,320.0,1600000.0,5000.0,"Hollis, OK, 73550, Harmon County",https://www.landwatch.com/harmon-county-oklahoma-farms-and-ranches-for-sale/pid/426226546,,,1.0,0.6,0.167,0.5,0.5
1304,0.4976,True,landwatch,426470665,MI,Mason,200.0,1000000.0,5000.0,"Custer, MI, 49405, Mason County",https://www.landwatch.com/mason-county-michigan-homes-for-sale/pid/426470665,,,1.0,0.6,0.167,0.5,0.5
1305,0.4976,True,landandfarm,40372096,OK,Seminole,200.0,1000000.0,5000.0,"Seminole, OK, 74868",https://www.landandfarm.com/property/200-acres-of-prime-hunting-on-the-highway-40372096/,,,1.0,0.6,0.167,0.5,0.5
1306,0.4972,True,landwatch,424381304,TN,Hawkins,588.0,3000000.0,5102.04,"Mooresburg, TN, 37811, Hawkins County",https://www.landwatch.com/hawkins-county-tennessee-recreational-property-for-sale/pid/424381304,,,1.0,0.621,0.15,0.5,0.5
1307,0.4971,True,landwatch,424305688,GA,Screven,435.0,2523000.0,5800.0,"Sylvania, GA, 30467, Screven County",https://www.landwatch.com/screven-county-georgia-farms-and-ranches-for-sale/pid/424305688,,,1.0,0.753,0.05,0.5,0.5
1308,0.497,True,landwatch,424104319,NE,Keith,593.0,3000000.0,5059.02,"Roscoe, NE 69153",https://www.landwatch.com/keith-county-nebraska-farms-and-ranches-for-sale/pid/424104319,,,1.0,0.61,0.157,0.5,0.5
1309,0.4962,True,landwatch,425722483,IL,Greene,216.0,1190000.0,5509.26,"Eldred, IL, 62027, Greene County",https://www.landwatch.com/greene-county-illinois-farms-and-ranches-for-sale/pid/425722483,,,1.0,0.707,0.082,0.5,0.5
1310,0.4962,True,landwatch,422820889,NY,Ontario,607.0,2999900.0,4942.17,"Naples, NY, 14512, Ontario County",https://www.landwatch.com/ontario-county-new-york-farms-and-ranches-for-sale/pid/422820889,,,1.0,0.58,0.176,0.5,0.5
1311,0.4954,True,landwatch,424735346,NE,Burt,308.0,1665414.0,5407.19,"Tekamah, NE, 68061, Burt County",https://www.landwatch.com/burt-county-nebraska-farms-and-ranches-for-sale/pid/424735346,,,1.0,0.68,0.099,0.5,0.5
1312,0.4953,True,landwatch,421722261,AR,Monroe,307.0,1669495.0,5438.09,"Monroe, AR, 72021, Monroe County",https://www.landwatch.com/monroe-county-arkansas-farms-and-ranches-for-sale/pid/421722261,,,1.0,0.687,0.094,0.5,0.5
1313,0.4952,True,landwatch,425172760,GA,Taylor,431.0,2585000.0,5997.68,"Rupert, GA, 31081, Taylor County",https://www.landwatch.com/taylor-county-georgia-recreational-property-for-sale/pid/425172760,,,1.0,0.744,0.05,0.5,0.5
1314,0.495,True,landwatch,425065020,MO,Texas,425.0,2400000.0,5647.06,"Graff, MO, 65660, Texas County",https://www.landwatch.com/texas-county-missouri-farms-and-ranches-for-sale/pid/425065020,,,1.0,0.732,0.059,0.5,0.5
1315,0.4948,True,landwatch,425747285,IL,Union,365.0,1852500.0,5075.34,"Jonesboro, IL, 62952, Union County",https://www.landwatch.com/union-county-illinois-farms-and-ranches-for-sale/pid/425747285,,,1.0,0.604,0.154,0.5,0.5
1316,0.4943,True,landwatch,422753168,MS,Attala,631.0,2997450.0,4750.32,"West, MS, 39192, Attala County",https://www.landwatch.com/attala-county-mississippi-recreational-property-for-sale/pid/422753168,,,1.0,0.529,0.208,0.5,0.5
1317,0.4939,True,landwatch,424717332,NE,Brown,633.0,3000000.0,4739.34,"Long Pine, NE 69217",https://www.landwatch.com/brown-county-nebraska-farms-and-ranches-for-sale/pid/424717332,,,1.0,0.525,0.21,0.5,0.5
1318,0.4939,True,landwatch,424863228,MO,Henry,428.0,2485000.0,5806.07,"Montrose, MO, 64770, Henry County",https://www.landwatch.com/henry-county-missouri-farms-and-ranches-for-sale/pid/424863228,,,1.0,0.738,0.05,0.5,0.5
1319,0.4938,True,landwatch,424472817,MO,Sullivan,214.0,1177000.0,5500.0,"Milan, MO, 63556, Sullivan County",https://www.landwatch.com/sullivan-county-missouri-farms-and-ranches-for-sale/pid/424472817,,,1.0,0.693,0.083,0.5,0.5
1320,0.4935,True,landwatch,425299498,NY,Columbia,367.0,1880000.0,5122.62,"Canaan, NY, 12029, Columbia County",https://www.landwatch.com/columbia-county-new-york-lakefront-property-for-sale/pid/425299498,,,1.0,0.608,0.146,0.5,0.5
1321,0.4934,True,landwatch,420208408,MO,Douglas,427.0,2550000.0,5971.9,"Ava, MO, 65608, Douglas County",https://www.landwatch.com/douglas-county-missouri-farms-and-ranches-for-sale/pid/420208408,,,1.0,0.736,0.05,0.5,0.5
1322,0.4932,True,landsearch,5003229,SD,Mellette,640.0,3000000.0,4687.5,"Winner, SD 57580",https://www.landsearch.com/properties/291st-ave-winner-sd-57580/5003229,,,1.0,0.51,0.219,0.5,0.5
1323,0.4929,True,landwatch,425461070,IA,Davis,300.0,1800000.0,6000.0,"Bloomfield, IA, 52537, Davis County",https://www.landwatch.com/davis-county-iowa-farms-and-ranches-for-sale/pid/425461070,,,1.0,0.733,0.05,0.5,0.5
1324,0.4928,True,landwatch,423920810,AR,Crawford,380.0,2000000.0,5263.16,"Mulberry, AR, 72947, Crawford County",https://www.landwatch.com/crawford-county-arkansas-timberland-property-for-sale/pid/423920810,,,1.0,0.636,0.123,0.5,0.5
1325,0.4927,True,landwatch,423862599,MO,Ripley,207.0,1100000.0,5314.01,"Doniphan, MO, 63935, Ripley County",https://www.landwatch.com/ripley-county-missouri-hunting-property-for-sale/pid/423862599,,,1.0,0.647,0.114,0.5,0.5
1326,0.4918,True,landsearch,4761702,OK,McCurtain,378.0,1990000.0,5264.55,"Garvin, OK 74736",https://www.landsearch.com/properties/snows-arena-rd-garvin-ok-74736/4761702,,,1.0,0.632,0.123,0.5,0.5
1327,0.4912,True,landwatch,426270151,MS,Pearl River,354.0,1786266.0,5045.95,"Poplarville, MS, 39470, Pearl River County",https://www.landwatch.com/pearl-river-county-mississippi-recreational-property-for-sale/pid/426270151,,,1.0,0.58,0.159,0.5,0.5
1328,0.4909,True,landwatch,422023703,GA,Camden,380.0,2015000.0,5302.63,"White Oak, GA, 31568, Camden County",https://www.landwatch.com/camden-county-georgia-recreational-property-for-sale/pid/422023703,,,1.0,0.636,0.116,0.5,0.5
1329,0.4907,True,landwatch,423929442,WI,Rusk,421.0,2500000.0,5938.24,"Glen Flora, WI, 54526, Rusk County",https://www.landwatch.com/rusk-county-wisconsin-homes-for-sale/pid/423929442,,,1.0,0.723,0.05,0.5,0.5
1330,0.49,True,landwatch,426631419,KS,Pawnee,302.0,1750000.0,5794.7,"Larned, KS, 67550, Pawnee County",https://www.landwatch.com/pawnee-county-kansas-farms-and-ranches-for-sale/pid/426631419,,,1.0,0.72,0.05,0.5,0.5
1331,0.4886,True,landwatch,425613519,AR,White,303.0,1790526.0,5909.33,"Griffithville, AR, 72060, White County",https://www.landwatch.com/white-county-arkansas-recreational-property-for-sale/pid/425613519,,,1.0,0.713,0.05,0.5,0.5
1332,0.4874,True,landwatch,421930117,VA,Wythe,328.0,1599900.0,4877.74,"Rural Retreat, VA, 24368, Wythe County",https://www.landwatch.com/wythe-county-virginia-undeveloped-land-for-sale/pid/421930117,,,1.0,0.525,0.187,0.5,0.5
1333,0.4872,True,landwatch,426307206,IA,Monona,398.0,2210000.0,5552.76,"Castana, IA, 51010, Monona County",https://www.landwatch.com/monona-county-iowa-farms-and-ranches-for-sale/pid/426307206,,,1.0,0.674,0.075,0.5,0.5
1334,0.4871,True,landwatch,425364267,PA,Bradford,216.0,1250000.0,5787.04,"Granville Summit, PA, 16926, Bradford County",https://www.landwatch.com/bradford-county-pennsylvania-farms-and-ranches-for-sale/pid/425364267,,,1.0,0.707,0.05,0.5,0.5
1335,0.4871,True,landandfarm,37899129,MO,Atchison,216.0,1275000.0,5902.78,"Rock Port, MO, 64482",https://www.landandfarm.com/property/northwest-missouri-home-and-hunting-paradise-37899129/,,,1.0,0.707,0.05,0.5,0.5
1336,0.4857,True,landwatch,426426400,MO,Randolph,215.0,1250000.0,5813.95,"Darksville, MO, 65259, Randolph County",https://www.landwatch.com/randolph-county-missouri-farms-and-ranches-for-sale/pid/426426400,,,1.0,0.7,0.05,0.5,0.5
1337,0.4857,True,landwatch,426217396,IA,Mahaska,215.0,1236250.0,5750.0,"Rose Hill, IA, 52586, Mahaska County",https://www.landwatch.com/mahaska-county-iowa-farms-and-ranches-for-sale/pid/426217396,,,1.0,0.7,0.05,0.5,0.5
1338,0.4857,True,landwatch,425538637,AL,Chilton,215.0,1275250.0,5931.4,"Clanton, AL, 35046, Chilton County",https://www.landwatch.com/chilton-county-alabama-farms-and-ranches-for-sale/pid/425538637,,,1.0,0.7,0.05,0.5,0.5
1339,0.4857,True,landwatch,421265897,OK,Jefferson,200.0,1050000.0,5250.0,"Ringling, OK, 73456, Jefferson County",https://www.landwatch.com/jefferson-county-oklahoma-farms-and-ranches-for-sale/pid/421265897,,,1.0,0.6,0.125,0.5,0.5
1340,0.4847,True,landwatch,425764134,VA,Caroline,335.0,1675500.0,5001.49,"Milford, VA, 22514, Caroline County",https://www.landwatch.com/caroline-county-virginia-recreational-property-for-sale/pid/425764134,,,1.0,0.54,0.166,0.5,0.5
1341,0.4843,True,landwatch,425529378,WI,Douglas,214.0,1235000.0,5771.03,"Gordon, WI, 54838, Douglas County",https://www.landwatch.com/douglas-county-wisconsin-commercial-property-for-sale/pid/425529378,,,1.0,0.693,0.05,0.5,0.5
1342,0.4838,True,landwatch,425196364,MO,Schuyler,406.0,2354800.0,5800.0,"Queen City, MO, 63561, Schuyler County",https://www.landwatch.com/schuyler-county-missouri-farms-and-ranches-for-sale/pid/425196364,,,1.0,0.691,0.05,0.5,0.5
1343,0.4833,True,landwatch,426046164,MS,Quitman,344.0,1760000.0,5116.28,"Marks, MS, 38646, Quitman County",https://www.landwatch.com/quitman-county-mississippi-farms-and-ranches-for-sale/pid/426046164,,,1.0,0.559,0.147,0.5,0.5
1344,0.4826,True,landwatch,425884042,MS,Attala,324.0,1600000.0,4938.27,"West, MS, 39192, Attala County",https://www.landwatch.com/attala-county-mississippi-recreational-property-for-sale/pid/425884042,,,1.0,0.516,0.177,0.5,0.5
1345,0.4822,True,landwatch,425245416,ND,Pembina,316.0,1720000.0,5443.04,"Hamilton, ND, 58238, Pembina County",https://www.landwatch.com/pembina-county-north-dakota-farms-and-ranches-for-sale/pid/425245416,,,1.0,0.627,0.093,0.5,0.5
1346,0.482,True,landwatch,424353951,WI,Marathon,402.0,2375000.0,5907.96,"Athens, WI, 54411, Marathon County",https://www.landwatch.com/marathon-county-wisconsin-farms-and-ranches-for-sale/pid/424353951,,,1.0,0.683,0.05,0.5,0.5
1347,0.482,True,landwatch,425597622,KY,Muhlenberg,402.0,2406000.0,5985.07,"Greenville, KY, 42345, Muhlenberg County",https://www.landwatch.com/muhlenberg-county-kentucky-timberland-property-for-sale/pid/425597622,,,1.0,0.683,0.05,0.5,0.5
1348,0.482,True,landwatch,426279328,MN,Pine,203.0,1100000.0,5418.72,"Hinckley, MN, 55037, Pine County",https://www.landwatch.com/pine-county-minnesota-recreational-property-for-sale/pid/426279328,,,1.0,0.62,0.097,0.5,0.5
1349,0.4819,True,landsearch,5183989,NC,Northampton,344.0,1769866.0,5144.96,"Conway, NC 27820",https://www.landsearch.com/properties/1428-deberrys-mill-rd-conway-nc-27820/5183989,,,1.0,0.559,0.143,0.5,0.5
1350,0.4817,True,landwatch,423449753,AR,Chicot,206.0,1135800.0,5513.59,"Eudora, AR, 71640, Chicot County",https://www.landwatch.com/chicot-county-arkansas-farms-and-ranches-for-sale/pid/423449753,,,1.0,0.64,0.081,0.5,0.5
1351,0.4816,True,landwatch,425597120,MO,Wright,392.0,2200000.0,5612.24,"Falcon, MO, 65470, Wright County",https://www.landwatch.com/wright-county-missouri-farms-and-ranches-for-sale/pid/425597120,,,1.0,0.661,0.065,0.5,0.5
1352,0.4815,True,landwatch,426258294,AR,Prairie,380.0,2090000.0,5500.0,"Childers, AR, 72040, Prairie County",https://www.landwatch.com/prairie-county-arkansas-farms-and-ranches-for-sale/pid/426258294,,,1.0,0.636,0.083,0.5,0.5
1353,0.4806,True,landwatch,421752137,AR,Monroe,378.0,2079000.0,5500.0,"Monroe, AR, 72021, Monroe County",https://www.landwatch.com/monroe-county-arkansas-farms-and-ranches-for-sale/pid/421752137,,,1.0,0.632,0.083,0.5,0.5
1354,0.48,True,landwatch,425915692,IA,Wayne,211.0,1213250.0,5750.0,"Corydon, IA, 50060, Wayne County",https://www.landwatch.com/wayne-county-iowa-farms-and-ranches-for-sale/pid/425915692,,,1.0,0.673,0.05,0.5,0.5
1355,0.4795,True,landwatch,425944128,AR,Ashley,313.0,1750000.0,5591.05,"Montrose, AR, 71658, Ashley County",https://www.landwatch.com/ashley-county-arkansas-farms-and-ranches-for-sale/pid/425944128,,,1.0,0.647,0.068,0.5,0.5
1356,0.4789,True,landwatch,422322232,IN,Gibson,375.0,2065000.0,5506.67,"Oakland City, IN, 47660, Gibson County",https://www.landwatch.com/gibson-county-indiana-recreational-property-for-sale/pid/422322232,,,1.0,0.625,0.082,0.5,0.5
1357,0.4788,True,landsearch,5252893,KS,Harvey,395.0,2283340.0,5780.61,"Burrton, KS 67020",https://www.landsearch.com/properties/s-burmac-rd-burrton-ks-67020/5252893,,,1.0,0.668,0.05,0.5,0.5
1358,0.4786,True,landwatch,420685953,TN,Clay,310.0,1783900.0,5754.52,"Whitleyville, TN, 38588, Clay County",https://www.landwatch.com/clay-county-tennessee-farms-and-ranches-for-sale/pid/420685953,,,1.0,0.667,0.05,0.5,0.5
1359,0.4783,True,landwatch,426438067,AL,Lee,373.0,2051500.0,5500.0,"Yarbrough, AL, 36852, Lee County",https://www.landwatch.com/lee-county-alabama-recreational-property-for-sale/pid/426438067,,,1.0,0.621,0.083,0.5,0.5
1360,0.4781,True,landwatch,426431193,VA,Highland,366.0,1990000.0,5437.16,"Williamsville, VA, 24487, Highland County",https://www.landwatch.com/highland-county-virginia-farms-and-ranches-for-sale/pid/426431193,,,1.0,0.606,0.094,0.5,0.5
1361,0.4774,True,landwatch,425531663,GA,Twiggs,366.0,1995000.0,5450.82,"Cochran, GA, 31014, Twiggs County",https://www.landwatch.com/twiggs-county-georgia-recreational-property-for-sale/pid/425531663,,,1.0,0.606,0.092,0.5,0.5
1362,0.477,True,landwatch,423691060,KS,Pottawatomie,644.0,2897280.0,4498.88,"Manhattan, KS, 66502, Pottawatomie County",https://www.landwatch.com/pottawatomie-county-kansas-farms-and-ranches-for-sale/pid/423691060,,,1.0,0.392,0.25,0.5,0.5
1363,0.4761,True,landwatch,423556205,NE,Custer,389.0,2250000.0,5784.06,"Arnold, NE, 69120, Custer County",https://www.landwatch.com/custer-county-nebraska-farms-and-ranches-for-sale/pid/423556205,,,1.0,0.655,0.05,0.5,0.5
1364,0.476,True,landwatch,426467549,AR,White,368.0,2024000.0,5500.0,"Bradford, AR, 72020, White County",https://www.landwatch.com/white-county-arkansas-farms-and-ranches-for-sale/pid/426467549,,,1.0,0.61,0.083,0.5,0.5
1365,0.4757,True,landwatch,426308170,IA,Ringgold,208.0,1203500.0,5786.06,"Kellerton, IA, 50133, Ringgold County",https://www.landwatch.com/ringgold-county-iowa-farms-and-ranches-for-sale/pid/426308170,,,1.0,0.653,0.05,0.5,0.5
1366,0.4753,True,landwatch,426188185,OH,Scioto,320.0,1750000.0,5468.75,"Rarden, OH, 45671, Scioto County",https://www.landwatch.com/scioto-county-ohio-recreational-property-for-sale/pid/426188185,,,1.0,0.6,0.089,0.5,0.5
1367,0.475,True,landsearch,5197759,GA,Early,345.0,1828500.0,5300.0,"Blakely, GA 39813",https://www.landsearch.com/properties/rockmine-rd-blakely-ga-39813/5197759,,,1.0,0.561,0.117,0.5,0.5
1368,0.4744,True,landwatch,426430301,OH,Morgan,375.0,2100000.0,5600.0,"Beverly, OH, 45715, Morgan County",https://www.landwatch.com/morgan-county-ohio-recreational-property-for-sale/pid/426430301,,,1.0,0.625,0.067,0.5,0.5
1369,0.4744,True,landwatch,426209203,NE,Thurston,378.0,2128000.0,5629.63,"Winnebago, NE, 68071, Thurston County",https://www.landwatch.com/thurston-county-nebraska-recreational-property-for-sale/pid/426209203,,,1.0,0.632,0.062,0.5,0.5
1370,0.4743,True,landwatch,425872108,MO,Dallas,313.0,1850000.0,5910.54,"Long Lane, MO, 65590, Dallas County",https://www.landwatch.com/dallas-county-missouri-farms-and-ranches-for-sale/pid/425872108,,,1.0,0.647,0.05,0.5,0.5
1371,0.4742,True,landwatch,424666067,KY,Casey,341.0,1800000.0,5278.59,"Liberty, KY, 42539, Casey County",https://www.landwatch.com/casey-county-kentucky-farms-and-ranches-for-sale/pid/424666067,,,1.0,0.553,0.12,0.5,0.5
1372,0.4741,True,landwatch,424380776,GA,Lanier,323.0,1650000.0,5108.36,"Naylor, GA, 31641, Lanier County",https://www.landwatch.com/lanier-county-georgia-farms-and-ranches-for-sale/pid/424380776,,,1.0,0.514,0.149,0.5,0.5
1373,0.4726,True,landwatch,426552297,PA,Bedford,203.0,1140000.0,5615.76,"Buffalo Mills, PA, 15534, Bedford County",https://www.landwatch.com/bedford-county-pennsylvania-farms-and-ranches-for-sale/pid/426552297,,,1.0,0.62,0.064,0.5,0.5
1374,0.4717,True,landsearch,5184734,GA,Worth,333.0,1750000.0,5255.26,"Oakfield, GA 31772",https://www.landsearch.com/properties/oakfield-ga-31772/5184734,,,1.0,0.536,0.124,0.5,0.5
1375,0.4714,True,landandfarm,41218576,MO,Phelps,205.0,1225250.0,5976.83,"Edgar Springs, MO, 65462",https://www.landandfarm.com/property/hidden-ridge-retreat-41218576/,,,1.0,0.633,0.05,0.5,0.5
1376,0.4701,True,landwatch,423287816,MS,Humphreys,376.0,2180800.0,5800.0,"Isola, MS, 38754, Humphreys County",https://www.landwatch.com/humphreys-county-mississippi-farms-and-ranches-for-sale/pid/423287816,,,1.0,0.627,0.05,0.5,0.5
1377,0.47,True,landwatch,425815529,MN,Saint Louis,204.0,1199900.0,5881.86,"Brookston, MN, 55736, Saint Louis County",https://www.landwatch.com/saint-louis-county-minnesota-undeveloped-land-for-sale/pid/425815529,,,1.0,0.627,0.05,0.5,0.5
1378,0.4697,True,landwatch,425906239,AR,Woodruff,375.0,2250000.0,6000.0,"Augusta, AR, 72006, Woodruff County",https://www.landwatch.com/woodruff-county-arkansas-farms-and-ranches-for-sale/pid/425906239,,,1.0,0.625,0.05,0.5,0.5
1379,0.4697,True,landwatch,422366204,KY,Morgan,375.0,2250000.0,6000.0,"Wellington, KY, 40387, Morgan County",https://www.landwatch.com/morgan-county-kentucky-farms-and-ranches-for-sale/pid/422366204,,,1.0,0.625,0.05,0.5,0.5
1380,0.4671,True,landwatch,426212492,IA,Taylor,318.0,1899950.0,5974.69,"Athelstan, IA, 50836, Taylor County",https://www.landwatch.com/taylor-county-iowa-farms-and-ranches-for-sale/pid/426212492,,,1.0,0.613,0.05,0.5,0.5
1381,0.4671,True,landwatch,420088416,NY,Tioga,318.0,1900000.0,5974.84,"Candor, NY, 13743, Tioga County",https://www.landwatch.com/tioga-county-new-york-recreational-property-for-sale/pid/420088416,,,1.0,0.613,0.05,0.5,0.5
1382,0.467,True,landwatch,423288236,IL,Gallatin,335.0,1800000.0,5373.13,"Equality, IL, 62934, Gallatin County",https://www.landwatch.com/gallatin-county-illinois-recreational-property-for-sale/pid/423288236,,,1.0,0.54,0.104,0.5,0.5
1383,0.4657,True,landsearch,5213447,MO,Barton,201.0,1203600.0,5988.06,"Sheldon, MO 64784",https://www.landsearch.com/properties/49-nw-100th-rd-sheldon-mo-64784/5213447,,,1.0,0.607,0.05,0.5,0.5
1384,0.4657,True,landwatch,424113181,AR,Madison,201.0,1159000.0,5766.17,"Saint Paul, AR, 72760, Madison County",https://www.landwatch.com/madison-county-arkansas-farms-and-ranches-for-sale/pid/424113181,,,1.0,0.607,0.05,0.5,0.5
1385,0.4643,True,landwatch,426588759,GA,Mcintosh,320.0,1920000.0,6000.0,"Townsend, GA, 31331, McIntosh County",https://www.landwatch.com/mcintosh-county-georgia-farms-and-ranches-for-sale/pid/426588759,,,1.0,0.6,0.05,0.5,0.5
1386,0.4643,True,landwatch,426629026,SD,Jerauld,320.0,1850000.0,5781.25,"Wessington Springs, SD, 57382, Jerauld County",https://www.landwatch.com/jerauld-county-south-dakota-farms-and-ranches-for-sale/pid/426629026,,,1.0,0.6,0.05,0.5,0.5
1387,0.4633,True,landwatch,425821882,KY,Calloway,332.0,1800000.0,5421.69,"New Concord, KY, 42076, Calloway County",https://www.landwatch.com/calloway-county-kentucky-farms-and-ranches-for-sale/pid/425821882,,,1.0,0.533,0.096,0.5,0.5
1388,0.4607,True,landwatch,424985823,PA,Jefferson,340.0,1888000.0,5552.94,"Summerville, PA, 15864, Jefferson County",https://www.landwatch.com/jefferson-county-pennsylvania-timberland-property-for-sale/pid/424985823,,,1.0,0.551,0.075,0.5,0.5
1389,0.4586,True,landwatch,424167223,GA,Early,330.0,1815000.0,5500.0,"Damascus, GA, 39841, Early County",https://www.landwatch.com/early-county-georgia-farms-and-ranches-for-sale/pid/424167223,,,1.0,0.529,0.083,0.5,0.5
1390,0.4537,True,landwatch,419698322,AR,Madison,340.0,2040000.0,6000.0,"Huntsville, AR, 72740, Madison County",https://www.landwatch.com/madison-county-arkansas-undeveloped-land-for-sale/pid/419698322,,,1.0,0.551,0.05,0.5,0.5
1391,0.4498,True,landwatch,425844132,MO,Gentry,327.0,1850000.0,5657.49,"Martinsville, MO, 64467, Gentry County",https://www.landwatch.com/gentry-county-missouri-recreational-property-for-sale/pid/425844132,,,1.0,0.523,0.057,0.5,0.5
1392,0.4482,True,landwatch,424005501,IA,Taylor,328.0,1949500.0,5943.6,"Bedford, IA, 50833, Taylor County",https://www.landwatch.com/taylor-county-iowa-recreational-property-for-sale/pid/424005501,,,1.0,0.525,0.05,0.5,0.5
1393,0.4464,True,landwatch,426068503,IA,Marion,324.0,1875000.0,5787.04,"Knoxville, IA, 50138, Marion County",https://www.landwatch.com/marion-county-iowa-undeveloped-land-for-sale/pid/426068503,,,1.0,0.516,0.05,0.5,0.5
1394,0.4459,True,landwatch,423968595,MS,Jones,323.0,1900000.0,5882.35,"Ellisville, MS, 39437, Jones County",https://www.landwatch.com/jones-county-mississippi-recreational-property-for-sale/pid/423968595,,,1.0,0.514,0.05,0.5,0.5
